betId,date,gameId,game,ticker,eventTicker,marketFamily,market,period,side,line,subjectType,subjectName,source,entryTimestamp,modelVersion,joinMethod,entryPricePct,entryAmerican,entryBidPct,entryAskPct,entryMidPct,closingAskPct,closingMidPct,closingAmerican,closingTimestamp,clvAskPct,clvMidPct,clvCaptureStatus,closingLineUnavailableReason,modelProbPct,marketImpliedPctAtEntry,projectedEdgePct,expectedProfitPerDollar,confidenceTier,recommendationStatus,modelSupportStatus,stake,result,grossReturn,netProfit,roiPct,lineupConfirmationStatus,awayPitcher,homePitcher,bullpenState,park,weather,umpire,favoriteOrUnderdog,horizon,manualAnalysisNotes,reasonCodes,exactContractMetadata,dataQualityStatus,dataQualityFlags,trackingType,countsTowardBankroll,hypotheticalStake,hypotheticalNetProfit,hypotheticalRoiPct,realMoneyBlockReasons
2026-05-26-001,2026-05-26,,ATL @ BOS,,,game_total,Total,full_game,,,,,,2026-05-26T06:00:00Z,,legacy_fallback,50.739,-103,,,,,,,2026-05-26T06:00:00Z,,,,,62.0,,3.4,,High,LOSS,SUPPORTED,8.0,LOSS,0.0,-8.0,-100.0,,,,,,,,,full_game,Final 13 runs — blowout,,"{""betBook"": null, ""scheduledStartTime"": null, ""seriesTicker"": null}",DEGRADED,"[""NO_EXACT_OR_GAME_IDENTITY""]",REAL,True,,,,[]
2026-05-26-002,2026-05-26,,STL @ MIL,,,game_total,Total,full_game,,,,,,2026-05-26T06:00:00Z,,legacy_fallback,51.923,-108,,,,,,,2026-05-26T06:00:00Z,,,,,62.0,,3.1,,High,WIN,SUPPORTED,8.0,WIN,15.41,7.41,92.625,,,,,,,,,full_game,Final 6 runs,,"{""betBook"": null, ""scheduledStartTime"": null, ""seriesTicker"": null}",DEGRADED,"[""NO_EXACT_OR_GAME_IDENTITY""]",REAL,True,,,,[]
2026-05-26-003,2026-05-26,,MIN @ CWS,,,inning_result,F5 ML,F5,,,,,,,,legacy_fallback,54.545,-120,,,,,,,,,,,,63.0,,2.6,,Medium,WIN,SUPPORTED,5.0,WIN,9.17,4.17,83.4,,,,,,,,,F5,MIN won 5-3,,"{""betBook"": null, ""scheduledStartTime"": null, ""seriesTicker"": null}",DEGRADED,"[""NO_EXACT_OR_GAME_IDENTITY""]",REAL,True,,,,[]
2026-05-26-004,2026-05-26,,MIN @ CWS,,,game_result,ML,full_game,,,,,,2026-05-26T06:00:00Z,,legacy_fallback,52.607,-111,,,,,,,2026-05-26T06:00:00Z,,,,,60.0,,2.5,,Medium,WIN,SUPPORTED,5.0,WIN,9.5,4.5,90.0,,,,,,,,,full_game,MIN won 5-3,,"{""betBook"": null, ""scheduledStartTime"": null, ""seriesTicker"": null}",DEGRADED,"[""NO_EXACT_OR_GAME_IDENTITY""]",REAL,True,,,,[]
2026-05-26-005,2026-05-26,,AZ @ SF,,,game_result,ML,full_game,,,,,,2026-05-26T06:00:00Z,,legacy_fallback,49.261,103,,,,,,,2026-05-26T06:00:00Z,,,,,57.0,,2.3,,Medium,WIN,SUPPORTED,5.0,WIN,10.15,5.15,103.0,,,,,,,,,full_game,AZ won 7-5,,"{""betBook"": null, ""scheduledStartTime"": null, ""seriesTicker"": null}",DEGRADED,"[""NO_EXACT_OR_GAME_IDENTITY""]",REAL,True,,,,[]
2026-05-26-006,2026-05-26,,AZ @ SF,,,game_total,Total,full_game,,,,,,2026-05-26T06:00:00Z,,legacy_fallback,52.381,-110,,,,,,,2026-05-26T06:00:00Z,,,,,60.0,,2.3,,Medium,WIN,SUPPORTED,5.0,WIN,9.55,4.55,91.0,,,,,,,,,full_game,Final 12 runs,,"{""betBook"": null, ""scheduledStartTime"": null, ""seriesTicker"": null}",DEGRADED,"[""NO_EXACT_OR_GAME_IDENTITY""]",REAL,True,,,,[]
2026-05-26-007,2026-05-26,,COL @ LAD,,,winning_margin,Run Line,full_game,,,,,,2026-05-26T06:00:00Z,,legacy_fallback,56.522,-130,,,,,,,2026-05-26T06:00:00Z,,,,,64.0,,2.3,,Medium,WIN,SUPPORTED,4.0,WIN,7.08,3.08,77.0,,,,,,,,,full_game,LAD won 15-5,,"{""betBook"": null, ""scheduledStartTime"": null, ""seriesTicker"": null}",DEGRADED,"[""NO_EXACT_OR_GAME_IDENTITY""]",REAL,True,,,,[]
2026-05-26-008,2026-05-26,,COL @ LAD,,,game_total,Total,full_game,,,,,,2026-05-26T06:00:00Z,,legacy_fallback,52.153,-109,,,,,,,2026-05-26T06:00:00Z,,,,,60.0,,2.4,,Medium,WIN,SUPPORTED,5.0,WIN,9.59,4.59,91.8,,,,,,,,,full_game,Final 20 runs,,"{""betBook"": null, ""scheduledStartTime"": null, ""seriesTicker"": null}",DEGRADED,"[""NO_EXACT_OR_GAME_IDENTITY""]",REAL,True,,,,[]
2026-05-26-009,2026-05-26,,ATL @ BOS,,,inning_result,F5 ML,F5,,,,,,,,legacy_fallback,51.923,-108,,,,,,,,,,,,60.0,,2.5,,Medium,WIN,SUPPORTED,5.0,WIN,9.63,4.63,92.6,,,,,,,,,F5,"ATL won 7-6 — F5 assumed WIN, verify",,"{""betBook"": null, ""scheduledStartTime"": null, ""seriesTicker"": null}",DEGRADED,"[""NO_EXACT_OR_GAME_IDENTITY""]",REAL,True,,,,[]
2026-05-26-010,2026-05-26,,NYY @ KC,,,winning_margin,Run Line,full_game,,,,,,2026-05-26T06:00:00Z,,legacy_fallback,49.505,102,,,,,,,2026-05-26T06:00:00Z,,,,,56.0,,1.9,,Medium,WIN,SUPPORTED,4.0,WIN,8.08,4.08,102.0,,,,,,,,,full_game,NYY won 15-1,,"{""betBook"": null, ""scheduledStartTime"": null, ""seriesTicker"": null}",DEGRADED,"[""NO_EXACT_OR_GAME_IDENTITY""]",REAL,True,,,,[]
2026-05-26-011,2026-05-26,,STL @ MIL,,,game_result,ML,full_game,,,,,,2026-05-26T06:00:00Z,,legacy_fallback,66.887,-202,,,,,,,2026-05-26T06:00:00Z,,,,,72.0,,2.0,,Medium,WIN,SUPPORTED,4.0,WIN,5.98,1.98,49.5,,,,,,,,,full_game,MIL won 6-0,,"{""betBook"": null, ""scheduledStartTime"": null, ""seriesTicker"": null}",DEGRADED,"[""NO_EXACT_OR_GAME_IDENTITY""]",REAL,True,,,,[]
2026-05-26-012,2026-05-26,,NYY @ KC,,,game_total,Total,full_game,,,,,,2026-05-26T06:00:00Z,,legacy_fallback,49.505,102,,,,,,,2026-05-26T06:00:00Z,,,,,55.0,,1.7,,Paper,LOSS,SUPPORTED,3.0,LOSS,0.0,-3.0,-100.0,,,,,,,,,full_game,Final 16 runs — NYY blowout,,"{""betBook"": null, ""scheduledStartTime"": null, ""seriesTicker"": null}",DEGRADED,"[""NO_EXACT_OR_GAME_IDENTITY""]",REAL,True,,,,[]
2026-05-26-013,2026-05-26,,TB @ BAL,,,game_result,ML,full_game,,,,,,2026-05-26T06:00:00Z,,legacy_fallback,51.22,-105,,,,,,,2026-05-26T06:00:00Z,,,,,57.0,,2.0,,Medium,LOSS,SUPPORTED,4.0,LOSS,0.0,-4.0,-100.0,,,,,,,,,full_game,TB lost 1-6,,"{""betBook"": null, ""scheduledStartTime"": null, ""seriesTicker"": null}",DEGRADED,"[""NO_EXACT_OR_GAME_IDENTITY""]",REAL,True,,,,[]
2026-05-26-014,2026-05-26,,CIN @ NYM,,,inning_result,F5 ML,F5,,,,,,,,legacy_fallback,56.522,-130,,,,,,,,,,,,64.0,,2.3,,Medium,WIN,SUPPORTED,4.0,WIN,7.08,3.08,77.0,,,,,,,,,F5,CIN won 7-2,,"{""betBook"": null, ""scheduledStartTime"": null, ""seriesTicker"": null}",DEGRADED,"[""NO_EXACT_OR_GAME_IDENTITY""]",REAL,True,,,,[]
2026-05-26-015,2026-05-26,,CIN @ NYM,,,game_result,ML,full_game,,,,,,2026-05-26T06:00:00Z,,legacy_fallback,54.128,-118,,,,,,,2026-05-26T06:00:00Z,,,,,60.0,,2.0,,Medium,WIN,SUPPORTED,4.0,WIN,7.39,3.39,84.75,,,,,,,,,full_game,CIN won 7-2,,"{""betBook"": null, ""scheduledStartTime"": null, ""seriesTicker"": null}",DEGRADED,"[""NO_EXACT_OR_GAME_IDENTITY""]",REAL,True,,,,[]
2026-05-26-016,2026-05-26,,AZ @ SF,,,winning_margin,Run Line,full_game,,,,,,,,legacy_fallback,37.037,170,,,,,,,,,,,,44.0,,2.1,,Paper,WIN,SUPPORTED,3.0,WIN,8.1,5.1,170.0,,,,,,,,,full_game,"AZ won 7-5, covered -1.5",,"{""betBook"": null, ""scheduledStartTime"": null, ""seriesTicker"": null}",DEGRADED,"[""NO_EXACT_OR_GAME_IDENTITY""]",REAL,True,,,,[]
2026-05-26-017,2026-05-26,,COL @ LAD,,,game_result,ML,full_game,,,,,,2026-05-26T06:00:00Z,,legacy_fallback,69.136,-224,,,,,,,2026-05-26T06:00:00Z,,,,,75.0,,2.2,,Paper,WIN,SUPPORTED,1.0,WIN,1.45,0.45,45.0,,,,,,,,,full_game,LAD won 15-5,,"{""betBook"": null, ""scheduledStartTime"": null, ""seriesTicker"": null}",DEGRADED,"[""NO_EXACT_OR_GAME_IDENTITY""]",REAL,True,,,,[]
2026-05-26-018,2026-05-26,,NYY @ KC,,,game_result,ML,full_game,,,,,,2026-05-26T06:00:00Z,,legacy_fallback,65.87,-193,,,,,,,2026-05-26T06:00:00Z,,,,,72.0,,2.0,,Paper,WIN,SUPPORTED,1.0,WIN,1.52,0.52,52.0,,,,,,,,,full_game,NYY won 15-1,,"{""betBook"": null, ""scheduledStartTime"": null, ""seriesTicker"": null}",DEGRADED,"[""NO_EXACT_OR_GAME_IDENTITY""]",REAL,True,,,,[]
2026-05-26-019,2026-05-26,,ATL @ BOS,,,game_result,ML,full_game,,,,,,2026-05-26T06:00:00Z,,legacy_fallback,50.739,-103,,,,,,,2026-05-26T06:00:00Z,,,,,54.0,,1.4,,Paper,WIN,SUPPORTED,1.0,WIN,1.97,0.97,97.0,,,,,,,,,full_game,ATL won 7-6,,"{""betBook"": null, ""scheduledStartTime"": null, ""seriesTicker"": null}",DEGRADED,"[""NO_EXACT_OR_GAME_IDENTITY""]",REAL,True,,,,[]
2026-05-26-020,2026-05-26,,PHI @ SD,,,game_result,ML,full_game,,,,,,2026-05-26T06:00:00Z,,legacy_fallback,50.739,-103,,,,,,,2026-05-26T06:00:00Z,,,,,55.0,,1.6,,Paper,LOSS,SUPPORTED,1.0,LOSS,0.0,-1.0,-100.0,,,,,,,,,full_game,SD lost 3-4,,"{""betBook"": null, ""scheduledStartTime"": null, ""seriesTicker"": null}",DEGRADED,"[""NO_EXACT_OR_GAME_IDENTITY""]",REAL,True,,,,[]
2026-05-26-021,2026-05-26,,WAS @ CLE,,,game_total,Total,full_game,,,,,,,,legacy_fallback,53.271,-114,,,,,,,,,,,,57.0,,1.1,,Paper,LOSS,SUPPORTED,1.0,LOSS,0.0,-1.0,-100.0,,,,,,,,,full_game,Final 9 runs,,"{""betBook"": null, ""scheduledStartTime"": null, ""seriesTicker"": null}",DEGRADED,"[""NO_EXACT_OR_GAME_IDENTITY""]",REAL,True,,,,[]
2026-05-26-022,2026-05-26,,ATL @ BOS,,,first_inning_run,NRFI,F1,,,,,,,,legacy_fallback,58.333,-140,,,,,,,,,,,,,,2.9,,Paper,LOSS,SUPPORTED,1.0,LOSS,0.0,-1.0,-100.0,,,,,,,,,F1,BOS scored in bottom of 1st — YRFI. Settled via box score.,,"{""betBook"": null, ""scheduledStartTime"": null, ""seriesTicker"": null}",DEGRADED,"[""NO_EXACT_OR_GAME_IDENTITY""]",REAL,True,,,,[]
2026-05-26-023,2026-05-26,,MIN @ CWS,,,game_total,Total,full_game,,,,,,2026-05-26T06:00:00Z,,legacy_fallback,50.739,-103,,,,,,,2026-05-26T06:00:00Z,,,,,57.0,,1.9,,Paper,LOSS,SUPPORTED,3.0,LOSS,0.0,-3.0,-100.0,,,,,,,,,full_game,Final 8 runs,,"{""betBook"": null, ""scheduledStartTime"": null, ""seriesTicker"": null}",DEGRADED,"[""NO_EXACT_OR_GAME_IDENTITY""]",REAL,True,,,,[]
2026-05-27-001,2026-05-27,,MIA @ TOR,,,winning_margin,Run Line,full_game,,,,,,2026-05-27T06:00:00Z,,legacy_fallback,56.522,-130,,,,,,,2026-05-27T06:00:00Z,,,,,66.5,,3.3,,High,LOSS,SUPPORTED,6.0,LOSS,0.0,-6.0,-100.0,,,,,,,,,full_game,Gausman vs Perez — xERA gap 1.8,,"{""betBook"": null, ""scheduledStartTime"": null, ""seriesTicker"": null}",DEGRADED,"[""NO_EXACT_OR_GAME_IDENTITY""]",REAL,True,,,,[]
2026-05-27-002,2026-05-27,,MIA @ TOR,,,game_result,ML,full_game,,,,,,2026-05-27T06:00:00Z,,legacy_fallback,60.784,-155,,,,,,,2026-05-27T06:00:00Z,,,,,66.5,59.5,2.1,,Medium,WIN,SUPPORTED,5.0,WIN,8.23,3.23,64.6,,,,,,,,,full_game,,,"{""betBook"": null, ""scheduledStartTime"": null, ""seriesTicker"": null}",DEGRADED,"[""NO_EXACT_OR_GAME_IDENTITY""]",REAL,True,,,,[]
2026-05-27-003,2026-05-27,,WSH @ CLE,,,game_total,Total,full_game,,,,,,2026-05-27T06:00:00Z,,legacy_fallback,49.751,101,,,,,,,2026-05-27T06:00:00Z,,,,,57.0,,3.5,,High,WIN,SUPPORTED,7.0,WIN,14.07,7.07,101.0,,,,,,,,,full_game,Williams K% 30.3 — proj 7.1 vs line 7.5,,"{""betBook"": null, ""scheduledStartTime"": null, ""seriesTicker"": null}",DEGRADED,"[""NO_EXACT_OR_GAME_IDENTITY""]",REAL,True,,,,[]
2026-05-27-004,2026-05-27,,WSH @ CLE,,,game_result,ML,full_game,,,,,,2026-05-27T06:00:00Z,,legacy_fallback,38.168,162,,,,,,,2026-05-27T06:00:00Z,,,,,45.5,37.5,2.4,,Medium,LOSS,SUPPORTED,4.0,LOSS,0.0,-4.0,-100.0,,,,,,,,,full_game,WSH W4 streak underpriced on Kalshi,,"{""betBook"": null, ""scheduledStartTime"": null, ""seriesTicker"": null}",DEGRADED,"[""NO_EXACT_OR_GAME_IDENTITY""]",REAL,True,,,,[]
2026-05-27-005,2026-05-27,,PHI @ SD,,,game_result,ML,full_game,,,,,,2026-05-27T06:00:00Z,,legacy_fallback,41.841,139,,,,,,,2026-05-27T06:00:00Z,,,,,52.4,40.5,3.6,,High,LOSS,SUPPORTED,7.0,LOSS,0.0,-7.0,-100.0,,,,,,,,,full_game,Sanchez xERA 2.87 elite — market mispriced PHI,,"{""betBook"": null, ""scheduledStartTime"": null, ""seriesTicker"": null}",DEGRADED,"[""NO_EXACT_OR_GAME_IDENTITY""]",REAL,True,,,,[]
2026-05-27-006,2026-05-27,,PHI @ SD,,,game_total,Total,full_game,,,,,,2026-05-27T06:00:00Z,,legacy_fallback,49.02,104,,,,,,,2026-05-27T06:00:00Z,,,,,,,3.8,,High,WIN,SUPPORTED,7.0,WIN,14.28,7.28,104.0,,,,,,,,,full_game,Sanchez elite = Under Rule 17. Plus money.,,"{""betBook"": null, ""scheduledStartTime"": null, ""seriesTicker"": null}",DEGRADED,"[""NO_EXACT_OR_GAME_IDENTITY""]",REAL,True,,,,[]
2026-05-27-007,2026-05-27,,LAA @ DET,,,game_result,ML,full_game,,,,,,2026-05-27T06:00:00Z,,legacy_fallback,54.751,-121,,,,,,,2026-05-27T06:00:00Z,,,,,63.4,53.5,3.0,,High,WIN,SUPPORTED,6.0,WIN,10.96,4.96,82.667,,,,,,,,,full_game,Mize xERA 2.70 near-elite,,"{""betBook"": null, ""scheduledStartTime"": null, ""seriesTicker"": null}",DEGRADED,"[""NO_EXACT_OR_GAME_IDENTITY""]",REAL,True,,,,[]
2026-05-27-008,2026-05-27,,LAA @ DET,,,winning_margin,Run Line,full_game,,,,,,2026-05-27T06:00:00Z,,legacy_fallback,57.447,-135,,,,,,,2026-05-27T06:00:00Z,,,,,63.4,,3.0,,Medium,WIN,SUPPORTED,5.0,WIN,8.7,3.7,74.0,,,,,,,,,full_game,,,"{""betBook"": null, ""scheduledStartTime"": null, ""seriesTicker"": null}",DEGRADED,"[""NO_EXACT_OR_GAME_IDENTITY""]",REAL,True,,,,[]
2026-05-27-009,2026-05-27,,CHC @ PIT,,,game_result,ML,full_game,,,,,,2026-05-27T06:00:00Z,,legacy_fallback,52.83,-112,,,,,,,2026-05-27T06:00:00Z,,,,,63.9,51.5,3.7,,High,LOSS,SUPPORTED,6.0,LOSS,0.0,-6.0,-100.0,,,,,,,,,full_game,CHC L10 — significant streak signal,,"{""betBook"": null, ""scheduledStartTime"": null, ""seriesTicker"": null}",DEGRADED,"[""NO_EXACT_OR_GAME_IDENTITY""]",REAL,True,,,,[]
2026-05-27-010,2026-05-27,,CHC @ PIT,,,game_total,Total,full_game,,,,,,2026-05-27T06:00:00Z,,legacy_fallback,48.78,105,,,,,,,2026-05-27T06:00:00Z,,,,,,,3.2,,High,LOSS,SUPPORTED,6.0,LOSS,0.0,-6.0,-100.0,,,,,,,,,full_game,Plus money Under,,"{""betBook"": null, ""scheduledStartTime"": null, ""seriesTicker"": null}",DEGRADED,"[""NO_EXACT_OR_GAME_IDENTITY""]",REAL,True,,,,[]
2026-05-27-011,2026-05-27,,ATL @ BOS,,,game_result,ML,full_game,,,,,,2026-05-27T06:00:00Z,,legacy_fallback,53.271,-114,,,,,,,2026-05-27T06:00:00Z,,,,,69.0,52.5,5.0,,High,LOSS,SUPPORTED,8.0,LOSS,0.0,-8.0,-100.0,,,,,,,,,full_game,Largest edge on slate — 5.0%,,"{""betBook"": null, ""scheduledStartTime"": null, ""seriesTicker"": null}",DEGRADED,"[""NO_EXACT_OR_GAME_IDENTITY""]",REAL,True,,,,[]
2026-05-27-012,2026-05-27,,ATL @ BOS,,,inning_result,F5 ML,F5,,,,,,,,legacy_fallback,56.522,-130,,,,,,,,,,,,66.8,,2.5,,Medium,LOSS,SUPPORTED,5.0,LOSS,0.0,-5.0,-100.0,,,,,,,,,F5,F5 amplified xERA gap 1.7,,"{""betBook"": null, ""scheduledStartTime"": null, ""seriesTicker"": null}",DEGRADED,"[""NO_EXACT_OR_GAME_IDENTITY""]",REAL,True,,,,[]
2026-05-27-013,2026-05-27,,CIN @ NYM,,,game_result,ML,full_game,,,,,,2026-05-27T06:00:00Z,,legacy_fallback,53.488,-115,,,,,,,2026-05-27T06:00:00Z,,,,,59.6,52.5,2.1,,Medium,WIN,SUPPORTED,4.0,WIN,7.48,3.48,87.0,,,,,,,,,full_game,Brazoban opener flagged — NYM home edge,,"{""betBook"": null, ""scheduledStartTime"": null, ""seriesTicker"": null}",DEGRADED,"[""NO_EXACT_OR_GAME_IDENTITY""]",REAL,True,,,,[]
2026-05-27-014,2026-05-27,,CIN @ NYM,,,first_inning_run,YRFI,F1,,,,,,,,legacy_fallback,54.545,-120,,,,,,,,,,,,,,,,Medium,WIN,SUPPORTED,3.0,WIN,5.5,2.5,83.333,,,,,,,,,F1,Opener Rule 24 — default YRFI lean. Abbott BB% 10.5.,,"{""betBook"": null, ""scheduledStartTime"": null, ""seriesTicker"": null}",DEGRADED,"[""NO_EXACT_OR_GAME_IDENTITY""]",REAL,True,,,,[]
2026-05-27-015,2026-05-27,,MIN @ CWS,,,game_result,ML,full_game,,,,,,2026-05-27T06:00:00Z,,legacy_fallback,48.309,107,,,,,,,2026-05-27T06:00:00Z,,,,,52.4,45.5,2.1,,Medium,LOSS,SUPPORTED,4.0,LOSS,0.0,-4.0,-100.0,,,,,,,,,full_game,,,"{""betBook"": null, ""scheduledStartTime"": null, ""seriesTicker"": null}",DEGRADED,"[""NO_EXACT_OR_GAME_IDENTITY""]",REAL,True,,,,[]
2026-05-27-016,2026-05-27,,NYY @ KC,,,game_result,ML,full_game,,,,,,2026-05-27T06:00:00Z,,legacy_fallback,58.159,-139,,,,,,,2026-05-27T06:00:00Z,,,,,80.5,58.5,6.6,,High,WIN,SUPPORTED,8.0,WIN,13.76,5.76,72.0,,,,,,,,,full_game,Second largest edge — Cole vs Cameron,,"{""betBook"": null, ""scheduledStartTime"": null, ""seriesTicker"": null}",DEGRADED,"[""NO_EXACT_OR_GAME_IDENTITY""]",REAL,True,,,,[]
2026-05-27-017,2026-05-27,,NYY @ KC,,,winning_margin,Run Line,full_game,,,,,,2026-05-27T06:00:00Z,,legacy_fallback,61.538,-160,,,,,,,2026-05-27T06:00:00Z,,,,,80.5,,6.6,,High,WIN,SUPPORTED,6.0,WIN,9.75,3.75,62.5,,,,,,,,,full_game,,,"{""betBook"": null, ""scheduledStartTime"": null, ""seriesTicker"": null}",DEGRADED,"[""NO_EXACT_OR_GAME_IDENTITY""]",REAL,True,,,,[]
2026-05-27-018,2026-05-27,,NYY @ KC,,,first_inning_run,YRFI,F1,,,,,,,,legacy_fallback,53.488,-115,,,,,,,,,,,,,,,,Medium,LOSS,SUPPORTED,4.0,LOSS,0.0,-4.0,-100.0,,,,,,,,,F1,"Cole K% only 9.1 — contact pitcher, YRFI strong signal",,"{""betBook"": null, ""scheduledStartTime"": null, ""seriesTicker"": null}",DEGRADED,"[""NO_EXACT_OR_GAME_IDENTITY""]",REAL,True,,,,[]
2026-05-27-019,2026-05-27,,COL @ LAD,,,game_result,ML,full_game,,,,,,2026-05-27T06:00:00Z,,legacy_fallback,79.381,-385,,,,,,,2026-05-27T06:00:00Z,,,,,85.0,77.5,2.2,,Medium,WIN,SUPPORTED,4.0,WIN,5.04,1.04,26.0,,,,,,,,,full_game,Ohtani pitching. Conservative size due to juice.,,"{""betBook"": null, ""scheduledStartTime"": null, ""seriesTicker"": null}",DEGRADED,"[""NO_EXACT_OR_GAME_IDENTITY""]",REAL,True,,,,[]
2026-05-27-021,2026-05-27,,MIN @ CWS,,,game_total,Total,full_game,,,,,,2026-05-27T06:00:00Z,,legacy_fallback,49.751,101,,,,,,,2026-05-27T06:00:00Z,,,,,,,3.1,,High,WIN,SUPPORTED,6.0,WIN,12.06,6.06,101.0,,,,,,,,,full_game,Both bullpens vulnerable xFIP 4.51/4.57 — proj 8.8 vs line 8.5. Plus money Over.,,"{""betBook"": null, ""scheduledStartTime"": null, ""seriesTicker"": null}",DEGRADED,"[""NO_EXACT_OR_GAME_IDENTITY""]",REAL,True,,,,[]
2026-05-27-022,2026-05-27,,HOU @ TEX,,,winning_margin,Run Line,full_game,,,,,,2026-05-27T06:00:00Z,,legacy_fallback,42.553,135,,,,,,,2026-05-27T06:00:00Z,,,,,48.1,,1.6,,Paper,LOSS,SUPPORTED,1.0,LOSS,0.0,-1.0,-100.0,,,,,,,,,full_game,deGrom xERA 3.86 + HOU bullpen ERA 5.16 vulnerable. Paper only.,,"{""betBook"": null, ""scheduledStartTime"": null, ""seriesTicker"": null}",DEGRADED,"[""NO_EXACT_OR_GAME_IDENTITY""]",REAL,True,,,,[]
2026-05-27-023,2026-05-27,,COL @ LAD,,,inning_result,F5 ML,F5,,,,,,2026-05-27T23:00:00Z,,legacy_fallback,78.723,-370,,,,,,,2026-05-27T23:00:00Z,,,,,85.0,,2.5,,Medium,WIN,SUPPORTED,5.0,WIN,6.35,1.35,27.0,,,,,,,,,F5,xERA gap 5.11 — largest on slate. Ohtani vs Sugano 7.51. F5 eliminates COL pen variance.,,"{""betBook"": null, ""scheduledStartTime"": null, ""seriesTicker"": null}",DEGRADED,"[""NO_EXACT_OR_GAME_IDENTITY""]",REAL,True,,,,[]
2026-05-27-024,2026-05-27,,COL @ LAD,,,game_total,Total,full_game,,,,,,2026-05-27T06:00:00Z,,legacy_fallback,53.917,-117,,,,,,,2026-05-27T06:00:00Z,,,,,,,2.0,,Medium,LOSS,SUPPORTED,4.0,LOSS,0.0,-4.0,-100.0,,,,,,,,,full_game,Replacing Under. LAD 5.35 R/G vs Sugano xERA 7.51. LAD alone can hit 7+. Under 020 removed.,,"{""betBook"": null, ""scheduledStartTime"": null, ""seriesTicker"": null}",DEGRADED,"[""NO_EXACT_OR_GAME_IDENTITY""]",REAL,True,,,,[]
2026-05-27-025,2026-05-27,,NYY @ KC,,,inning_result,F5 ML,F5,,,,,,,,legacy_fallback,68.254,-215,,,,,,,,,,,,73.9,,3.2,,High,WIN,SUPPORTED,5.0,WIN,7.33,2.33,46.6,,,,,,,,,F5,Cole xERA 2.53 vs Cameron 4.97 — dominant F5 advantage. Should have been logged initially.,,"{""betBook"": null, ""scheduledStartTime"": null, ""seriesTicker"": null}",DEGRADED,"[""NO_EXACT_OR_GAME_IDENTITY""]",REAL,True,,,,[]
2026-05-27-026,2026-05-27,,MIA @ TOR,,,inning_result,F5 ML,F5,,,,,,,,legacy_fallback,57.983,-138,,,,,,,,,,,,63.7,,2.1,,Medium,PUSH,SUPPORTED,4.0,PUSH,4.0,0.0,0.0,,,,,,,,,F5,Gausman vs Perez xERA gap 1.8 amplified. F5 eliminates MIA bullpen variance. Additive to existing TOR ML/RL.,,"{""betBook"": null, ""scheduledStartTime"": null, ""seriesTicker"": null}",DEGRADED,"[""NO_EXACT_OR_GAME_IDENTITY""]",REAL,True,,,,[]
2026-05-27-027,2026-05-27,,LAA @ DET,,,inning_result,F5 ML,F5,,,,,,,,legacy_fallback,56.897,-132,,,,,,,,,,,,60.1,,1.9,,Medium,WIN,SUPPORTED,4.0,WIN,7.03,3.03,75.75,,,,,,,,,F5,Mize xERA 2.70 vs Soriano 3.68. F5 eliminates LAA bullpen vulnerability. Additive to DET ML/RL.,,"{""betBook"": null, ""scheduledStartTime"": null, ""seriesTicker"": null}",DEGRADED,"[""NO_EXACT_OR_GAME_IDENTITY""]",REAL,True,,,,[]
2026-05-27-028,2026-05-27,,CHC @ PIT,,,winning_margin,Run Line,full_game,,,,,,2026-05-27T06:00:00Z,,legacy_fallback,35.971,178,,,,,,,2026-05-27T06:00:00Z,,,,,,,4.9,,High,LOSS,SUPPORTED,5.0,LOSS,0.0,-5.0,-100.0,,,,,,,,,full_game,CHC L10 streak. Taillon xERA 5.20. PIT 52.3% model cover vs 36% implied. 4.9% edge — biggest RL on slate. Should have been logged.,,"{""betBook"": null, ""scheduledStartTime"": null, ""seriesTicker"": null}",DEGRADED,"[""NO_EXACT_OR_GAME_IDENTITY""]",REAL,True,,,,[]
2026-05-27-029,2026-05-27,,ATL @ BOS,,,winning_margin,Run Line,full_game,,,,,,2026-05-27T06:00:00Z,,legacy_fallback,41.494,141,,,,,,,2026-05-27T06:00:00Z,,,,,,,4.5,,High,LOSS,SUPPORTED,5.0,LOSS,0.0,-5.0,-100.0,,,,,,,,,full_game,Elder xERA 2.98 vs Early 4.68. ATL 37-18 +103 runDiff. 56.6% model cover vs 41.5% implied. Strong edge.,,"{""betBook"": null, ""scheduledStartTime"": null, ""seriesTicker"": null}",DEGRADED,"[""NO_EXACT_OR_GAME_IDENTITY""]",REAL,True,,,,[]
2026-05-27-030,2026-05-27,,CHC @ PIT,,,inning_result,F5 ML,F5,,,,,,,,legacy_fallback,57.806,-137,,,,,,,,,,,,62.1,,2.0,,Medium,PUSH,SUPPORTED,4.0,PUSH,4.0,0.0,0.0,,,,,,,,,F5,CHC L10. PIT F5 62.1% model. Taillon xERA 5.20 especially bad in early innings. Chandler BB% concern only post-F5.,,"{""betBook"": null, ""scheduledStartTime"": null, ""seriesTicker"": null}",DEGRADED,"[""NO_EXACT_OR_GAME_IDENTITY""]",REAL,True,,,,[]
2026-05-27-031,2026-05-27,,PHI @ SD,,,first_inning_run,NRFI,F1,,,,,,,,legacy_fallback,57.806,-137,,,,,,,,,,,,67.0,,1.5,,Paper,WIN,SUPPORTED,1.0,WIN,1.73,0.73,73.0,,,,,,,,,F1,Slate 100% NRFI lean. Sanchez xERA 2.87 elite but Buehler 4.65 not. Rule 2 flag — NRFI requires elite on BOTH sides. Paper only for data.,,"{""betBook"": null, ""scheduledStartTime"": null, ""seriesTicker"": null}",DEGRADED,"[""NO_EXACT_OR_GAME_IDENTITY""]",REAL,True,,,,[]
2026-05-27-032,2026-05-27,,TB @ BAL,,,team_total,Team Total,full_game,,,,,,,,legacy_fallback,52.381,-110,,,,,,,,,,,,,,1.8,,Paper,SETTLED,SUPPORTED,1.0,LOSS,0.0,-1.0,-100.0,,,,,,,,,full_game,"TB 34-18, 4.69 R/G. BAL bullpen ERA 4.73 vulnerable. BAL starter TBD = LOW conf. Paper only. Verify TT line before placing.",,"{""betBook"": null, ""scheduledStartTime"": null, ""seriesTicker"": null}",DEGRADED,"[""NO_EXACT_OR_GAME_IDENTITY""]",REAL,True,,,,[]
2026-05-27-033,2026-05-27,,LAA @ DET,,,team_total,Team Total,full_game,,,,,,,,legacy_fallback,52.381,-110,,,,,,,,,,,,,,2.1,,Medium,SETTLED,SUPPORTED,3.0,WIN,5.73,2.73,91.0,,,,,,,,,full_game,"DET proj 4.0 runs. Soriano BB% 10.2% + LAA bullpen ERA 4.83 vulnerable. Verify DET TT line — if at 3.5 or below, strong edge.",,"{""betBook"": null, ""scheduledStartTime"": null, ""seriesTicker"": null}",DEGRADED,"[""NO_EXACT_OR_GAME_IDENTITY""]",REAL,True,,,,[]
2026-05-27-034,2026-05-27,,CHC @ PIT,,,team_total,Team Total,full_game,,,,,,,,legacy_fallback,52.381,-110,,,,,,,,,,,,,,3.0,,High,SETTLED,SUPPORTED,4.0,WIN,7.64,3.64,91.0,,,,,,,,,full_game,"PIT proj 4.5 runs vs Taillon xERA 5.20 / barrel 14.5%. PIT R/G 4.91, W3 streak. Verify TT line — edge depends on it being ≤4.0.",,"{""betBook"": null, ""scheduledStartTime"": null, ""seriesTicker"": null}",DEGRADED,"[""NO_EXACT_OR_GAME_IDENTITY""]",REAL,True,,,,[]
2026-05-27-035,2026-05-27,,CHC @ PIT,,,first_inning_run,YRFI,F1,,,,,,,,legacy_fallback,57.447,-135,,,,,,,,,,,,67.0,,2.2,,Medium,WIN,SUPPORTED,3.0,WIN,5.22,2.22,74.0,,,,,,,,,F1,Slate 67% YRFI. Chandler BB% 16% = early walk risk. Taillon xERA 5.20 = vulnerable early. Rule 7 satisfied by Chandler walk evidence.,,"{""betBook"": null, ""scheduledStartTime"": null, ""seriesTicker"": null}",DEGRADED,"[""NO_EXACT_OR_GAME_IDENTITY""]",REAL,True,,,,[]
2026-05-27-036,2026-05-27,,CIN @ NYM,,,team_total,Team Total,full_game,,,,,,,,legacy_fallback,52.381,-110,,,,,,,,,,,,,,1.6,,Paper,SETTLED,SUPPORTED,1.0,WIN,1.91,0.91,91.0,,,,,,,,,full_game,NYM proj 4.2 vs Abbott BB% 10.5%. BUT NYM L5 streak — cold offense flag (Rule 18). Paper only. Verify TT line.,,"{""betBook"": null, ""scheduledStartTime"": null, ""seriesTicker"": null}",DEGRADED,"[""NO_EXACT_OR_GAME_IDENTITY""]",REAL,True,,,,[]
2026-05-27-037,2026-05-27,,MIN @ CWS,,,team_total,Team Total,full_game,,,,,,,,legacy_fallback,52.381,-110,,,,,,,,,,,,,,2.0,,Medium,SETTLED,SUPPORTED,3.0,LOSS,0.0,-3.0,-100.0,,,,,,,,,full_game,MIN proj 4.5 runs. CWS bullpen xFIP 4.57 vulnerable. Martin xERA 3.55 decent but pen exposure in back half. Verify TT line.,,"{""betBook"": null, ""scheduledStartTime"": null, ""seriesTicker"": null}",DEGRADED,"[""NO_EXACT_OR_GAME_IDENTITY""]",REAL,True,,,,[]
2026-05-27-038,2026-05-27,,MIN @ CWS,,,team_total,Team Total,full_game,,,,,,,,legacy_fallback,52.381,-110,,,,,,,,,,,,,,1.8,,Paper,SETTLED,SUPPORTED,1.0,WIN,1.91,0.91,91.0,,,,,,,,,full_game,CWS proj 4.3. MIN bullpen xFIP 4.51 vulnerable. Prielipp BB% 9.8% = pitch count risk. Paper — CWS is home team with losing record.,,"{""betBook"": null, ""scheduledStartTime"": null, ""seriesTicker"": null}",DEGRADED,"[""NO_EXACT_OR_GAME_IDENTITY""]",REAL,True,,,,[]
2026-05-27-039,2026-05-27,,NYY @ KC,,,team_total,Team Total,full_game,,,,,,,,legacy_fallback,53.488,-115,,,,,,,,,,,,,,3.5,,High,SETTLED,SUPPORTED,5.0,WIN,9.35,4.35,87.0,,,,,,,,,full_game,"NYY proj 5.3 runs vs Cameron xERA 4.97 + KC bullpen ERA 4.39. NYY 4.96 R/G, W3 streak. Verify TT line — if at 4.5 or below, near-lock.",,"{""betBook"": null, ""scheduledStartTime"": null, ""seriesTicker"": null}",DEGRADED,"[""NO_EXACT_OR_GAME_IDENTITY""]",REAL,True,,,,[]
2026-05-27-040,2026-05-27,,NYY @ KC,,,team_total,Team Total,full_game,,,,,,,,legacy_fallback,52.381,-110,,,,,,,,,,,,,,3.2,,High,SETTLED,SUPPORTED,4.0,WIN,7.64,3.64,91.0,,,,,,,,,full_game,"KC proj 3.7 vs Cole xERA 2.53 + NYY bullpen ERA 3.19 elite. Verify KC TT line — if at 4.0+, strong edge. Pairs with NYY ML/RL/F5.",,"{""betBook"": null, ""scheduledStartTime"": null, ""seriesTicker"": null}",DEGRADED,"[""NO_EXACT_OR_GAME_IDENTITY""]",REAL,True,,,,[]
2026-05-27-041,2026-05-27,,HOU @ TEX,,,team_total,Team Total,full_game,,,,,,,,legacy_fallback,52.381,-110,,,,,,,,,,,,,,1.7,,Paper,SETTLED,SUPPORTED,1.0,LOSS,0.0,-1.0,-100.0,,,,,,,,,full_game,TEX proj 3.9 runs. Burrows xERA 4.17 + HOU bullpen ERA 5.16 VULNERABLE. Paper — TEX offense not elite. Verify TT line.,,"{""betBook"": null, ""scheduledStartTime"": null, ""seriesTicker"": null}",DEGRADED,"[""NO_EXACT_OR_GAME_IDENTITY""]",REAL,True,,,,[]
2026-05-27-042,2026-05-27,,COL @ LAD,,,winning_margin,Run Line,full_game,,,,,,2026-05-27T06:00:00Z,,legacy_fallback,61.832,-162,,,,,,,2026-05-27T06:00:00Z,,,,,69.7,,2.4,,Medium,WIN,SUPPORTED,4.0,WIN,6.47,2.47,61.75,,,,,,,,,full_game,"Model 69.7% cover vs 61.8% implied. Discussed in analysis, not logged. Ohtani xERA 2.40 + Sugano 7.51. LAD +117 run diff.",,"{""betBook"": null, ""scheduledStartTime"": null, ""seriesTicker"": null}",DEGRADED,"[""NO_EXACT_OR_GAME_IDENTITY""]",REAL,True,,,,[]
2026-05-27-043,2026-05-27,,COL @ LAD,,,team_total,Team Total,full_game,,,,,,,,legacy_fallback,56.522,-130,,,,,,,,,,,,,,3.0,,High,SETTLED,SUPPORTED,5.0,WIN,8.85,3.85,77.0,,,,,,,,,full_game,"LAD proj 4.8 runs vs Sugano xERA 7.51. LAD 5.35 R/G, scored 15 last night. Verify TT line — if at 4.5 or below, near-lock.",,"{""betBook"": null, ""scheduledStartTime"": null, ""seriesTicker"": null}",DEGRADED,"[""NO_EXACT_OR_GAME_IDENTITY""]",REAL,True,,,,[]
2026-05-27-044,2026-05-27,,COL @ LAD,,,team_total,Team Total,full_game,,,,,,,,legacy_fallback,53.488,-115,,,,,,,,,,,,,,2.8,,Medium,SETTLED,SUPPORTED,4.0,WIN,7.48,3.48,87.0,,,,,,,,,full_game,"COL proj 3.2 vs Ohtani xERA 2.40 / K% 28.4% + LAD bullpen ERA 3.15. Verify COL TT line — if at 3.5+, strong Under.",,"{""betBook"": null, ""scheduledStartTime"": null, ""seriesTicker"": null}",DEGRADED,"[""NO_EXACT_OR_GAME_IDENTITY""]",REAL,True,,,,[]
2026-05-28-001,2026-05-28,,ATL @ BOS,,,game_total,Total,full_game,,,,,,,,legacy_fallback,53.271,-114,,,,,,,,,,,,75.0,,21.7,,High,SETTLED,SUPPORTED,6.0,LOSS,0.0,-6.0,-100.0,,,,,,,,,full_game,"Sale true_xFIP=3.31 (recent4.07/season3.06), Tolle true_xFIP=2.56 (recent3.10/season2.20). Both starters elite K%. Under gate ALL PASS: Rule 35 clear (BOS 8 runs but both starters K/9>9 AND BB/9<3.0), Rule 31 no openers, Rule 22 not pick-em. ATL pen elite xFIP=3.36. Fenway park adj +0.3 applied. Proj 3.54 vs line 7.0.",,"{""betBook"": null, ""scheduledStartTime"": null, ""seriesTicker"": null}",DEGRADED,"[""NO_EXACT_OR_GAME_IDENTITY""]",REAL,True,,,,[]
2026-05-28-002,2026-05-28,,HOU @ TEX,,,game_total,Total,full_game,,,,,,2026-05-28T23:00:00Z,,legacy_fallback,48.309,107,,,,,,,2026-05-28T23:00:00Z,,,,,70.0,,21.7,,Medium,VOID,SUPPORTED,0.0,VOID,0.0,0.0,0.0,,,,,,,,,full_game,VOIDED pre-game: Corrected full-game projection with pen exposure ~7.5 runs eliminates Under edge. Earlier calculation had pen scalar error. Projection now near/above 7.0 line.,,"{""betBook"": null, ""scheduledStartTime"": null, ""seriesTicker"": null}",DEGRADED,"[""NO_EXACT_OR_GAME_IDENTITY""]",REAL,True,,,,[]
2026-05-28-003,2026-05-28,,CHC @ PIT,,,inning_result,F5 ML,F5,,,,,,,,legacy_fallback,56.897,-132,,,,,,,,,,,,66.5,,9.6,,High,SETTLED,SUPPORTED,8.0,LOSS,0.0,-8.0,-100.0,,,,,,,,,F5,F5 price confirmed -132 FD/DK. Rule 42 gate cleared. xERAGap=2.78 f5Amplified=TRUE (Rule 46 canonical). Skenes true_xFIP=2.446 vs Rea true_xFIP=4.82. Kelly: 9.6% x 0.24 = $8. Upgraded from Paper.,,"{""betBook"": null, ""scheduledStartTime"": null, ""seriesTicker"": null}",DEGRADED,"[""NO_EXACT_OR_GAME_IDENTITY""]",REAL,True,,,,[]
2026-05-28-004,2026-05-28,,LAA @ DET,,,inning_result,F5 ML,F5,,,,,,,,legacy_fallback,48.78,105,,,,,,,,,,,,72.2,,23.4,,Medium,SETTLED,SUPPORTED,5.0,LOSS,0.0,-5.0,-100.0,,,,,,,,,F5,F5 price confirmed +105. Rule 42 gate cleared. xERAGap=3.22 f5Amplified=TRUE. Rodriguez xFIP=null/2 starts limits full confidence despite massive edge — Medium cap. Flaherty true_xFIP=5.235 vs Rodriguez xERA=8.28. Upgraded from Paper.,,"{""betBook"": null, ""scheduledStartTime"": null, ""seriesTicker"": null}",DEGRADED,"[""NO_EXACT_OR_GAME_IDENTITY""]",REAL,True,,,,[]
2026-05-28-005,2026-05-28,,MIN @ CWS,,,game_result,ML,full_game,,,,,,,,legacy_fallback,43.29,131,,,,,,,,,,,,49.0,,6.6,,Paper,SETTLED,SUPPORTED,1.0,LOSS,0.0,-1.0,-100.0,,,,,,,,,full_game,Paper due to Rojas BB%=16.4% walk risk and only 2-start sample. Model ~49-50% vs VF 42.4% → edge exists but Kalshi divergence (CWS -143 market) requires investigation per Rule 37. CWS L15=2.87 regression signal but also just put up 15 runs. Under blocked Rule 35.,,"{""betBook"": null, ""scheduledStartTime"": null, ""seriesTicker"": null}",DEGRADED,"[""NO_EXACT_OR_GAME_IDENTITY""]",REAL,True,,,,[]
2026-05-28-006,2026-05-28,,TOR @ BAL,,,game_total,Total,full_game,,,,,,,,legacy_fallback,52.83,-112,,,,,,,,,,,,65.0,,12.2,,Medium,SETTLED,SUPPORTED,5.0,LOSS,0.0,-5.0,-100.0,,,,,,,,,full_game,"Corbin true_xFIP=5.038 (recent3.95/season5.40), Bassitt true_xFIP=5.13 (recent5.94/season4.86). Both low K rates (16.8%/15.3%) — contact pitchers. BAL pen xFIP=4.73 (bullpenVulnerable). Bassitt avgIP=4.09 means heavy pen exposure. Under BLOCKED Rule 35 (BAL 11 runs + Corbin K%<9). Over proj ~9.8-10.4 vs line 8.5.",,"{""betBook"": null, ""scheduledStartTime"": null, ""seriesTicker"": null}",DEGRADED,"[""NO_EXACT_OR_GAME_IDENTITY""]",REAL,True,,,,[]
2026-05-28-007,2026-05-28,,CHC @ PIT,,,game_total,Total,full_game,,,,,,,,legacy_fallback,49.751,101,,,,,,,,,,,,52.0,,2.5,,Paper,SETTLED,SUPPORTED,1.0,WIN,2.01,1.01,101.0,,,,,,,,,full_game,Proj ~8.0 vs line 7.5. Skenes (2.446) dominates CHC but Rea (4.82) gives up runs to PIT. Under BLOCKED Rule 35 (CHC 10 runs + Rea BB%>3.0). Edge marginal (+2.5%) — Paper only. PIT projects 4.9 runs off Rea.,,"{""betBook"": null, ""scheduledStartTime"": null, ""seriesTicker"": null}",DEGRADED,"[""NO_EXACT_OR_GAME_IDENTITY""]",REAL,True,,,,[]
2026-05-28-008,2026-05-28,,LAA @ DET,,,team_total,Team Total,full_game,,,,,,,,legacy_fallback,52.381,-110,,,,,,,,,,,,60.0,,7.6,,Medium,SETTLED,SUPPORTED,4.0,WIN,7.64,3.64,91.0,,,,,,,,,full_game,Flaherty true_xFIP=5.235 (recent5.76/season5.06). LAA bats vs one of the worst starters on the slate. LAA pen terrible (5.11) neutralizes any bullpen help. LAA wRC+=90 vs vulnerable arm. Line est 3.5 — need to confirm on DK.,,"{""betBook"": null, ""scheduledStartTime"": null, ""seriesTicker"": null}",DEGRADED,"[""NO_EXACT_OR_GAME_IDENTITY""]",REAL,True,,,,[]
2026-05-28-009,2026-05-28,,LAA @ DET,,,,K Prop,,,,,,,,,legacy_fallback,60.474,-153,,,,,,,,,,,,70.0,,9.5,,Medium,SETTLED,,4.0,WIN,6.61,2.61,65.25,,,,,,,,,,"Rule 19: BB%=13% HIGH WALK RISK. Walks steal K opportunities and drive pitch count up → early exit. K%=19.6% translates to ~7.9 K/9. avgIP=4.22 → only ~4.2 IP to get Ks. Line 5.5 needs ~1.3 K/IP which is difficult with that walk rate. 2-start sample flag but Rule 19 is model-level, not sample-dependent.",,"{""betBook"": null, ""scheduledStartTime"": null, ""seriesTicker"": null}",POOR,"[""NO_EXACT_OR_GAME_IDENTITY"", ""UNRECOGNIZED_MARKET_STRING""]",REAL,True,,,,[]
2026-05-28-010,2026-05-28,,MIN @ CWS,,,game_total,Total,full_game,,,,,,,,legacy_fallback,49.505,102,,,,,,,,,,,,52.0,,2.5,,Paper,SETTLED,SUPPORTED,1.0,PUSH,1.0,0.0,0.0,,,,,,,,,full_game,Paper only. Rojas BB%=16.4% → walks all game → baserunners → MIN vulnerable pen exposed. Both pens vulnerable (4.69/4.51). CWS bounceback after L15=2.87. Proj barely over 8.0 line. Too thin for real money but directionally correct.,,"{""betBook"": null, ""scheduledStartTime"": null, ""seriesTicker"": null}",DEGRADED,"[""NO_EXACT_OR_GAME_IDENTITY""]",REAL,True,,,,[]
2026-05-28-011,2026-05-28,,MIN @ CWS,,,first_inning_run,YRFI,F1,,,,,,,,legacy_fallback,56.522,-130,,,,,,,,,,,,62.0,,5.5,,Paper,SETTLED,SUPPORTED,1.0,WIN,1.77,0.77,77.0,,,,,,,,,F1,Rojas BB%=16.4% → high probability of walking leadoff or early batters in 1st inning → baserunners → YRFI. Rule 40: need both teams 1st-inning run rate confirmed. Paper only without full 4-factor composite.,,"{""betBook"": null, ""scheduledStartTime"": null, ""seriesTicker"": null}",DEGRADED,"[""NO_EXACT_OR_GAME_IDENTITY""]",REAL,True,,,,[]
2026-05-28-012,2026-05-28,,ATL @ BOS,,,game_result,ML,full_game,,,,,,,,legacy_fallback,57.082,-133,,,,,,,,,,,,58.0,,0.9,,Medium,SETTLED,SUPPORTED,4.0,WIN,7.01,3.01,75.25,,,,,,,,,full_game,"Sale real profile: 7-3, 1.89 ERA, 0.87 WHIP. L4 starts: 8,7,11,8 Ks. True_xFIP=3.31 understates him (recentFIP=4.07 = one bad game). ATL pen elite (3.36). BOS wRC+=86, L7=3.14. Edge marginal (+0.9%) but qualitative case is strong. Sizing at Medium $4 given low calc edge.",,"{""betBook"": null, ""scheduledStartTime"": null, ""seriesTicker"": null}",DEGRADED,"[""NO_EXACT_OR_GAME_IDENTITY""]",REAL,True,,,,[]
2026-05-28-013,2026-05-28,,ATL @ BOS,,,team_total,Team Total,full_game,,,,,,,,legacy_fallback,50.0,100,,,,,,,,,,,,58.0,,8.0,,Medium,VOID,SUPPORTED,0.0,VOID,0.0,0.0,0.0,,,,,,,,,full_game,VOIDED: Assumed line 3.5 — real line is 2.5. BOS proj 3.0-3.2 vs 2.5 line means OVER direction. Over 2.5 at -143 only +6.2% edge — insufficient at that juice. Skip entirely.,,"{""betBook"": null, ""scheduledStartTime"": null, ""seriesTicker"": null}",DEGRADED,"[""NO_EXACT_OR_GAME_IDENTITY""]",REAL,True,,,,[]
2026-05-28-014,2026-05-28,,ATL @ BOS,,,first_inning_run,NRFI,F1,,,,,,,,legacy_fallback,45.455,120,,,,,,,,,,,,55.0,,9.5,,Paper,SETTLED,SUPPORTED,1.0,WIN,2.2,1.2,120.0,,,,,,,,,F1,"Paper only — need 1st-inning xERA confirmed for both Sale and Tolle before upgrading. Total 7.0 <8.0 so Rule 34 gate passes. Both starters elite (3.31 / 2.56 xFIP). BOS scored 8 yesterday but Sale clears Rule 35 K threshold. If both 1st-inn xERA <3.00, upgrade to Medium.",,"{""betBook"": null, ""scheduledStartTime"": null, ""seriesTicker"": null}",DEGRADED,"[""NO_EXACT_OR_GAME_IDENTITY""]",REAL,True,,,,[]
2026-05-28-015,2026-05-28,,ATL @ BOS,,,,K Prop,,,,,,,,,legacy_fallback,,,,,,,,,,,,,,,,,,Paper,SETTLED,,0.0,PENDING,,,,,,,,,,,,,SUPERSEDED by bets 025 (Sale K Over 8 HIGH $4) and 026 (Sale K Over 7 Medium $3). Lines confirmed. Void this paper bet.,,"{""betBook"": null, ""scheduledStartTime"": null, ""seriesTicker"": null}",POOR,"[""NO_EXACT_OR_GAME_IDENTITY"", ""UNRECOGNIZED_MARKET_STRING"", ""MISSING_ENTRY_PRICE""]",REAL,True,,,,[]
2026-05-28-016,2026-05-28,,TOR @ BAL,,,game_result,ML,full_game,,,,,,,,legacy_fallback,46.729,114,,,,,,,,,,,,49.0,,2.3,,Medium,SETTLED,SUPPORTED,4.0,WIN,8.56,4.56,114.0,,,,,,,,,full_game,"Bassitt 5.51 ERA, declining profile, K%=15.3%. Corbin 2-1 3.86 ERA, recent improvement real (recentFIP=3.95). FD numberFire: TOR 56.5% win prob. Model ~49%, edge thin but plus money makes it worth logging. BAL -130 market may be overpriced given Bassitt struggles.",,"{""betBook"": null, ""scheduledStartTime"": null, ""seriesTicker"": null}",DEGRADED,"[""NO_EXACT_OR_GAME_IDENTITY""]",REAL,True,,,,[]
2026-05-28-017,2026-05-28,,TOR @ BAL,,,team_total,Team Total,full_game,,,,,,,,legacy_fallback,52.381,-110,,,,,,,,,,,,62.0,,9.6,,Medium,SETTLED,SUPPORTED,4.0,LOSS,0.0,-4.0,-100.0,,,,,,,,,full_game,Bassitt avgIP=4.09 → heavy BAL pen exposure. BAL pen xFIP=4.73 (Vulnerable). TOR wRC+=90 vs one of worst starter profiles on slate. TOR proj ~5.0 vs est line 4.0. Need DK TT line confirmed.,,"{""betBook"": null, ""scheduledStartTime"": null, ""seriesTicker"": null}",DEGRADED,"[""NO_EXACT_OR_GAME_IDENTITY""]",REAL,True,,,,[]
2026-05-28-018,2026-05-28,,TOR @ BAL,,,first_inning_run,YRFI,F1,,,,,,,,legacy_fallback,56.522,-130,,,,,,,,,,,,68.0,,11.5,,Medium,SETTLED,SUPPORTED,4.0,LOSS,0.0,-4.0,-100.0,,,,,,,,,F1,"Both starters K%<17% — pure contact pitchers. BAL offense scored 11 yesterday, W3 streak. TOR offense W2. High first-inning run probability. Need 1st-inning xERA from Savant for full Rule 40 composite — partial confirmation only. Medium sizing pending full 4-factor confirmation.",,"{""betBook"": null, ""scheduledStartTime"": null, ""seriesTicker"": null}",DEGRADED,"[""NO_EXACT_OR_GAME_IDENTITY""]",REAL,True,,,,[]
2026-05-28-019,2026-05-28,,TOR @ BAL,,,,Pitcher Prop,,,,,,,,,legacy_fallback,47.17,112,,,,,,,,,,,,56.0,,8.8,,Medium,SETTLED,,4.0,LOSS,0.0,-4.0,-100.0,,,,,,,,,,"Bassitt 5.51 ERA, K%=15.3%, avgIP=4.09. Gives up contact, leaves early. TOR wRC+=90 but his profile means runs come. ER O2.5 at +112 has strong model support. True probability ~56% vs implied 47.2%.",,"{""betBook"": null, ""scheduledStartTime"": null, ""seriesTicker"": null}",POOR,"[""NO_EXACT_OR_GAME_IDENTITY"", ""UNRECOGNIZED_MARKET_STRING""]",REAL,True,,,,[]
2026-05-28-020,2026-05-28,,CHC @ PIT,,,team_total,Team Total,full_game,,,,,,,,legacy_fallback,53.488,-115,,,,,,,,,,,,62.0,,8.5,,Medium,SETTLED,SUPPORTED,4.0,LOSS,0.0,-4.0,-100.0,,,,,,,,,full_game,"Rea true_xFIP=4.82 (recent3.71/season5.19), BB%=7.3%. PIT wRC+=109, L7=4.86. Home offense attacks walks and vulnerability. Tony's Picks consensus: PIT TT Over 4.5. CHC pen average (3.94) provides minimal relief. PIT proj ~4.9 runs.",,"{""betBook"": null, ""scheduledStartTime"": null, ""seriesTicker"": null}",DEGRADED,"[""NO_EXACT_OR_GAME_IDENTITY""]",REAL,True,,,,[]
2026-05-28-021,2026-05-28,,CHC @ PIT,,,team_total,Team Total,full_game,,,,,,,,legacy_fallback,53.488,-115,,,,,,,,,,,,65.0,,11.5,,Medium,SETTLED,SUPPORTED,4.0,WIN,7.48,3.48,87.0,,,,,,,,,full_game,"Even vs Skenes (2.446 xFIP), CHC wRC+=105 projects ~3.0-3.2 runs over full game. Skenes goes 5-6 IP, then CHC pen (average 3.94) takes over. CHC TT O2.5 at -115 — if anything Skenes makes pitching through lineup count tough but 9 innings is a long time. CHC will get to 3.",,"{""betBook"": null, ""scheduledStartTime"": null, ""seriesTicker"": null}",DEGRADED,"[""NO_EXACT_OR_GAME_IDENTITY""]",REAL,True,,,,[]
2026-05-28-022,2026-05-28,,CHC @ PIT,,,first_inning_run,NRFI,F1,,,,,,,,legacy_fallback,45.455,120,,,,,,,,,,,,55.0,,9.5,,Paper,SETTLED,SUPPORTED,1.0,WIN,2.2,1.2,120.0,,,,,,,,,F1,"Paper — need Rea 1st-inning xERA from Savant to complete Rule 40 4-factor. Skenes clearly sub-3.00. Total 7.5 <8.0, Rule 34 passes. If Rea 1st-inn xERA <4.00, upgrade to Medium.",,"{""betBook"": null, ""scheduledStartTime"": null, ""seriesTicker"": null}",DEGRADED,"[""NO_EXACT_OR_GAME_IDENTITY""]",REAL,True,,,,[]
2026-05-28-023,2026-05-28,,HOU @ TEX,,,team_total,Team Total,full_game,,,,,,,,legacy_fallback,54.751,-121,,,,,,,,,,,,58.0,,1.9,,Paper,SETTLED,SUPPORTED,1.0,LOSS,0.0,-1.0,-100.0,,,,,,,,,full_game,Downgraded Paper: real price -121 (est was -115). Edge drops to +1.9% — below Medium threshold. Directional lean still correct (TEX proj 4.0 vs line 3.5) but juice kills it at this margin.,,"{""betBook"": null, ""scheduledStartTime"": null, ""seriesTicker"": null}",DEGRADED,"[""NO_EXACT_OR_GAME_IDENTITY""]",REAL,True,,,,[]
2026-05-28-024,2026-05-28,,HOU @ TEX,,,,K Prop,,,,,,,,,legacy_fallback,60.938,-156,,,,,,,,,,,,72.0,,11.1,,Medium,SETTLED,,4.0,WIN,6.56,2.56,64.0,,,,,,,,,,"Eovaldi K%=23.8% but HOU wRC+=99 (league average, not a high-K opponent). ESPN projects 67% probability of Under hitting. K/9 ~8.6. Line 6.5 needs ~1.1 K/IP over ~5.2 IP. Regression flag on HOU offense cuts both ways — they may actually put more balls in play (not Ks) against solid Eovaldi. Rule 8 checklist: BB%=5.5% ✅ durable ✅.",,"{""betBook"": null, ""scheduledStartTime"": null, ""seriesTicker"": null}",POOR,"[""NO_EXACT_OR_GAME_IDENTITY"", ""UNRECOGNIZED_MARKET_STRING""]",REAL,True,,,,[]
2026-05-28-025,2026-05-28,,ATL @ BOS,,,,K Prop,,,,,,,,,legacy_fallback,48.78,105,,,,,,,,,,,,61.4,,12.6,,High,SETTLED,,4.0,WIN,8.2,4.2,105.0,,,,,,,,,,"Sale L4: 8,7,11,8 Ks (avg 8.5). K%=29.9%. BB%=5.8% clean. avgIP=5.8 durable. BOS wRC+=86, L7=3.14 — soft, weak lineup. Poisson(λ=8.5): P(K≥8)=61.4%. Market +105 implies 48.8%. Edge +12.6% at PLUS MONEY. Rule 8 checklist ALL PASS. High $4 per Rule 43 (12.6% × 0.24). Better value than Over 7 at -183.",,"{""betBook"": null, ""scheduledStartTime"": null, ""seriesTicker"": null}",POOR,"[""NO_EXACT_OR_GAME_IDENTITY"", ""UNRECOGNIZED_MARKET_STRING""]",REAL,True,,,,[]
2026-05-28-026,2026-05-28,,ATL @ BOS,,,,K Prop,,,,,,,,,legacy_fallback,64.664,-183,,,,,,,,,,,,72.0,,7.3,,Medium,SETTLED,,3.0,WIN,4.64,1.64,54.667,,,,,,,,,,Secondary to BET 025. Poisson(λ=8.5): P(K≥7)=72.0%. Market -183 implies 64.7%. Edge +7.3%. Medium $3 per Rule 43. Both bets confirm same direction — Sale exceeds 7 Ks. The +105 Over 8 is the primary value bet.,,"{""betBook"": null, ""scheduledStartTime"": null, ""seriesTicker"": null}",POOR,"[""NO_EXACT_OR_GAME_IDENTITY"", ""UNRECOGNIZED_MARKET_STRING""]",REAL,True,,,,[]
2026-05-29-001,2026-05-29,,NYY @ ATH,,,game_result,ML,full_game,,,,,,2026-05-29,,legacy_fallback,57.082,-133,,,,,,,2026-05-29,,,,,66.1,58.5,10.1,,High,SETTLED,SUPPORTED,7.0,WIN,12.26,5.26,75.143,,,,,,,,,full_game,"Severino recentFIP=4.99 decay, true_xFIP=4.42. Rodon IL returner true_xFIP=3.02 (Rule 23 — trust prior quality). ATH L7=2.0 R/G ice cold. Poisson: NYY=66.1% vs PinVF=56.0%. Kalshi=58.5% confirms direction. Kalshi gap=7.6% from model — within noise. starterXERA signal 1.75x multiplier active. betTimeLine=-133. | NYY 8-2 final",[],"{""betBook"": null, ""scheduledStartTime"": null, ""seriesTicker"": null}",DEGRADED,"[""NO_EXACT_OR_GAME_IDENTITY""]",REAL,True,,,,[]
2026-05-29-004,2026-05-29,,ATL @ CIN,,,game_result,ML,full_game,,,,,,2026-05-29T06:00:00Z,,legacy_fallback,56.332,-129,,,,,,,2026-05-29T06:00:00Z,,,,,58.7,56.5,3.5,,High,SETTLED,SUPPORTED,7.0,WIN,12.43,5.43,77.571,,,,,,,,,full_game,"ATL wRC+=117 bounceback (L7=3.83 vs sznRpG=5.25). Holmes true_xFIP=4.88 highWalk. CIN bullpen xFIP=4.39 average. ATL bullpen elite xFIP=3.37. GABP +0.35/team. Rule 5: ATL RL blocked, ML fine.",[],"{""betBook"": null, ""scheduledStartTime"": null, ""seriesTicker"": null}",DEGRADED,"[""NO_EXACT_OR_GAME_IDENTITY""]",REAL,True,,,,[]
2026-05-29-005,2026-05-29,,ATL @ CIN,,,inning_result,F5 ML,F5,,,,,,,,legacy_fallback,,,,,,,,,,,,,,62.4,56.5,7.2,,Paper,SETTLED,SUPPORTED,2.0,WIN,4.0,2.0,100.0,,,,,,,,,F5,ATL F5 model=62.4%. Holmes IP=5.09 dur=1.0. Paddack IP=4.49 dur=0.898. F5 price unconfirmed. Pull FD/DK and upgrade to High if price ≤-140. | ATL led F5 6-3 (Paper),"[""T1_F5_PRICE_UNCONFIRMED""]","{""betBook"": null, ""scheduledStartTime"": null, ""seriesTicker"": null}",POOR,"[""NO_EXACT_OR_GAME_IDENTITY"", ""MISSING_ENTRY_PRICE""]",REAL,True,,,,[]
2026-05-29-006,2026-05-29,,SD @ WSH,,,game_result,ML,full_game,,,,,,2026-05-29T06:00:00Z,,legacy_fallback,53.271,-114,,,,,,,2026-05-29T06:00:00Z,,,,,57.4,48.5,5.2,,High,SETTLED,SUPPORTED,7.0,LOSS,0.0,-7.0,-100.0,,,,,,,,,full_game,Schultz xFIP=3.05 vs Giolito xFIP=4.5. WSH wRC+=119 sznRpG=5.37. SD L15=2.85 ice cold. Kalshi=48.5% (SD YES) confirms WSH edge. WSH F5 blocked — Schultz 0 starts T1 gate.,[],"{""betBook"": null, ""scheduledStartTime"": null, ""seriesTicker"": null}",DEGRADED,"[""NO_EXACT_OR_GAME_IDENTITY""]",REAL,True,,,,[]
2026-05-29-007,2026-05-29,,MIN @ PIT,,,game_result,ML,full_game,,,,,,2026-05-29T06:00:00Z,,legacy_fallback,55.556,-125,,,,,,,2026-05-29T06:00:00Z,,,,,56.5,45.5,2.0,,Medium,SETTLED,SUPPORTED,5.0,WIN,9.0,4.0,80.0,,,,,,,,,full_game,Bradley true_xFIP=3.18 elite (recentFIP=1.70). Jones stats unavailable—using avg. PIT home wRC+=108. MIN L2 streak. Note: Kalshi=45.5% disagrees (PIT YES implied ~54.5% matches Pin). Direction consistent.,[],"{""betBook"": null, ""scheduledStartTime"": null, ""seriesTicker"": null}",DEGRADED,"[""NO_EXACT_OR_GAME_IDENTITY""]",REAL,True,,,,[]
2026-05-29-008,2026-05-29,,MIN @ PIT,,,game_total,Total,full_game,,,,,,2026-05-29T06:00:00Z,,legacy_fallback,50.98,-104,,,,,,,2026-05-29T06:00:00Z,,,,,59.3,45.5,8.3,,High,SETTLED,SUPPORTED,4.0,LOSS,0.0,-4.0,-100.0,,,,,,,,,full_game,Bradley true_xFIP=3.18 recentFIP=1.70. Jones unknown (avg assumption xFIP=4.5). Proj=8.0 on the number. Neither offense elite. No opener. P(Under 8)=59.3% vs implied=51.0%. Edge +8.3%. | Final 11 runs,[],"{""betBook"": null, ""scheduledStartTime"": null, ""seriesTicker"": null}",DEGRADED,"[""NO_EXACT_OR_GAME_IDENTITY""]",REAL,True,,,,[]
2026-05-29-009,2026-05-29,,BOS @ CLE,,,game_total,Total,full_game,,,,,,2026-05-29T06:00:00Z,,legacy_fallback,51.456,-106,,,,,,,2026-05-29T06:00:00Z,,,,,60.7,46.5,9.2,,High,SETTLED,SUPPORTED,4.0,WIN,7.77,3.77,94.25,,,,,,,,,full_game,"Cecconi xFIP=4.55 recentFIP=5.27 (worsening — fade signal). Samaniego debut xFIP=3.57. Both bullpens solid (3.89/3.71 xFIP). BOS wRC+=85, CLE wRC+=92. Proj=7.9. P(Under 8)=60.7% vs implied=51.5%. Neither elite. No T1 gates.",[],"{""betBook"": null, ""scheduledStartTime"": null, ""seriesTicker"": null}",DEGRADED,"[""NO_EXACT_OR_GAME_IDENTITY""]",REAL,True,,,,[]
2026-05-29-010,2026-05-29,,LAA @ TB,,,game_result,ML,full_game,,,,,,2026-05-29,,legacy_fallback,59.677,-148,,,,,,,2026-05-29,,,,,62.6,40.5,4.1,,High,SETTLED,SUPPORTED,7.0,WIN,11.73,4.73,67.571,,,,,,,,,full_game,Martinez true_xFIP=3.50 vs Urena true_xFIP=3.69. LAA bullpen=5.04 bullpenFatigued. TB L4 streak bounceback (L15=5.18 underlying strong). Kalshi=40.5% (LAA YES) confirms TB edge strongly.,[],"{""betBook"": null, ""scheduledStartTime"": null, ""seriesTicker"": null}",DEGRADED,"[""NO_EXACT_OR_GAME_IDENTITY""]",REAL,True,,,,[]
2026-05-29-011,2026-05-29,,LAA @ TB,,,game_total,Total,full_game,,,,,,2026-05-29T06:00:00Z,,legacy_fallback,52.83,-112,,,,,,,2026-05-29T06:00:00Z,,,,,56.5,40.5,3.7,,High,SETTLED,SUPPORTED,4.0,LOSS,0.0,-4.0,-100.0,,,,,,,,,full_game,Proj=8.2 slightly above line=8.0 but both pitchers solid. TB L7=2.8 cold. LAA wRC+=91 below avg. Note: TB ML and Under 8 are compatible (TB wins low-scoring game). No T1 gates. TB L15=5.18 (<5.5 threshold by a hair). | Final 13 runs,[],"{""betBook"": null, ""scheduledStartTime"": null, ""seriesTicker"": null}",DEGRADED,"[""NO_EXACT_OR_GAME_IDENTITY""]",REAL,True,,,,[]
2026-05-29-012,2026-05-29,,LAA @ TB,,,inning_result,F5 ML,F5,,,,,,,,legacy_fallback,,,,,,,,,,,,,,60.1,40.5,1.6,,Paper,SETTLED,SUPPORTED,1.0,LOSS,0.0,-1.0,-100.0,,,,,,,,,F5,TB F5 model=60.1%. Martinez IP=5.87 dur=1.0. Urena IP=5.04 dur=1.0. Confirm price FD/DK. Edge=1.6% vs PinVF approx. | TB trailed F5 1-2 through 5,"[""T1_F5_PRICE_UNCONFIRMED""]","{""betBook"": null, ""scheduledStartTime"": null, ""seriesTicker"": null}",POOR,"[""NO_EXACT_OR_GAME_IDENTITY"", ""MISSING_ENTRY_PRICE""]",REAL,True,,,,[]
2026-05-29-013,2026-05-29,,LAA @ TB,,,first_inning_run,YRFI,F1,,,,,,,,legacy_fallback,,,,,,,,,,,,,,65.0,,15.0,,Paper,SETTLED,SUPPORTED,1.0,WIN,2.0,1.0,100.0,,,,,,,,,F1,YRFI strong. Urena highWalk=True (elevated BB%). LAA L7=5.5 R/G hot. 1st-inn xERA unavailable for both pitchers — four-factor composite incomplete per Rule 40. Paper only. | TB scored 1 in 1st inning,"[""NRFI_YRFI_INCOMPLETE_4FACTOR""]","{""betBook"": null, ""scheduledStartTime"": null, ""seriesTicker"": null}",POOR,"[""NO_EXACT_OR_GAME_IDENTITY"", ""MISSING_ENTRY_PRICE""]",REAL,True,,,,[]
2026-05-29-014,2026-05-29,,CHC @ STL,,,game_result,ML,full_game,,,,,,2026-05-29,,legacy_fallback,47.17,112,,,,,,,2026-05-29,,,,,48.3,44.5,2.1,,Medium,SETTLED,SUPPORTED,5.0,WIN,10.6,5.6,112.0,,,,,,,,,full_game,"STL dog +112. Pallante true_xFIP=4.39 vs Imanaga true_xFIP=3.52 (regressed from hot streak). Both offenses cold (CHC L7=3.71, STL L7=3.2). Streak weight: STL L4 capped at 0.2 in factors.",[],"{""betBook"": null, ""scheduledStartTime"": null, ""seriesTicker"": null}",DEGRADED,"[""NO_EXACT_OR_GAME_IDENTITY""]",REAL,True,,,,[]
2026-05-29-015,2026-05-29,,CHC @ STL,,,inning_result,F5 ML,F5,,,,,,,,legacy_fallback,,,,,,,,,,,,,,48.6,44.5,2.4,,Paper,SETTLED,SUPPORTED,1.0,WIN,2.0,1.0,100.0,,,,,,,,,F5,STL F5 model=48.6%. Imanaga IP=5.82 dur=1.0. Pallante IP=5.02 dur=1.0. Low-scoring pitcher duel makes F5 nearly pick-em. Confirm price FD/DK. | STL led F5 5-4 (Paper),"[""T1_F5_PRICE_UNCONFIRMED""]","{""betBook"": null, ""scheduledStartTime"": null, ""seriesTicker"": null}",POOR,"[""NO_EXACT_OR_GAME_IDENTITY"", ""MISSING_ENTRY_PRICE""]",REAL,True,,,,[]
2026-05-29-016,2026-05-29,,CHC @ STL,,,game_total,Total,full_game,,,,,,2026-05-29T06:00:00Z,,legacy_fallback,50.249,-101,,,,,,,2026-05-29T06:00:00Z,,,,,55.4,44.5,5.2,,High,SETTLED,SUPPORTED,4.0,LOSS,0.0,-4.0,-100.0,,,,,,,,,full_game,"Proj=7.3. P(Under 7.5)=55.4% vs implied=50.2%. Both pitchers quality, both offenses cold. No T1 gates. ML spread=27¢ (not pick'em). No thesis conflict (ML compatible with low-scoring game). | Final 11 runs",[],"{""betBook"": null, ""scheduledStartTime"": null, ""seriesTicker"": null}",DEGRADED,"[""NO_EXACT_OR_GAME_IDENTITY""]",REAL,True,,,,[]
2026-05-29-017,2026-05-29,,DET @ CWS,,,first_inning_run,YRFI,F1,,,,,,,,legacy_fallback,,,,,,,,,,,,,,68.0,50.5,18.0,,Paper,SETTLED,SUPPORTED,1.0,LOSS,0.0,-1.0,-100.0,,,,,,,,,F1,DET/CWS YRFI Paper — price still unconfirmed. Log separately. | Scoreless 1st inning,"[""NRFI_YRFI_INCOMPLETE_4FACTOR""]","{""betBook"": null, ""scheduledStartTime"": null, ""seriesTicker"": null}",POOR,"[""NO_EXACT_OR_GAME_IDENTITY"", ""MISSING_ENTRY_PRICE""]",REAL,True,,,,[]
2026-05-29-018,2026-05-29,,KC @ TEX,,,game_result,ML,full_game,,,,,,2026-05-29,,legacy_fallback,54.338,-119,,,,,,,2026-05-29,,,,,55.1,46.5,1.8,,Paper,SETTLED,SUPPORTED,2.0,WIN,3.68,1.68,84.0,,,,,,,,,full_game,Gore true_xFIP=3.68 vs Kolek true_xFIP=4.10. TEX home. Both offenses cold. Globe Life +0.25/team. Kalshi=46.5% (KC YES) confirms TEX direction. Minimal edge.,[],"{""betBook"": null, ""scheduledStartTime"": null, ""seriesTicker"": null}",DEGRADED,"[""NO_EXACT_OR_GAME_IDENTITY""]",REAL,True,,,,[]
2026-05-29-019,2026-05-29,,KC @ TEX,,,game_total,Total,full_game,,,,,,2026-05-29T06:00:00Z,,legacy_fallback,50.739,-103,,,,,,,2026-05-29T06:00:00Z,,,,,55.4,46.5,4.7,,High,SETTLED,SUPPORTED,4.0,LOSS,0.0,-4.0,-100.0,,,,,,,,,full_game,"Proj=7.3 Under 7.5. KC L15=2.46 coldest offense on slate. TEX L15=4.08. Gore xFIP=3.68, Kolek xFIP=4.10. Both bullpens average-solid. No T1 gates. Under at near-even money. | Final 10 runs",[],"{""betBook"": null, ""scheduledStartTime"": null, ""seriesTicker"": null}",DEGRADED,"[""NO_EXACT_OR_GAME_IDENTITY""]",REAL,True,,,,[]
2026-05-29-020,2026-05-29,,MIL @ HOU,,,game_result,ML,full_game,,,,,,2026-05-29,,legacy_fallback,54.128,-118,,,,,,,2026-05-29,,,,,55.0,52.5,1.9,,Paper,SETTLED,SUPPORTED,1.5,WIN,2.77,1.27,84.667,,,,,,,,,full_game,Crow xFIP=2.01 is 2-start small sample. Conservative true_xFIP ~3.75. Conservative model ~51.6% below PinVF. Logging Paper only. Rule 28 investigation: Kalshi+Pin both ~53%. Flag for data accumulation.,"[""RULE28_MODEL_PIN_GAP_GT10PCT""]","{""betBook"": null, ""scheduledStartTime"": null, ""seriesTicker"": null}",DEGRADED,"[""NO_EXACT_OR_GAME_IDENTITY""]",REAL,True,,,,[]
2026-05-29-021,2026-05-29,,MIL @ HOU,,,inning_result,F5 ML,F5,,,,,,,,legacy_fallback,45.872,118,,,,,,,,,,,,60.0,52.5,14.1,,High,SETTLED,SUPPORTED,7.0,LOSS,0.0,-7.0,-100.0,,,,,,,,,F5,"MIL F5 ML +118 CONFIRMED FD/DK. Conservative model=60% implied=45.9% edge=+14.1%. Crow 2-start uncertainty acknowledged — even at conservative true_xFIP ~3.75, Teng IP=4.25 dur=0.85 is the real vulnerability. HOU bullpen excluded F5. starterXERA 1.75x. HIGH $7. | HOU led F5 4-3; scored 3 in 4th",[],"{""betBook"": null, ""scheduledStartTime"": null, ""seriesTicker"": null}",DEGRADED,"[""NO_EXACT_OR_GAME_IDENTITY""]",REAL,True,,,,[]
2026-05-29-022,2026-05-29,,SF @ COL,,,game_total,Total,full_game,,,,,,2026-05-29T06:00:00Z,,legacy_fallback,53.488,-115,,,,,,,2026-05-29T06:00:00Z,,,,,55.2,57.5,1.7,,Paper,SETTLED,SUPPORTED,1.0,WIN,1.87,0.87,87.0,,,,,,,,,full_game,Coors +0.75/team. Proj=11.1. P(Over 10.5)=55.2% vs implied=53.5%. Lorenzen true_xFIP=4.79 vulnerable. Webb solid. Marginal edge at Paper sizing.,[],"{""betBook"": null, ""scheduledStartTime"": null, ""seriesTicker"": null}",DEGRADED,"[""NO_EXACT_OR_GAME_IDENTITY""]",REAL,True,,,,[]
2026-05-29-023,2026-05-29,,NYY @ ATH,,,game_total,Total,full_game,,,,,,2026-05-29T06:00:00Z,,legacy_fallback,51.456,-106,,,,,,,2026-05-29T06:00:00Z,,,,,57.4,,5.9,,High,SETTLED,SUPPORTED,4.0,LOSS,0.0,-4.0,-100.0,,,,,,,,,full_game,"Proj=9.1 Under 9.5. Rodon true_xFIP=3.02 (IL returner, Rule 23). Severino recentFIP=4.99 decaying. ATH L7=2.0 ice cold. NYY sznRpG=5.0 (not ≥5.2). No T1 gates. Compatible with NYY ML (NYY 5.1 + ATH 4.0 = 9.1 < 9.5). | Final 10 runs NYY 8 ATH 2",[],"{""betBook"": null, ""scheduledStartTime"": null, ""seriesTicker"": null}",DEGRADED,"[""NO_EXACT_OR_GAME_IDENTITY""]",REAL,True,,,,[]
2026-05-29-024,2026-05-29,,NYY @ ATH,,,inning_result,F5 ML,F5,,,,,,2026-05-29T23:00:00Z,,legacy_fallback,,,,,,,,,2026-05-29T23:00:00Z,,,,,47.4,,3.4,,Paper,SETTLED,SUPPORTED,1.0,LOSS,0.0,-1.0,-100.0,,,,,,,,,F5,"ATH F5 model=47.4%. Rodon avgIP=4.11 dur=0.822 — NYY F5 window compressed. Severino IP=5.09 dur=1.0. ATH nearly even in F5 despite ML dog. Confirm price FD/DK. | NYY led big, ATH trailed F5","[""T1_F5_PRICE_UNCONFIRMED""]","{""betBook"": null, ""scheduledStartTime"": null, ""seriesTicker"": null}",POOR,"[""NO_EXACT_OR_GAME_IDENTITY"", ""MISSING_ENTRY_PRICE""]",REAL,True,,,,[]
2026-05-29-025,2026-05-29,,AZ @ SEA,,,game_total,Total,full_game,,,,,,2026-05-29T06:00:00Z,,legacy_fallback,49.505,102,,,,,,,2026-05-29T06:00:00Z,,,,,61.4,43.5,11.9,,High,SETTLED,SUPPORTED,7.0,LOSS,0.0,-7.0,-100.0,,,,,,,,,full_game,UNDER PLUS MONEY +102. Kirby true_xFIP=3.33 avgIP=6.49 workhorse. Gallen recentFIP=3.02 improving. T-Mobile Park pitcher-friendly (-0.25/team). Proj=6.9. P(Under 7)=61.4% vs implied=49.5%. AZ W5 streak regression vs elite pitcher. No T1 gates. Kalshi=43.5% confirms Under direction. | Final 11 runs (SEA 6 AZ 5),[],"{""betBook"": null, ""scheduledStartTime"": null, ""seriesTicker"": null}",DEGRADED,"[""NO_EXACT_OR_GAME_IDENTITY""]",REAL,True,,,,[]
2026-05-29-026,2026-05-29,,PHI @ LAD,,,game_result,ML,full_game,,,,,,2026-05-29,,legacy_fallback,53.052,-113,,,,,,,2026-05-29,,,,,55.0,48.5,2.9,,Medium,SETTLED,SUPPORTED,5.0,WIN,9.42,4.42,88.4,,,,,,,,,full_game,"Wheeler true_xFIP=2.18 historic ace vs LAD elite offense (wRC+=118, L7=6.83, L15=6.62). Conservative model=55% blending Poisson (51%) and slate proj (63%). PHI cold (L7=2.33). LAD hot offense partially offsets Wheeler suppression. Under blocked T1 (LAD elite).",[],"{""betBook"": null, ""scheduledStartTime"": null, ""seriesTicker"": null}",DEGRADED,"[""NO_EXACT_OR_GAME_IDENTITY""]",REAL,True,,,,[]
2026-05-29-027,2026-05-29,,PHI @ LAD,,,inning_result,F5 ML,F5,,,,,,2026-05-29T23:00:00Z,,legacy_fallback,41.841,139,,,,,,,2026-05-29T23:00:00Z,,,,,60.4,48.5,18.6,,High,SETTLED,SUPPORTED,7.0,WIN,16.73,9.73,139.0,,,,,,,,,F5,"LAD F5 ML +139 CONFIRMED FD/DK. model=60.4% implied=41.8% edge=+18.6%. Wrobleski true_xFIP=3.36 IP=6.4 dur=1.0. LAD elite offense (wRC+=118, L7=6.83) carries into F5 window against cold PHI (L7=2.33). Wheeler suppresses only one side. PLUS MONEY F5 on elite offense. starterXERA 1.75x. HIGH $7. | Wrobleski 7IP 1ER, LAD 4-0 through 5",[],"{""betBook"": null, ""scheduledStartTime"": null, ""seriesTicker"": null}",DEGRADED,"[""NO_EXACT_OR_GAME_IDENTITY""]",REAL,True,,,,[]
2026-05-30-001,2026-05-30,,DET@CWS,,,game_result,ML,full_game,,,,,,2026-05-30,,legacy_fallback,53.704,-116,,,,,,,2026-05-30,,,,,58.4,,7.1,,Medium,SETTLED,SUPPORTED,5.0,LOSS,0.0,-5.0,-100.0,,,,,,,,,full_game,Valdez true_xFIP=3.92 vs Kay 4.77. DET favored and model agrees. Clean play.,[],"{""betBook"": null, ""scheduledStartTime"": null, ""seriesTicker"": null}",DEGRADED,"[""NO_EXACT_OR_GAME_IDENTITY""]",REAL,True,,,,[]
2026-05-30-002,2026-05-30,,SD@WSH,,,game_result,ML,full_game,,,,,,2026-05-30,,legacy_fallback,50.739,-103,,,,,,,2026-05-30,,,,,57.9,,9.2,,Medium,SETTLED,SUPPORTED,5.0,WIN,9.85,4.85,97.0,,,,,,,,,full_game,WSH season RPG 5.36 (top-5) underpriced at -103. Home advantage. King elite (3.52 xFIP) but WSH offense elevated. FLIP from first run.,[],"{""betBook"": null, ""scheduledStartTime"": null, ""seriesTicker"": null}",DEGRADED,"[""NO_EXACT_OR_GAME_IDENTITY""]",REAL,True,,,,[]
2026-05-30-003,2026-05-30,,KC@TEX,,,game_result,ML,full_game,,,,,,2026-05-30,,legacy_fallback,48.077,108,,,,,,,2026-05-30,,,,,71.9,,25.8,,High,SETTLED,SUPPORTED,8.0,LOSS,0.0,-8.0,-100.0,,,,,,,,,full_game,Lugo true_xFIP=3.02. xFIP vs xERA gap -2.07 = massive buy signal. TEX RPG 3.93 (below avg). Model 71.9% vs VF 46.1%.,[],"{""betBook"": null, ""scheduledStartTime"": null, ""seriesTicker"": null}",DEGRADED,"[""NO_EXACT_OR_GAME_IDENTITY""]",REAL,True,,,,[]
2026-05-30-004,2026-05-30,,TOR@BAL,,,game_result,ML,full_game,,,,,,2026-05-30,,legacy_fallback,54.955,-122,,,,,,,2026-05-30,,,,,76.5,,23.6,,High,SETTLED,SUPPORTED,8.0,LOSS,0.0,-8.0,-100.0,,,,,,,,,full_game,"Yesavage true_xFIP=1.81. Market prices as coin-flip. 0 HR in 32 IP, 35 Ks. Young xFIP>xERA fade signal.","[""T3: Pinnacle gap >10% noted \u2014 qualitative case strong""]","{""betBook"": null, ""scheduledStartTime"": null, ""seriesTicker"": null}",DEGRADED,"[""NO_EXACT_OR_GAME_IDENTITY""]",REAL,True,,,,[]
2026-05-30-005,2026-05-30,,MIN@PIT,,,game_result,ML,full_game,,,,,,2026-05-30,,legacy_fallback,54.545,-120,,,,,,,2026-05-30,,,,,57.5,,5.3,,Medium,SETTLED,SUPPORTED,5.0,WIN,9.17,4.17,83.4,,,,,,,,,full_game,"Keller true_xFIP=3.32 vs Ober 4.13. PIT RPG 4.86, home field. Modest edge.",[],"{""betBook"": null, ""scheduledStartTime"": null, ""seriesTicker"": null}",DEGRADED,"[""NO_EXACT_OR_GAME_IDENTITY""]",REAL,True,,,,[]
2026-05-30-006,2026-05-30,,LAA@TB,,,game_result,ML,full_game,,,,,,2026-05-30,,legacy_fallback,42.017,138,,,,,,,2026-05-30,,,,,68.1,,27.8,,Medium,SETTLED,SUPPORTED,5.0,WIN,11.9,6.9,138.0,,,,,,,,,full_game,Detmers true_xFIP=2.88 (elite). Rasmussen recent 4.09 trending worse. TB -165 implied ~62% but model gives LAA 68.1%.,"[""T2: TB scored 8 yesterday \u2014 capped at Medium"", ""T3: Pinnacle gap >10%""]","{""betBook"": null, ""scheduledStartTime"": null, ""seriesTicker"": null}",DEGRADED,"[""NO_EXACT_OR_GAME_IDENTITY""]",REAL,True,,,,[]
2026-05-30-007,2026-05-30,,MIL@HOU,,,game_result,ML,full_game,,,,,,2026-05-30,,legacy_fallback,50.0,100,,,,,,,2026-05-30,,,,,81.0,,33.2,,High,SETTLED,SUPPORTED,8.0,WIN,16.0,8.0,100.0,,,,,,,,,full_game,"Lambert true_xFIP=3.02, recent 2.79. Sproat true_xFIP=5.59, recent 6.13. Pick-em market. Model 81% HOU. Yordan Alvarez vs 13.8% BB Sproat.",[],"{""betBook"": null, ""scheduledStartTime"": null, ""seriesTicker"": null}",DEGRADED,"[""NO_EXACT_OR_GAME_IDENTITY""]",REAL,True,,,,[]
2026-05-30-008,2026-05-30,,CHC@STL,,,game_result,ML,full_game,,,,,,2026-05-30,,legacy_fallback,56.332,-129,,,,,,,2026-05-30,,,,,79.6,,25.5,,High,SETTLED,SUPPORTED,8.0,WIN,14.2,6.2,77.5,,,,,,,,,full_game,Brown true_xFIP=1.98. Leahy xERA=6.31 (replacement level). CHC -129 still massive value with 79.6% model.,[],"{""betBook"": null, ""scheduledStartTime"": null, ""seriesTicker"": null}",DEGRADED,"[""NO_EXACT_OR_GAME_IDENTITY""]",REAL,True,,,,[]
2026-05-30-009,2026-05-30,,CHC@STL,,,winning_margin,Run Line,full_game,,,,,,2026-05-30,,legacy_fallback,45.662,119,,,,,,,2026-05-30,,,,,74.8,,31.5,,Medium,SETTLED,SUPPORTED,5.0,WIN,10.95,5.95,119.0,,,,,,,,,full_game,Plus-money RL with ~75% model cover. Rule 26. Brown dominance should produce multi-run victory.,[],"{""betBook"": null, ""scheduledStartTime"": null, ""seriesTicker"": null}",DEGRADED,"[""NO_EXACT_OR_GAME_IDENTITY""]",REAL,True,,,,[]
2026-05-30-010,2026-05-30,,ATL@CIN,,,game_result,ML,full_game,,,,,,2026-05-30,,legacy_fallback,35.088,185,,,,,,,2026-05-30,,,,,40.7,,6.9,,Medium,SETTLED,SUPPORTED,5.0,LOSS,0.0,-5.0,-100.0,,,,,,,,,full_game,"ATL -220 OVERPRICED. Model ATL 59.3% vs VF 66.2%. CIN +185 = model 40.7% vs VF 33.8%. Singer streak divergence means true_xFIP only 5.13, not 6.36. ATL RPG baked in. GABP park favors scoring.",[],"{""betBook"": null, ""scheduledStartTime"": null, ""seriesTicker"": null}",DEGRADED,"[""NO_EXACT_OR_GAME_IDENTITY""]",REAL,True,,,,[]
2026-05-30-011,2026-05-30,,ATL@CIN,,,winning_margin,Run Line,full_game,,,,,,2026-05-30T06:00:00Z,,legacy_fallback,51.22,-105,,,,,,,2026-05-30T06:00:00Z,,,,,55.0,,4.0,,Medium,SETTLED,SUPPORTED,5.0,WIN,9.76,4.76,95.2,,,,,,,,,full_game,Rule 33: prefer RL to -220 juice ML. Model cover ~55% at -105. T2 downgrade applied.,"[""Rule 33: ATL ML -220 juice"", ""T2: ATL scored 8 yesterday""]","{""betBook"": null, ""scheduledStartTime"": null, ""seriesTicker"": null}",DEGRADED,"[""NO_EXACT_OR_GAME_IDENTITY""]",REAL,True,,,,[]
2026-05-30-012,2026-05-30,,SF@COL,,,game_result,ML,full_game,,,,,,2026-05-30,,legacy_fallback,41.322,142,,,,,,,2026-05-30,,,,,47.0,,7.3,,Medium,SETTLED,SUPPORTED,5.0,WIN,12.1,7.1,142.0,,,,,,,,,full_game,Coors park +0.50. Both starters poor. COL home advantage at Coors. +142 underdog with model ~47%.,"[""T2: COL scored 8 yesterday""]","{""betBook"": null, ""scheduledStartTime"": null, ""seriesTicker"": null}",DEGRADED,"[""NO_EXACT_OR_GAME_IDENTITY""]",REAL,True,,,,[]
2026-05-30-013,2026-05-30,,NYY@ATH,,,game_result,ML,full_game,,,,,,2026-05-30,,legacy_fallback,58.848,-143,,,,,,,2026-05-30,,,,,62.3,,5.9,,Medium,SETTLED,SUPPORTED,5.0,LOSS,0.0,-5.0,-100.0,,,,,,,,,full_game,Weathers true_xFIP=3.43. NYY RPG 5.05 (top-5 offense). Model 62.3% vs VF 56.4%.,[],"{""betBook"": null, ""scheduledStartTime"": null, ""seriesTicker"": null}",DEGRADED,"[""NO_EXACT_OR_GAME_IDENTITY""]",REAL,True,,,,[]
2026-05-30-014,2026-05-30,,PHI@LAD,,,game_result,ML,full_game,,,,,,2026-05-30,,legacy_fallback,50.0,100,,,,,,,2026-05-30,,,,,80.4,,32.6,,High,SETTLED,SUPPORTED,8.0,WIN,16.0,8.0,100.0,,,,,,,,,full_game,BEST BET. Sasaki streak divergence true_xFIP=6.17. LAD RPG 5.30 suppressed by Luzardo 2.46. PHI +100 with model 80.4%. Dodger Stadium park -0.10.,[],"{""betBook"": null, ""scheduledStartTime"": null, ""seriesTicker"": null}",DEGRADED,"[""NO_EXACT_OR_GAME_IDENTITY""]",REAL,True,,,,[]
2026-05-30-015,2026-05-30,,BOS@CLE,,,game_total,Total,full_game,,,,,,2026-05-30T06:00:00Z,,legacy_fallback,52.381,-110,,,,,,,2026-05-30T06:00:00Z,,,,,70.0,,19.0,,Medium,SETTLED,SUPPORTED,5.0,LOSS,0.0,-5.0,-100.0,,,,,,,,,full_game,Proj 6.31 vs 7.5 (buf=1.19). Messick true_xFIP=2.85. All T1 gates clear. No prior-day flags. Rule 62: capped at Medium (Under ≤8.0).,[],"{""betBook"": null, ""scheduledStartTime"": null, ""seriesTicker"": null}",DEGRADED,"[""NO_EXACT_OR_GAME_IDENTITY""]",REAL,True,,,,[]
2026-05-30-016,2026-05-30,,MIA@NYM,,,game_total,Total,full_game,,,,,,2026-05-30T06:00:00Z,,legacy_fallback,52.381,-110,,,,,,,2026-05-30T06:00:00Z,,,,,75.0,,25.0,,Paper,SETTLED,SUPPORTED,1.0,WIN,1.91,0.91,91.0,,,,,,,,,full_game,"Strong model proj (6.84 vs 8.0, buf=1.16) but T2+Rule 31 concern cap at Paper.","[""T2: NYM scored 9 yesterday \u2014 downgraded to Paper"", ""Phillips 3.22 avg IP \u2014 opener risk Rule 31""]","{""betBook"": null, ""scheduledStartTime"": null, ""seriesTicker"": null}",DEGRADED,"[""NO_EXACT_OR_GAME_IDENTITY""]",REAL,True,,,,[]
2026-05-30-017,2026-05-30,,NYY@ATH,,,game_total,Total,full_game,,,,,,2026-05-30T06:00:00Z,,legacy_fallback,52.381,-110,,,,,,,2026-05-30T06:00:00Z,,,,,66.7,,16.7,,Paper,SETTLED,SUPPORTED,1.0,LOSS,0.0,-1.0,-100.0,,,,,,,,,full_game,Proj 7.46 vs 8.5 (buf=1.04). T2 downgrade. Ginn BB/9=3.91 fails Rule 35 dual-qualifier.,"[""T2: NYY scored 8 yesterday \u2014 downgraded to Paper""]","{""betBook"": null, ""scheduledStartTime"": null, ""seriesTicker"": null}",DEGRADED,"[""NO_EXACT_OR_GAME_IDENTITY""]",REAL,True,,,,[]
2026-05-30-018,2026-05-30,,TOR@BAL,,,inning_result,F5 ML,F5,,,,,,,,legacy_fallback,48.78,105,,,,,,,,,,,,72.0,,23.2,,High,SETTLED,SUPPORTED,7.0,WIN,14.35,7.35,105.0,,,,,,,,,F5,"F5 price confirmed: +105 FD/DK. xERAGap=2.26, f5Amplified=True. Model 72.0% vs VF 48.8% = +23.2% edge. Yesavage 0 HR in 32 IP. Rule 69 threshold met. Upgraded to High.",[],"{""betBook"": null, ""scheduledStartTime"": null, ""seriesTicker"": null}",DEGRADED,"[""NO_EXACT_OR_GAME_IDENTITY""]",REAL,True,,,,[]
2026-05-30-019,2026-05-30,,PHI@LAD,,,inning_result,F5 ML,F5,,,,,,2026-05-30T23:00:00Z,,legacy_fallback,44.843,123,,,,,,,2026-05-30T23:00:00Z,,,,,75.5,,30.7,,High,SETTLED,SUPPORTED,8.0,WIN,17.84,9.84,123.0,,,,,,,,,F5,"F5 price confirmed: +123 FD/DK. xERAGap=1.80, f5Amplified=True. Model 75.5% vs VF 44.8% = +30.7% edge. Sasaki deterioration front-loaded. BEST F5 ON SLATE.",[],"{""betBook"": null, ""scheduledStartTime"": null, ""seriesTicker"": null}",DEGRADED,"[""NO_EXACT_OR_GAME_IDENTITY""]",REAL,True,,,,[]
2026-05-30-020,2026-05-30,,CHC@STL,,,inning_result,F5 ML,F5,,,,,,,,legacy_fallback,49.751,101,,,,,,,,,,,,74.8,,25.0,,High,SETTLED,SUPPORTED,8.0,LOSS,0.0,-8.0,-100.0,,,,,,,,,F5,"F5 price confirmed: +101 FD/DK. xERAGap=3.44 (LARGEST ON SLATE). Model 74.8% vs VF 49.8%. CHC F5 at near even money with -129 ML is a market anomaly. Brown true_xFIP=1.98 vs Leahy xERA=6.31. | CORRECTED: Game tied after 5 innings — F5 ML push/loss, not a win. Settlement corrected.",[],"{""betBook"": null, ""scheduledStartTime"": null, ""seriesTicker"": null}",DEGRADED,"[""NO_EXACT_OR_GAME_IDENTITY""]",REAL,True,,,,[]
2026-05-30-021,2026-05-30,,TOR@BAL,,,,K Prop,,,,,,,,,legacy_fallback,56.522,-130,,,,,,,,,,,,58.0,,2.0,,Medium,SETTLED,,3.0,LOSS,0.0,-3.0,-100.0,,,,,,,,,,"K/9=9.84, 6+ Ks in each last 5 starts. BAL fewest splitters in AL (12th). Yesavage splitter 45% whiff. Proj 6.0 Ks. P(over 5.5)=55% vs VF ~56% at -130 → borderline. Log at $3 Medium only if line is -128 or better.","[""Rule 8: two-sided required \u2014 BAL K rate avg, splitter exposure high""]","{""betBook"": null, ""scheduledStartTime"": null, ""seriesTicker"": null}",POOR,"[""NO_EXACT_OR_GAME_IDENTITY"", ""UNRECOGNIZED_MARKET_STRING""]",REAL,True,,,,[]
2026-05-30-022,2026-05-30,,PHI@LAD,,,,K Prop,,,,,,,,,legacy_fallback,49.02,104,,,,,,,,,,,,48.9,,,,Paper,SETTLED,,1.0,LOSS,0.0,-1.0,-100.0,,,,,,,,,,Season 6.6 K/game avg. Over 6.5 at +104: model 49% vs VF 49%. Essentially fair. Tracking only — no real edge. If line moves to +110+ then Medium eligible.,"[""Near-zero edge at +104 \u2014 Paper tracking only""]","{""betBook"": null, ""scheduledStartTime"": null, ""seriesTicker"": null}",POOR,"[""NO_EXACT_OR_GAME_IDENTITY"", ""UNRECOGNIZED_MARKET_STRING""]",REAL,True,,,,[]
2026-05-30-023,2026-05-30,,BOS@CLE,,,first_inning_run,NRFI,F1,,,,,,,,legacy_fallback,55.556,-125,,,,,,,,,,,,63.0,,8.0,,Medium,SETTLED,SUPPORTED,5.0,LOSS,0.0,-5.0,-100.0,,,,,,,,,F1,"Dual solid starters: Messick true_xFIP=2.85 (recent 2.32, near no-hitter), Gray 3.71. Total proj 6.31. BOS RPG below avg. CLE RPG 4.14 (avg). Four-factor composite: (1) Both pitchers strong 1st-inn, (2) Recent form excellent, (3) Both offenses avg/below, (4) Progressive Field neutral park. Gate: total 7.5 = Rule 34 clear. Strong NRFI.",[],"{""betBook"": null, ""scheduledStartTime"": null, ""seriesTicker"": null}",DEGRADED,"[""NO_EXACT_OR_GAME_IDENTITY""]",REAL,True,,,,[]
2026-05-30-024,2026-05-30,,LAA@TB,,,first_inning_run,NRFI,F1,,,,,,,,legacy_fallback,54.128,-118,,,,,,,,,,,,62.0,,6.0,,Medium,SETTLED,SUPPORTED,5.0,LOSS,0.0,-5.0,-100.0,,,,,,,,,F1,"Detmers true_xFIP=2.88 (elite), Rasmussen 3.61. Tropicana dome suppresses scoring. Total proj 7.17. Four-factor: (1) Both starters solid 1st-inn, (2) Detmers 0 HR allowed profile, (3) LAA below-avg RPG, TB RPG 4.70 avg, (4) Dome park. T2: TB scored 8 → Medium. Rule 34: total 7.0 = clear.","[""T2: TB scored 8 yesterday \u2014 one downgrade from High""]","{""betBook"": null, ""scheduledStartTime"": null, ""seriesTicker"": null}",DEGRADED,"[""NO_EXACT_OR_GAME_IDENTITY""]",REAL,True,,,,[]
2026-05-30-025,2026-05-30,,ATL@CIN,,,first_inning_run,YRFI,F1,,,,,,,,legacy_fallback,55.556,-125,,,,,,,,,,,,63.0,,8.0,,Medium,SETTLED,SUPPORTED,5.0,WIN,9.0,4.0,80.0,,,,,,,,,F1,"Singer xERA=6.07, 1.70 WHIP, 5.56 BB/9. ATL top-5 first-inning run rate (RPG 5.29 = elite offense). GABP park hitter-friendly. ATL leads MLB in first-inning run production. Rule 36 does NOT apply (Singer is NOT elite xERA). Total 9.5 blocks NRFI — YRFI is the only side.",[],"{""betBook"": null, ""scheduledStartTime"": null, ""seriesTicker"": null}",DEGRADED,"[""NO_EXACT_OR_GAME_IDENTITY""]",REAL,True,,,,[]
2026-05-30-026,2026-05-30,,MIL@HOU,,,first_inning_run,YRFI,F1,,,,,,,,legacy_fallback,54.545,-120,,,,,,,,,,,,60.0,,6.0,,Medium,SETTLED,SUPPORTED,3.0,WIN,5.5,2.5,83.333,,,,,,,,,F1,Sproat 13.8% BB rate + HOU's Alvarez/Walker/Smith top of order = first-inning run likely. Total 8.5 blocks NRFI. Lambert suppresses MIL side but Sproat gives HOU first chance. Confidence: Medium.,[],"{""betBook"": null, ""scheduledStartTime"": null, ""seriesTicker"": null}",DEGRADED,"[""NO_EXACT_OR_GAME_IDENTITY""]",REAL,True,,,,[]
2026-05-30-027,2026-05-30,,PHI@LAD,,,first_inning_run,YRFI,F1,,,,,,2026-05-30T23:00:00Z,,legacy_fallback,53.488,-115,,,,,,,2026-05-30T23:00:00Z,,,,,60.0,,5.0,,Medium,SETTLED,SUPPORTED,3.0,LOSS,0.0,-3.0,-100.0,,,,,,,,,F1,Sasaki recent FIP 6.97 (5 straight poor starts). PHI Schwarber (21 HR) bats early. Total 8.5 blocks NRFI. Rule 36 exception: opposing offense (LAD RPG 5.30) is top-5 = YRFI signal regardless. Moderate confidence — Luzardo suppresses LAD side.,[],"{""betBook"": null, ""scheduledStartTime"": null, ""seriesTicker"": null}",DEGRADED,"[""NO_EXACT_OR_GAME_IDENTITY""]",REAL,True,,,,[]
2026-05-30-028,2026-05-30,,CHC@STL,,,team_total,Team Total,full_game,,,,,,,,legacy_fallback,54.545,-120,,,,,,,,,,,,66.8,,12.8,,Medium,SETTLED,SUPPORTED,5.0,WIN,9.17,4.17,83.4,,,,,,,,,full_game,CHC proj 4.56 runs vs Leahy (xERA 6.31). P(CHC>3.5)=66.8%. Rule 39: log TT Over not game total Over on lopsided matchup. Lineup confirmed per CHC. CHC RPG 4.78 season baseline.,[],"{""betBook"": null, ""scheduledStartTime"": null, ""seriesTicker"": null}",DEGRADED,"[""NO_EXACT_OR_GAME_IDENTITY""]",REAL,True,,,,[]
2026-05-30-029,2026-05-30,,MIL@HOU,,,team_total,Team Total,full_game,,,,,,,,legacy_fallback,54.545,-120,,,,,,,,,,,,65.2,,11.2,,Medium,SETTLED,SUPPORTED,5.0,WIN,9.17,4.17,83.4,,,,,,,,,full_game,"HOU proj 5.56 runs vs Sproat (true_xFIP 5.59, recent 6.13). P(HOU>4.5)=65.2%. Yordan Alvarez OBP .419 vs Sproat 13.8% BB = walks and runs. Rule 39 canonical TT play.",[],"{""betBook"": null, ""scheduledStartTime"": null, ""seriesTicker"": null}",DEGRADED,"[""NO_EXACT_OR_GAME_IDENTITY""]",REAL,True,,,,[]
2026-05-30-030,2026-05-30,,PHI@LAD,,,team_total,Team Total,full_game,,,,,,,,legacy_fallback,53.488,-115,,,,,,,,,,,,72.1,,18.1,,Medium,SETTLED,SUPPORTED,5.0,WIN,9.35,4.35,87.0,,,,,,,,,full_game,"PHI proj 4.90 runs vs Sasaki (true_xFIP 6.17). P(PHI>3.5)=72.1%. Rule 39 play. PHI RPG 3.95 season baseline but Sasaki deterioration overrides. Schwarber, Marsh, Crawford = power lineup early.",[],"{""betBook"": null, ""scheduledStartTime"": null, ""seriesTicker"": null}",DEGRADED,"[""NO_EXACT_OR_GAME_IDENTITY""]",REAL,True,,,,[]
2026-05-30-031,2026-05-30,,KC@TEX,,,team_total,Team Total,full_game,,,,,,,,legacy_fallback,54.545,-120,,,,,,,,,,,,77.5,,23.5,,Medium,SETTLED,SUPPORTED,5.0,WIN,9.17,4.17,83.4,,,,,,,,,full_game,"KC proj 4.09 runs vs Rocker (xFIP 3.92, xERA 4.56). P(KC>2.5)=77.5% vs VF 54% = +23.5% edge. Lugo-KC combo: KC can score despite Rocker being decent. Witt Jr., Pasquantino lineup capable.",[],"{""betBook"": null, ""scheduledStartTime"": null, ""seriesTicker"": null}",DEGRADED,"[""NO_EXACT_OR_GAME_IDENTITY""]",REAL,True,,,,[]
2026-05-31-064,2026-05-31,,SD@WSH,,,game_total,Total,full_game,,,,,,2026-05-31T06:00:00Z,,legacy_fallback,52.83,-112,,,,,,,2026-05-31T06:00:00Z,,,,,68.0,,18.0,,High,SETTLED,SUPPORTED,8.0,LOSS,0.0,-8.0,-100.0,,,,,,,,,full_game,"Canning txFIP=5.04 highWalk. Littell txFIP=6.60 disaster, recent=9.13. WSH RPG=5.42 elite (season), L15=5.79, L7=5.67 all elite. Rule 27 override. P(Over 9.0)=68%. | SETTLED: Final: WSH 4 SD 2. Total=6, well under 9.0.","[""Rule 27: WSH elite offense blocks Under""]","{""betBook"": null, ""scheduledStartTime"": null, ""seriesTicker"": null}",DEGRADED,"[""NO_EXACT_OR_GAME_IDENTITY""]",REAL,True,,,,[]
2026-05-31-065,2026-05-31,,SD@WSH,,,game_result,ML,full_game,,,,,,2026-05-31T06:00:00Z,,legacy_fallback,46.296,116,,,,,,,2026-05-31T06:00:00Z,,,,,74.0,,28.8,,Medium,SETTLED,SUPPORTED,5.0,WIN,10.8,5.8,116.0,,,,,,,,,full_game,"Market heavily pricing Canning's K upside vs Littell xERA=6.57 disaster. WSH wRC+=121, RPG elite. T3 downgrade from raw 28.8% edge. | SETTLED: WSH won 4-2. +$5.80","[""T3 Rule 28: market has SD -128 despite Littell disaster""]","{""betBook"": null, ""scheduledStartTime"": null, ""seriesTicker"": null}",DEGRADED,"[""NO_EXACT_OR_GAME_IDENTITY""]",REAL,True,,,,[]
2026-05-31-066,2026-05-31,,MIN@PIT,,,game_total,Total,full_game,,,,,,2026-05-31T06:00:00Z,,legacy_fallback,53.488,-115,,,,,,,2026-05-31T06:00:00Z,,,,,68.3,,18.3,,Medium,SETTLED,SUPPORTED,4.0,WIN,7.48,3.48,87.0,,,,,,,,,full_game,"Matthews txFIP=3.68 but xFIP>>xERA gap=+1.14 (fade signal). Ashcraft txFIP=2.94 elite. PIT REGRESSION (L7=5.71). T2 downgrade. | SETTLED: PIT 9 MIN 3. Total=12, cleared 7.5 easily.","[""T2: MIN scored 9 yesterday \u2014 High\u2192Medium""]","{""betBook"": null, ""scheduledStartTime"": null, ""seriesTicker"": null}",DEGRADED,"[""NO_EXACT_OR_GAME_IDENTITY""]",REAL,True,,,,[]
2026-05-31-067,2026-05-31,,BOS@CLE,,,game_result,ML,full_game,,,,,,2026-05-31T06:00:00Z,,legacy_fallback,51.923,-108,,,,,,,2026-05-31T06:00:00Z,,,,,69.3,,18.6,,Paper,SETTLED,SUPPORTED,1.0,WIN,1.93,0.93,93.0,,,,,,,,,full_game,Suarez txFIP=3.27 solid. Bibee txFIP=4.83 but recent=3.65 hot. CLE BOUNCEBACK (L7=2.67). T2+T3 → Paper. | SETTLED: BOS won 9-4.,"[""T2: BOS scored 9 yesterday"", ""T3 Rule 28: VF=50.7% vs model=69.3% gap=18.6%""]","{""betBook"": null, ""scheduledStartTime"": null, ""seriesTicker"": null}",DEGRADED,"[""NO_EXACT_OR_GAME_IDENTITY""]",REAL,True,,,,[]
2026-05-31-068,2026-05-31,,BOS@CLE,,,game_total,Total,full_game,,,,,,2026-05-31T06:00:00Z,,legacy_fallback,53.488,-115,,,,,,,2026-05-31T06:00:00Z,,,,,60.7,,10.7,,Paper,SETTLED,SUPPORTED,1.0,WIN,1.87,0.87,87.0,,,,,,,,,full_game,CLE BOUNCEBACK partially suppresses Over. T2 BOS scored 9. Paper only. | SETTLED: BOS 9 CLE 4. Total=13.,"[""T2: BOS scored 9 yesterday \u2014 Over downgrade""]","{""betBook"": null, ""scheduledStartTime"": null, ""seriesTicker"": null}",DEGRADED,"[""NO_EXACT_OR_GAME_IDENTITY""]",REAL,True,,,,[]
2026-05-31-069,2026-05-31,,LAA@TB,,,game_result,ML,full_game,,,,,,2026-05-31T06:00:00Z,,legacy_fallback,37.175,169,,,,,,,2026-05-31T06:00:00Z,,,,,44.8,,8.6,,Paper,SETTLED,SUPPORTED,1.0,LOSS,0.0,-1.0,-100.0,,,,,,,,,full_game,"Kochanowicz txFIP=4.21, buy signal (xFIP<xERA). McClanahan txFIP=2.76 elite. LAA REGRESSION (L7=6.33). T2+T3 → Paper. | SETTLED: TB won 5-2.","[""T2: LAA scored 14 yesterday"", ""T3: VF=36.2% vs model=44.8%""]","{""betBook"": null, ""scheduledStartTime"": null, ""seriesTicker"": null}",DEGRADED,"[""NO_EXACT_OR_GAME_IDENTITY""]",REAL,True,,,,[]
2026-05-31-070,2026-05-31,,ATL@CIN,,,game_total,Total,full_game,,,,,,2026-05-31T06:00:00Z,,legacy_fallback,53.271,-114,,,,,,,2026-05-31T06:00:00Z,,,,,84.8,,34.8,,High,SETTLED,SUPPORTED,8.0,WIN,15.02,7.02,87.75,,,,,,,,,full_game,"BEST TOTAL ON SLATE. Strider txFIP=5.37 (IL return, xFIP>>xERA gap=+2.64). Lodolo txFIP=5.77, xERA=6.33 disaster. ATL RPG=5.29 elite. P(Over 8.5)=84.8%. | SETTLED: CIN 6 ATL 4. Total=10, cleared 8.5.","[""Rule 27: ATL elite offense blocks Under""]","{""betBook"": null, ""scheduledStartTime"": null, ""seriesTicker"": null}",DEGRADED,"[""NO_EXACT_OR_GAME_IDENTITY""]",REAL,True,,,,[]
2026-05-31-071,2026-05-31,,ATL@CIN,,,game_result,ML,full_game,,,,,,2026-05-31T06:00:00Z,,legacy_fallback,55.752,-126,,,,,,,2026-05-31T06:00:00Z,,,,,60.6,,6.2,,Medium,SETTLED,SUPPORTED,5.0,LOSS,0.0,-5.0,-100.0,,,,,,,,,full_game,ATL ML edge=6.2%. Strider returning from IL with xFIP/xERA massive divergence. Market anchored to career ERA. T3 → Medium. | SETTLED: CIN won 6-4. ATL ML loss.,"[""T3 Rule 28: market pricing Strider career xERA=2.73 not xFIP=5.37""]","{""betBook"": null, ""scheduledStartTime"": null, ""seriesTicker"": null}",DEGRADED,"[""NO_EXACT_OR_GAME_IDENTITY""]",REAL,True,,,,[]
2026-05-31-072,2026-05-31,,ATL@CIN,,,winning_margin,Run Line,full_game,,,,,,2026-05-31T06:00:00Z,,legacy_fallback,45.045,122,,,,,,,2026-05-31T06:00:00Z,,,,,53.0,,3.0,,Paper,SETTLED,SUPPORTED,2.0,LOSS,0.0,-2.0,-100.0,,,,,,,,,full_game,ATL RL +122 plus money with ~53% model cover. Both pitchers poor. ATL elite offense. Rule 26. | SETTLED: ATL lost outright 4-6. RL loss.,[],"{""betBook"": null, ""scheduledStartTime"": null, ""seriesTicker"": null}",DEGRADED,"[""NO_EXACT_OR_GAME_IDENTITY""]",REAL,True,,,,[]
2026-05-31-073,2026-05-31,,DET@CWS,,,game_result,ML,full_game,,,,,,2026-05-31T06:00:00Z,,legacy_fallback,55.752,-126,,,,,,,2026-05-31T06:00:00Z,,,,,83.8,,29.4,,Medium,SETTLED,SUPPORTED,5.0,WIN,8.97,3.97,79.4,,,,,,,,,full_game,Raw model edge=29.4%. Burke txFIP=3.18 (buy signal: xFIP<xERA). CWS REGRESSION offset by DET BOUNCEBACK. Market pricing recent Montero form. T3 → Medium. | SETTLED: CWS won 2-1.,"[""T3 Rule 28: market pricing Montero recent form + DET bounceback""]","{""betBook"": null, ""scheduledStartTime"": null, ""seriesTicker"": null}",DEGRADED,"[""NO_EXACT_OR_GAME_IDENTITY""]",REAL,True,,,,[]
2026-05-31-074,2026-05-31,,MIL@HOU,,,game_total,Total,full_game,,,,,,2026-05-31T06:00:00Z,,legacy_fallback,53.488,-115,,,,,,,2026-05-31T06:00:00Z,,,,,70.8,,20.8,,Medium,SETTLED,SUPPORTED,4.0,LOSS,0.0,-4.0,-100.0,,,,,,,,,full_game,"Imai txFIP=5.70, BB=17.5%, avgIP=3.16 — bridge reliever scenario. MIL BOUNCEBACK (L7=3.50) offsets. HOU scored 9 yesterday → T2 → Medium. | SETTLED: HOU 0 MIL 2. Total=2. Massive miss on Over 7.5. Misiorowski dominant.","[""T2: HOU scored 9 yesterday \u2014 High\u2192Medium""]","{""betBook"": null, ""scheduledStartTime"": null, ""seriesTicker"": null}",DEGRADED,"[""NO_EXACT_OR_GAME_IDENTITY""]",REAL,True,,,,[]
2026-05-31-075,2026-05-31,,MIL@HOU,,,team_total,Team Total,full_game,,,,,,,,legacy_fallback,54.545,-120,,,,,,,,,,,,60.0,,10.0,,Paper,SETTLED,SUPPORTED,1.0,LOSS,0.0,-1.0,-100.0,,,,,,,,,full_game,Misiorowski elite (txFIP=1.68) suppresses HOU side → Rule 39 TT play for MIL. MIL proj=5.06 vs Imai. Paper until TT line confirmed. | SETTLED: MIL scored only 2.,"[""T1-Rule44: TT line unconfirmed""]","{""betBook"": null, ""scheduledStartTime"": null, ""seriesTicker"": null}",DEGRADED,"[""NO_EXACT_OR_GAME_IDENTITY""]",REAL,True,,,,[]
2026-05-31-076,2026-05-31,,KC@TEX,,,game_result,ML,full_game,,,,,,2026-05-31T06:00:00Z,,legacy_fallback,52.607,-111,,,,,,,2026-05-31T06:00:00Z,,,,,68.1,,16.7,,Medium,SETTLED,SUPPORTED,4.0,WIN,7.6,3.6,90.0,,,,,,,,,full_game,"Leiter txFIP=4.21, highWalk, recent=5.06 cold. Wacha solid (3.81). KC BOUNCEBACK. Globe Life roof closed for thunderstorm. T3 → Medium. | SETTLED: TEX won 6-3.","[""T3 Rule 28: VF=51.4% vs model=68.1% gap=16.7%"", ""Weather: Globe Life retractable roof closed for thunderstorm""]","{""betBook"": null, ""scheduledStartTime"": null, ""seriesTicker"": null}",DEGRADED,"[""NO_EXACT_OR_GAME_IDENTITY""]",REAL,True,,,,[]
2026-05-31-077,2026-05-31,,SF@COL,,,game_result,ML,full_game,,,,,,2026-05-31T06:00:00Z,,legacy_fallback,46.948,113,,,,,,,2026-05-31T06:00:00Z,,,,,64.4,,18.5,,Medium,SETTLED,SUPPORTED,4.0,LOSS,0.0,-4.0,-100.0,,,,,,,,,full_game,Ray txFIP=5.68 highWalk. Gordon GS=1 thin but recent=2.50. SF REGRESSION (L7=4.33). 18mph W wind at Coors blowing IN (pitcher-friendly). COL home dog +113 with model 64.4%. T3 → Medium. | SETTLED: SF won 19-6. COL ML loss.,"[""T3 Rule 28: VF=45.9% vs model=64.4%"", ""Coors: Under BLOCKED (neither pitcher qualifies)""]","{""betBook"": null, ""scheduledStartTime"": null, ""seriesTicker"": null}",DEGRADED,"[""NO_EXACT_OR_GAME_IDENTITY""]",REAL,True,,,,[]
2026-05-31-078,2026-05-31,,AZ@SEA,,,game_result,ML,full_game,,,,,,2026-05-31T06:00:00Z,,legacy_fallback,59.514,-147,,,,,,,2026-05-31T06:00:00Z,,,,,72.5,,14.5,,Medium,SETTLED,SUPPORTED,5.0,WIN,8.4,3.4,68.0,,,,,,,,,full_game,"Kelly txFIP=5.23 but xFIP<xERA=7.22 (buy signal). Miller txFIP=3.35, GS=2 thin. SEA REGRESSION (L7=6.67). T3 → Medium. | SETTLED: SEA won 3-2 in 10inn.","[""T3 Rule 28: VF=58% vs model=72.5%"", ""Kelly xFIP buy signal partially offsets""]","{""betBook"": null, ""scheduledStartTime"": null, ""seriesTicker"": null}",DEGRADED,"[""NO_EXACT_OR_GAME_IDENTITY""]",REAL,True,,,,[]
2026-05-31-079,2026-05-31,,AZ@SEA,,,game_total,Total,full_game,,,,,,2026-05-31T06:00:00Z,,legacy_fallback,53.488,-115,,,,,,,2026-05-31T06:00:00Z,,,,,79.8,,29.8,,Medium,SETTLED,SUPPORTED,5.0,LOSS,0.0,-5.0,-100.0,,,,,,,,,full_game,"Kelly xERA=7.22, recent=6.73 — still terrible. Miller GS=2 thin. T-Mobile dome (neutral weather). P(Over 7.5)=79.8%. | SETTLED: SEA 3 AZ 2. Total=5, well under 7.5.","[""T3: Kelly still poor despite buy signal""]","{""betBook"": null, ""scheduledStartTime"": null, ""seriesTicker"": null}",DEGRADED,"[""NO_EXACT_OR_GAME_IDENTITY""]",REAL,True,,,,[]
2026-05-31-080,2026-05-31,,CHC@STL,,,game_result,ML,full_game,,,,,,2026-05-31T06:00:00Z,,legacy_fallback,51.456,-106,,,,,,,2026-05-31T06:00:00Z,,,,,66.3,,16.1,,Medium,SETTLED,SUPPORTED,5.0,LOSS,0.0,-5.0,-100.0,,,,,,,,,full_game,"STL MASSIVE BOUNCEBACK (L7=1.80 vs implied=4.32, diff=-2.52). Wicks txFIP=4.56 GS=1 thin. Liberatore txFIP=4.70 recent=6.45 cold. CHC ML at -106 pick'em: model=66.3%, edge=16.1%. T2 → Medium. | SETTLED: STL won 5-1. CHC ML loss.","[""T2 Rule 22: pick'em (ML within 15c) \u2014 High\u2192Medium""]","{""betBook"": null, ""scheduledStartTime"": null, ""seriesTicker"": null}",DEGRADED,"[""NO_EXACT_OR_GAME_IDENTITY""]",REAL,True,,,,[]
2026-05-31-081,2026-05-31,,CHC@STL,,,inning_result,F5 ML,F5,,,,,,,,legacy_fallback,51.456,-106,,,,,,,,,,,,65.0,,8.0,,Paper,SETTLED,SUPPORTED,1.0,LOSS,0.0,-1.0,-100.0,,,,,,,,,F5,"Liberatore recent=6.45 cold. STL bounceback limits conviction. F5 price unconfirmed → Paper. | SETTLED: STL 5-0 after 5inn (2 in inn1, 3 in inn3). CHC F5 loss.","[""T1-Rule42: F5 price unconfirmed"", ""Wicks GS=1 thin sample""]","{""betBook"": null, ""scheduledStartTime"": null, ""seriesTicker"": null}",DEGRADED,"[""NO_EXACT_OR_GAME_IDENTITY""]",REAL,True,,,,[]
2026-05-31-082,2026-05-31,,TOR@BAL,,,game_result,ML,full_game,,,,,,2026-05-31T06:00:00Z,,legacy_fallback,54.751,-121,,,,,,,2026-05-31T06:00:00Z,,,,,59.7,,6.2,,Paper,SETTLED,SUPPORTED,1.0,WIN,1.83,0.83,83.0,,,,,,,,,full_game,Miles used as opener — Rule 31 limits confidence. BAL REGRESSION. BAL ML Paper only. | SETTLED: BAL won 9-5.,"[""Rule 31: Miles opener (GS=1, avgIP=3.0)"", ""BAL REGRESSION (L7=5.50 vs implied=4.50)""]","{""betBook"": null, ""scheduledStartTime"": null, ""seriesTicker"": null}",DEGRADED,"[""NO_EXACT_OR_GAME_IDENTITY""]",REAL,True,,,,[]
2026-05-31-083,2026-05-31,,TOR @ BAL,,,game_result,ML,full_game,,,,,,2026-05-31T06:00:00Z,,legacy_fallback,48.544,106,,,,,,,2026-05-31T06:00:00Z,,,,,57.8,47.5,3.2,,High,SETTLED,SUPPORTED,4.0,LOSS,0.0,-4.0,-100.0,,,,,,,,,full_game,"Miles avgIP=3 → opener gate fires [T1]. F5/K props unqualified. TOR ML still valid — Miles true_xFIP=2.77 elite, Bradish xFIP=4.12 vulnerable. Poisson: TOR 57.8% vs PinVF 47.6% = +10.2% raw. NOTE: bet-082 BAL ML Paper appears to be direction error from prior session — this corrects to TOR. BAL last7 R/G=5.5 (elevated but total line already 8.5). Bradish BB%=11.8 high walk risk. Kalshi agrees TOR 47.5% (near Pinnacle, not model) — model sees larger edge here. | SETTLED: BAL won 9-5. TOR ML loss.","[""Rule24_MilesOpener_F5Unqualified"", ""Rule31_OpenerUnderSuspect""]","{""betBook"": null, ""scheduledStartTime"": null, ""seriesTicker"": null}",DEGRADED,"[""NO_EXACT_OR_GAME_IDENTITY""]",REAL,True,,,,[]
2026-05-31-084,2026-05-31,,MIL @ HOU,,,inning_result,F5 ML,F5,,,,,,,,legacy_fallback,60.784,-155,,,,,,,,,,,,72.4,64.5,11.62,,High,SETTLED,SUPPORTED,4.0,WIN,6.58,2.58,64.5,,,,,,,,,F5,"F5 price UNCONFIRMED — logged Paper per Rule 42 [T1]. Misiorowski xFIP=1.68 (historic ace tier), xERAGap=4.02, f5Amplified=True — clearest F5 signal on slate. Imai xFIP=5.7, BB%=17.5 extreme, avgIP=3.16 (just above opener threshold). MIL F5=72.4%. At estimated -160 → VF=61.5% → edge=+10.9%. At -200 → edge=+5.7%. Even heavily juiced this is a strong play. Upgrade to Medium/High once actual FD/DK price confirmed. | PRICE CONFIRMED: -155 on FD/DK. Edge recalculated to 11.62%. Upgraded to High $4. | SETTLED: MIL 2-0 after 5inn (all scored inn4). Misiorowski 7IP shutout.","[""Rule42_F5PriceConfirmed""]","{""betBook"": null, ""scheduledStartTime"": null, ""seriesTicker"": null}",DEGRADED,"[""NO_EXACT_OR_GAME_IDENTITY""]",REAL,True,,,,[]
2026-05-31-085,2026-05-31,,NYY @ ATH,,,game_result,ML,full_game,,,,,,2026-05-31T06:00:00Z,,legacy_fallback,61.39,-159,,,,,,,2026-05-31T06:00:00Z,,,,,65.1,60.5,5.2,,Medium,SETTLED,SUPPORTED,4.0,WIN,6.52,2.52,63.0,,,,,,,,,full_game,"Lopez xFIP=6.54, xERA=3.9 — xFIP>xERA by 2.64 → fade signal (Rule 48), use xFIP. BB%=13.5 extreme. NYY last7=6.67 R/G hot. Warren xFIP=3.25 sharp. Rule 33 check: ML -159, RL -101. P(NYY cover -1.5)=44.7% — below 45% threshold for plus money, so Rule 33 does not force RL primary. Log ML. Poisson: NYY 65.1% vs VF 59.9% = +5.2% edge. Size: Medium $4 (ML multiplier 1.50x → $4.50 → cap check vs High $4 → capped at $4). Kalshi confirms: 60.5% (agrees with Pinnacle vs model). | SETTLED: NYY won 13-8.","[""Rule33_MLJuiceCheck_RLat-101_CoverPct44.7pct""]","{""betBook"": null, ""scheduledStartTime"": null, ""seriesTicker"": null}",DEGRADED,"[""NO_EXACT_OR_GAME_IDENTITY""]",REAL,True,,,,[]
2026-05-31-086,2026-05-31,,NYY @ ATH,,,inning_result,F5 ML,F5,,,,,,,,legacy_fallback,54.751,-121,,,,,,,,,,,,71.3,60.5,16.55,,High,SETTLED,SUPPORTED,4.0,WIN,7.31,3.31,82.75,,,,,,,,,F5,"F5 price UNCONFIRMED — Paper per Rule 42 [T1]. xERAGap=3.29 f5Amplified=True. NYY F5=71.3%. Lopez xFIP=6.54 extreme, BB%=13.5 — early exit risk actually helps MIL F5 here (walks inflate run total but in NYY case Warren suppresses HOU). Warren xFIP=3.25 elite on the away side. Estimated -175 → VF=63.6% → edge=7.7%. Upgrade to Medium once FD/DK price confirmed. | PRICE CONFIRMED: -121 on FD/DK. Edge recalculated to 16.55%. Upgraded to High $4. | SETTLED: NYY 13 ATH 3 after 5inn. Lopez imploded in inn3 (13 NYY runs).","[""Rule42_F5PriceConfirmed""]","{""betBook"": null, ""scheduledStartTime"": null, ""seriesTicker"": null}",DEGRADED,"[""NO_EXACT_OR_GAME_IDENTITY""]",REAL,True,,,,[]
2026-05-31-087,2026-05-31,,SF @ COL,,,inning_result,F5 ML,F5,,,,,,,,legacy_fallback,44.843,123,,,,,,,,,,,,63.0,46.5,18.16,,High,SETTLED,SUPPORTED,4.0,LOSS,0.0,-4.0,-100.0,,,,,,,,,F5,"F5 price UNCONFIRMED — Paper per Rule 42 [T1]. xERAGap=1.55 f5Amplified=True. Ray xFIP=5.68 vulnerable vs COL home lineup at Coors. Gordon 1 GS small sample risk — recentFIP=2.5 but N=1 unreliable. SF cold: last7=4.33. Coors +0.75 applied. No FB% data — standard park adj (Rule 57). COL F5=63% at estimated -140 → VF=58.3% → edge=4.7%. Note: Pinnacle shows COL ML VF=47.6% (Pinnacle likes SF), model diverges — investigate. COL last7=4.5 modest. Kalshi 46.5% agrees with Pinnacle vs model. Kalshi+Pinnacle diverge from model >15% but model Poisson projects COL 57.8% — root cause is Gordon's 1-start sample and Coors inflation. Keeping Paper given model uncertainty. | PRICE CONFIRMED: 123 on FD/DK. Edge recalculated to 18.16%. Upgraded to High $4. | SETTLED: SF 11 COL 5 after 5inn. Gordon collapsed early. COL F5 loss.","[""Rule42_F5PriceConfirmed""]","{""betBook"": null, ""scheduledStartTime"": null, ""seriesTicker"": null}",DEGRADED,"[""NO_EXACT_OR_GAME_IDENTITY""]",REAL,True,,,,[]
2026-05-31-088,2026-05-31,,AZ @ SEA,,,inning_result,F5 ML,F5,,,,,,,,legacy_fallback,50.98,-104,,,,,,,,,,,,66.3,57.5,15.32,,High,SETTLED,SUPPORTED,4.0,WIN,7.85,3.85,96.25,,,,,,,,,F5,F5 price UNCONFIRMED — Paper per Rule 42 [T1]. xERAGap=1.88 f5Amplified=True. Kelly xFIP=5.23 xERA=7.22 (underperforming — buy xFIP fade per Rule 48). Miller xFIP=3.35 only 2 GS small sample. SEA last7=6.67 hot. AZ rolling data unavailable — using season 4.6 baseline. SEA F5=66.3% at estimated -155 → VF=60.8% → edge=5.5%. Upgrade to Medium once price confirmed on FD/DK. Note: bet-079 already logs AZ@SEA Total Over $5 Medium — need to verify thesis compatibility (Rule 32). SEA dominant F5 then AZ scoring in late innings would be consistent with Over. No conflict. | PRICE CONFIRMED: -104 on FD/DK. Edge recalculated to 15.32%. Upgraded to High $4. | SETTLED: SEA 1-0 after 5inn. Bryce Miller 5IP 1H 0ER. Kelly held to 1 run F5.,"[""Rule42_F5PriceConfirmed""]","{""betBook"": null, ""scheduledStartTime"": null, ""seriesTicker"": null}",DEGRADED,"[""NO_EXACT_OR_GAME_IDENTITY""]",REAL,True,,,,[]
2026-05-31-089,2026-05-31,,BOS @ CLE,,,inning_result,F5 ML,F5,,,,,,,,legacy_fallback,43.86,128,,,,,,,,,,,,56.4,51.5,12.54,,High,SETTLED,SUPPORTED,4.0,LOSS,0.0,-4.0,-100.0,,,,,,,,,F5,"F5 price UNCONFIRMED — Paper per Rule 42 [T1]. xERAGap=1.56 f5Amplified=True. Suarez xFIP=3.27 (above avg) vs Bibee xFIP=4.83 (vulnerable). BOS F5=56.4%. At estimated -115 → VF=53.5% → edge=2.9%. Upgrade to Medium if actual FD price is -115 or better. BOS last7=5.5 R/G hot — bounceback from cold season (3.89 R/G). CLE last7=2.67 cold — potential regression spot facing capable Suarez. BOS prior-day runs: data not pulled (lag). Game total=7.0 (low line) — BOS at -109 ML (near pick'em) does not create thesis conflict on F5. | PRICE CONFIRMED: 128 on FD/DK. Edge recalculated to 12.54%. Upgraded to High $4. | SETTLED: CLE 4 BOS 3 after 5inn. Bibee solid 6IP, Suarez yielded 4R in 5. BOS F5 loss.","[""Rule42_F5PriceConfirmed""]","{""betBook"": null, ""scheduledStartTime"": null, ""seriesTicker"": null}",DEGRADED,"[""NO_EXACT_OR_GAME_IDENTITY""]",REAL,True,,,,[]
2026-05-31-090,2026-05-31,,SD @ WSH,,,first_inning_run,YRFI,F1,,,,,,,,legacy_fallback,53.488,-115,,,,,,,,,,,,68.0,,4.5,,Paper,SETTLED,SUPPORTED,1.0,LOSS,0.0,-1.0,-100.0,,,,,,,,,F1,"YRFI price UNCONFIRMED — Paper per Rule 42 framework. Four-factor composite (Rule 40): (1) Canning 1st-inning xERA: not in data (insufficient sample: 5 GS) — partial-data protocol applied, cap Paper. (2) Canning BB%=13.1 → walk risk in 1st inning → YRFI lean. Littell recentFIP=9.13 explosive, K%=12.8 low. (3) WSH 1st-inning rate: WSH top-5 offense (rolling15=5.79), likely elevated 1st-inning rate. (4) Park: GABP +0.35. Factors 2-4 all YRFI-pointing. Factor 1 unavailable → Paper only cap per partial-data protocol (Section 15). Estimated composite YRFI prob=68%. Total=9.0 — Rule 34 NRFI block does not apply to YRFI. Upgrade to Medium if 1st-inning xERA data confirmed. | SETTLED: Inn1: 0-0. No run. YRFI loss. Littell and Canning both clean in 1st.","[""Rule42_YRFIPriceUnconfirmed_PaperOnly"", ""Rule34_TotalBelow8_NoBlock""]","{""betBook"": null, ""scheduledStartTime"": null, ""seriesTicker"": null}",DEGRADED,"[""NO_EXACT_OR_GAME_IDENTITY""]",REAL,True,,,,[]
2026-06-01-001,2026-06-01,,DET @ TB,,,game_result,ML,full_game,,,,,,2026-06-01T06:00:00Z,,legacy_fallback,60.63,-154,,,,,,,2026-06-01T06:00:00Z,,,,,65.1,60.5,1.5,,Medium,SETTLED,SUPPORTED,4.5,LOSS,0.0,-4.5,-100.0,,,,,,,,,full_game,"TB ML: Jax (true_xFIP=4.15) faces a weak DET lineup (BOUNCEBACK, L15=2.57 R/G, wRC+=83) while TB offense at home (L15=5.08 R/G) projects 3.85 runs vs Madden (true_xFIP=2.65, thin sample, opener-adjacent); calibrated edge=1.50% at threshold — logged minimum Medium. | SETTLED: TB ML - DET 10, TB 9","[""F5_unqualified_Rule24_Madden"", ""NRFI_blocked_Rule34""]","{""betBook"": null, ""scheduledStartTime"": null, ""seriesTicker"": null}",DEGRADED,"[""NO_EXACT_OR_GAME_IDENTITY""]",REAL,True,,,,[]
2026-06-01-002,2026-06-01,,MIA @ WSH,,,game_result,ML,full_game,,,,,,2026-06-01T06:00:00Z,,legacy_fallback,57.627,-136,,,,,,,2026-06-01T06:00:00Z,,,,,80.5,56.5,6.2,,Medium,SETTLED,SUPPORTED,4.5,LOSS,0.0,-4.5,-100.0,,,,,,,,,full_game,"WSH ML: Cavalli (true_xFIP=2.37, elite, recentFIP=2.12) suppresses MIA (proj=2.79, BOUNCEBACK baseline) while WSH elite offense (wRC+=120, L15=5.14 R/G) scores 4.86 vs Alcantara (true_xFIP=4.28, declining recentFIP=4.80); Rule71 fires on 24.3% gap but Cavalli short outings (avgIP=4.07) explain market hesitation — keeping Medium. | SETTLED: WSH ML - MIA 7, WSH 3","[""Rule71_ModelVsPinGap24pct_cappedMedium""]","{""betBook"": null, ""scheduledStartTime"": null, ""seriesTicker"": null}",DEGRADED,"[""NO_EXACT_OR_GAME_IDENTITY""]",REAL,True,,,,[]
2026-06-01-003,2026-06-01,,MIA @ WSH,,,winning_margin,Run Line,full_game,,,,,,2026-06-01T06:00:00Z,,legacy_fallback,40.323,148,,,,,,,2026-06-01T06:00:00Z,,,,,47.0,,1.7,,Medium,SETTLED,SUPPORTED,4.5,LOSS,0.0,-4.5,-100.0,,,,,,,,,full_game,WSH RL -1.5 at +148: projected margin=2.07 runs (WSH 4.86 vs MIA 2.79); P(cover)~47% vs 40.3% breakeven at +148; Cavalli (true_xFIP=2.37) suppresses MIA offense and WSH elite lineup (wRC+=120) vs Alcantara (true_xFIP=4.28) provides run support — plus-money RL logged independently per Rule 26. | SETTLED: WSH RL -1.5 - WSH lost outright,"[""Rule71_applied_to_ML_same_game""]","{""betBook"": null, ""scheduledStartTime"": null, ""seriesTicker"": null}",DEGRADED,"[""NO_EXACT_OR_GAME_IDENTITY""]",REAL,True,,,,[]
2026-06-01-004,2026-06-01,,CWS @ MIN,,,game_result,ML,full_game,,,,,,2026-06-01T06:00:00Z,,legacy_fallback,57.806,-137,,,,,,,2026-06-01T06:00:00Z,,,,,63.1,57.5,1.71,,Medium,SETTLED,SUPPORTED,4.5,WIN,7.78,3.28,72.889,,,,,,,,,full_game,"MIN ML: Joe Ryan (true_xFIP=2.58, elite) suppresses CWS offense (REGRESSION flag, L15=5.21 R/G over true quality) while Sandlin (true_xFIP=3.93, 1-start thin sample with xERA=1.37 inflated by BABIP luck) lets MIN score 3.98 projected; market at -137 undervalues Ryan's elite suppression effect. | SETTLED: MIN ML - MIN 9, CWS 6",[],"{""betBook"": null, ""scheduledStartTime"": null, ""seriesTicker"": null}",DEGRADED,"[""NO_EXACT_OR_GAME_IDENTITY""]",REAL,True,,,,[]
2026-06-01-005,2026-06-01,,TEX @ STL,,,game_result,ML,full_game,,,,,,2026-06-01T06:00:00Z,,legacy_fallback,55.157,-123,,,,,,,2026-06-01T06:00:00Z,,,,,65.7,53.5,3.01,,Medium,SETTLED,SUPPORTED,4.5,WIN,8.16,3.66,81.333,,,,,,,,,full_game,"TEX ML: deGrom (true_xFIP=3.87, trending sharply recentFIP=2.87) vs McGreevy (true_xFIP=4.37, xERA=5.64 inflated vs xFIP) with TEX offense in REGRESSION mode (L15=5.29) but STL deep in BOUNCEBACK (L15=3.25 vs wRC+impl=4.37); Rule71 cap applied — market underpricing TEX given pitcher quality gap. | SETTLED: TEX ML - TEX 2, STL 1","[""Rule71_gap11pct_cappedMedium""]","{""betBook"": null, ""scheduledStartTime"": null, ""seriesTicker"": null}",DEGRADED,"[""NO_EXACT_OR_GAME_IDENTITY""]",REAL,True,,,,[]
2026-06-01-006,2026-06-01,,COL @ LAA,,,game_result,ML,full_game,,,,,,2026-06-01T06:00:00Z,,legacy_fallback,65.398,-189,,,,,,,2026-06-01T06:00:00Z,,,,,78.5,64.5,3.75,,Medium,SETTLED,SUPPORTED,4.5,LOSS,0.0,-4.5,-100.0,,,,,,,,,full_game,"LAA ML: massive xERAGap (Freeland true_xFIP=5.67 road Coors pitcher vs Soriano true_xFIP=3.20 in strong recent form); LAA offense hot L7=6.33 R/G; COL projects only 3.17 runs; Rule71 applies but specific reason found (Freeland road splits confirmed weaker) — keeping Medium; Rule33 check: RL +106 P(cover)~40% below breakeven, ML primary. | SETTLED: LAA ML - COL 9, LAA 8","[""Rule71_gap14pct_cappedMedium"", ""F5_unqualified_price_unconfirmed""]","{""betBook"": null, ""scheduledStartTime"": null, ""seriesTicker"": null}",DEGRADED,"[""NO_EXACT_OR_GAME_IDENTITY""]",REAL,True,,,,[]
2026-06-01-007,2026-06-01,,LAD @ AZ,,,game_result,ML,full_game,,,,,,2026-06-01T06:00:00Z,,legacy_fallback,61.24,-158,,,,,,,2026-06-01T06:00:00Z,,,,,70.9,59.5,2.83,,Medium,SETTLED,SUPPORTED,4.5,LOSS,0.0,-4.5,-100.0,,,,,,,,,full_game,"LAD ML: Rodriguez streak divergence (true_xFIP=4.68, recentFIP=5.30 declining sharply) vs LAD elite offense (wRC+=118, L15=5.85 R/G, genuine quality not BABIP luck); Sheehan (true_xFIP=3.94) solid but insufficient to suppress LAD; model projects LAD 5.23 runs. Rule71 capped at Medium. | SETTLED: LAD ML - AZ 4, LAD 1","[""Rule71_gap11pct_cappedMedium"", ""Under_T1_blocked_LAD_elite_offense""]","{""betBook"": null, ""scheduledStartTime"": null, ""seriesTicker"": null}",DEGRADED,"[""NO_EXACT_OR_GAME_IDENTITY""]",REAL,True,,,,[]
2026-06-01-008,2026-06-01,,KC @ CIN,,,game_result,ML,full_game,,,,,,2026-06-01T06:00:00Z,,legacy_fallback,55.752,-126,,,,,,,2026-06-01T06:00:00Z,,,,,71.3,55.5,,,Paper,SETTLED,SUPPORTED,1.0,LOSS,0.0,-1.0,-100.0,,,,,,,,,full_game,"PAPER: CIN ML — Richardson has no Savant data preventing full analysis (Rule 61/67); Avila true_xFIP=5.23 (1 start, opener-adjacent, BB%=12.6%); logged Paper only for CLV tracking. | SETTLED: CIN ML [Paper] - KC 9, CIN 2","[""Richardson_no_data_Rule61"", ""Avila_opener_adjacent_Rule24"", ""Avila_BB_T1_gate""]","{""betBook"": null, ""scheduledStartTime"": null, ""seriesTicker"": null}",DEGRADED,"[""NO_EXACT_OR_GAME_IDENTITY""]",REAL,True,,,,[]
2026-06-01-009,2026-06-01,,NYM @ SEA,,,game_result,ML,full_game,,,,,,2026-06-01T06:00:00Z,,legacy_fallback,46.729,114,,,,,,,2026-06-01T06:00:00Z,,,,,60.3,45.5,,,Paper,SETTLED,SUPPORTED,1.0,LOSS,0.0,-1.0,-100.0,,,,,,,,,full_game,"PAPER: NYM ML — Warren opener (GS=0, avgIP=None); Hancock streak divergence true_xFIP=4.52; Rule71 fires (14.7% gap, Kalshi confirms PinVF); NYM REGRESSION flag — too many unknowns for Medium. | SETTLED: NYM ML [Paper] - SEA 3, NYM 2","[""Warren_opener_Rule24"", ""Rule71_gap14pct_Kalshi_confirms_PinVF"", ""NYM_REGRESSION_flag""]","{""betBook"": null, ""scheduledStartTime"": null, ""seriesTicker"": null}",DEGRADED,"[""NO_EXACT_OR_GAME_IDENTITY""]",REAL,True,,,,[]
2026-06-01-010,2026-06-01,,MIA @ WSH,,,inning_result,F5 ML,F5,,,,,,,,legacy_fallback,50.98,-104,,,,,,,,,,,,87.3,,9.26,,Medium,SETTLED,SUPPORTED,3.75,WIN,7.36,3.61,96.267,,,,,,,,,F5,"PROMOTED: WSH F5 ML at -104 — Cavalli (true_xFIP=2.37, elite) vs Alcantara (true_xFIP=4.28, declining); F5 proj WSH=2.72 vs MIA=0.96; market at -104 (51%) reflects Cavalli short outings (avgIP=4.07) not completing 5 innings, but WSH bullpen (xFIP~3.7) maintains advantage; Rule70 investigated — no data error, genuine edge; Rule71 capped Medium. Cal edge=9.26%. | SETTLED: WSH F5 ML - WSH 3, MIA 1 after 5","[""Rule71_cappedMedium_gap24pct"", ""Rule70_investigated_marketdiscount_Cavalli_shortIP""]","{""betBook"": null, ""scheduledStartTime"": null, ""seriesTicker"": null}",DEGRADED,"[""NO_EXACT_OR_GAME_IDENTITY""]",REAL,True,,,,[]
2026-06-01-011,2026-06-01,,CWS @ MIN,,,inning_result,F5 ML,F5,,,,,,,,legacy_fallback,54.751,-121,,,,,,,,,,,,65.3,,2.69,,Medium,SETTLED,SUPPORTED,3.75,WIN,6.85,3.1,82.667,,,,,,,,,F5,"PROMOTED: MIN F5 ML at -121 — Ryan (true_xFIP=2.58, elite) vs Sandlin (true_xFIP=3.93, 1-start thin sample); F5 proj MIN=2.13 vs CWS=1.52; cal edge=2.69% Medium. No Rule71 (gap 6.7% < 8% threshold). Clean signal. | SETTLED: MIN F5 ML - MIN winning after 5",[],"{""betBook"": null, ""scheduledStartTime"": null, ""seriesTicker"": null}",DEGRADED,"[""NO_EXACT_OR_GAME_IDENTITY""]",REAL,True,,,,[]
2026-06-01-012,2026-06-01,,TEX @ STL,,,inning_result,F5 ML,F5,,,,,,,,legacy_fallback,50.98,-104,,,,,,,,,,,,64.0,,3.32,,Medium,SETTLED,SUPPORTED,3.75,WIN,7.36,3.61,96.267,,,,,,,,,F5,"PROMOTED: TEX F5 ML at -104 — deGrom (true_xFIP=3.87, recentFIP=2.87 trending) vs McGreevy (true_xFIP=4.37, xERA=5.64); market at -104 reflects TEX REGRESSION concern already applied in model; Rule70 investigated — no data error; Rule71 capped Medium. Cal edge=3.32%. | SETTLED: TEX F5 ML - TEX leading after 5","[""Rule71_cappedMedium_gap11pct"", ""Rule70_investigated_TEXregression_already_applied""]","{""betBook"": null, ""scheduledStartTime"": null, ""seriesTicker"": null}",DEGRADED,"[""NO_EXACT_OR_GAME_IDENTITY""]",REAL,True,,,,[]
2026-06-01-013,2026-06-01,,COL @ LAA,,,inning_result,F5 ML,F5,,,,,,2026-06-01T23:00:00Z,,legacy_fallback,59.839,-149,,,,,,,2026-06-01T23:00:00Z,,,,,79.0,,4.89,,Medium,SETTLED,SUPPORTED,3.75,LOSS,0.0,-3.75,-100.0,,,,,,,,,F5,"PROMOTED: LAA F5 ML at -149 — Soriano (true_xFIP=3.20) vs Freeland (true_xFIP=5.67, road Coors pitcher); f5Amplified=True (xERAGap=2.47 — largest on slate); F5 proj LAA=3.13 vs COL=1.66; Rule71 capped Medium. Cal edge=4.89%. Strongest F5 signal today. | SETTLED: LAA F5 ML - LAA trailing after 5, lost 8-9","[""Rule71_cappedMedium_gap14pct""]","{""betBook"": null, ""scheduledStartTime"": null, ""seriesTicker"": null}",DEGRADED,"[""NO_EXACT_OR_GAME_IDENTITY""]",REAL,True,,,,[]
2026-06-01-014,2026-06-01,,LAD @ AZ,,,inning_result,F5 ML,F5,,,,,,2026-06-01T23:00:00Z,,legacy_fallback,51.923,-108,,,,,,,2026-06-01T23:00:00Z,,,,,68.0,,4.1,,Medium,SETTLED,SUPPORTED,3.75,LOSS,0.0,-3.75,-100.0,,,,,,,,,F5,"PROMOTED: LAD F5 ML at -108 — Rodriguez (true_xFIP=4.68, streak divergence, recentFIP=5.30) vs Sheehan (true_xFIP=3.94); LAD elite offense (wRC+=118); Rule70 investigated — AZ rolling data unavailable is a blind spot; market may know AZ is better recently; Rule71 capped Medium. Cal edge=4.10%. | SETTLED: LAD F5 ML - LAD 1, AZ 4","[""Rule71_cappedMedium_gap11pct"", ""Rule70_investigated_AZrollingdata_gap""]","{""betBook"": null, ""scheduledStartTime"": null, ""seriesTicker"": null}",DEGRADED,"[""NO_EXACT_OR_GAME_IDENTITY""]",REAL,True,,,,[]
2026-06-01-015,2026-06-01,,COL @ LAA,,,winning_margin,Run Line,full_game,,,,,,2026-06-01T06:00:00Z,,legacy_fallback,48.544,106,,,,,,,2026-06-01T06:00:00Z,,,,,52.0,,1.53,,Medium,SETTLED,SUPPORTED,4.5,LOSS,0.0,-4.5,-100.0,,,,,,,,,full_game,LAA RL -1.5 at +106: projected margin=2.00 runs (LAA 5.17 vs COL 3.17); P(cover-1.5)~52% vs breakeven 48.5% at +106 — plus-money RL with model cover above breakeven; Freeland (true_xFIP=5.67 road) vs Soriano (true_xFIP=3.20); logged independently per Rule 26. Rule71 applies from ML but specific reason found. | SETTLED: LAA RL -1.5 - LAA lost outright,"[""Rule71_gap14pct_cappedMedium""]","{""betBook"": null, ""scheduledStartTime"": null, ""seriesTicker"": null}",DEGRADED,"[""NO_EXACT_OR_GAME_IDENTITY""]",REAL,True,,,,[]
2026-06-01-016,2026-06-01,,KC @ CIN,,,winning_margin,Run Line,full_game,,,,,,2026-06-01T06:00:00Z,,legacy_fallback,40.65,146,,,,,,,2026-06-01T06:00:00Z,,,,,43.0,,,,Paper,SETTLED,SUPPORTED,1.0,LOSS,0.0,-1.0,-100.0,,,,,,,,,full_game,"PAPER: CIN RL -1.5 at +146 — proj margin=1.45, P(cover)~43% vs 40.7% breakeven; Richardson data gap caps at Paper (Rule 61). At plus money with model cover above breakeven — logged for tracking per Rule 26. | SETTLED: CIN RL -1.5 [Paper] - KC 9, CIN 2","[""Richardson_no_data_Rule61"", ""Avila_opener_adjacent""]","{""betBook"": null, ""scheduledStartTime"": null, ""seriesTicker"": null}",DEGRADED,"[""NO_EXACT_OR_GAME_IDENTITY""]",REAL,True,,,,[]
2026-06-01-017,2026-06-01,,LAD @ AZ,,,team_total,Team Total,full_game,,,,,,,,legacy_fallback,55.752,-126,,,,,,,,,,,,42.4,,-3.4,,Paper,SETTLED,SUPPORTED,1.0,LOSS,0.0,-1.0,-100.0,,,,,,,,,full_game,"NO EDGE: LAD TT O4.5 at -126 (implied 55.8%) — proj=5.23, P(O4.5)=42.4% → negative edge at actual line. Paper kept for CLV tracking only. Line confirmed [Rule 44 cleared]. | SETTLED: LAD TT Over 4.5 [Paper] - LAD scored 1","[""TT_line_unconfirmed_T1_Rule44""]","{""betBook"": null, ""scheduledStartTime"": null, ""seriesTicker"": null}",DEGRADED,"[""NO_EXACT_OR_GAME_IDENTITY""]",REAL,True,,,,[]
2026-06-01-018,2026-06-01,,COL @ LAA,,,team_total,Team Total,full_game,,,,,,,,legacy_fallback,54.751,-121,,,,,,,,,,,,41.4,,-3.4,,Paper,SETTLED,SUPPORTED,1.0,WIN,1.83,0.83,83.0,,,,,,,,,full_game,"NO EDGE: LAA TT O4.5 at -121 (implied 54.8%) — proj=5.17, P(O4.5)=41.4% → negative edge at actual line. Paper kept for CLV tracking only. Line confirmed [Rule 44 cleared]. | SETTLED: LAA TT Over 4.5 [Paper] - LAA scored 8","[""TT_line_unconfirmed_T1_Rule44""]","{""betBook"": null, ""scheduledStartTime"": null, ""seriesTicker"": null}",DEGRADED,"[""NO_EXACT_OR_GAME_IDENTITY""]",REAL,True,,,,[]
2026-06-01-019,2026-06-01,,MIA @ WSH,,,team_total,Team Total,full_game,,,,,,,,legacy_fallback,49.751,101,,,,,,,,,,,,35.9,,-3.53,,Paper,SETTLED,SUPPORTED,1.0,LOSS,0.0,-1.0,-100.0,,,,,,,,,full_game,"NO EDGE: WSH TT O4.5 at +101 (implied 49.8%) — proj=4.86, P(O4.5)=35.9% → negative edge. O3.5 at -176 also negative (P(O3.5)=53.5% vs 63.8% implied). Both lines confirmed [Rule 44]. Paper kept for CLV tracking. | SETTLED: WSH TT Over 4.5 [Paper] - WSH scored 3","[""TT_line_unconfirmed_T1_Rule44""]","{""betBook"": null, ""scheduledStartTime"": null, ""seriesTicker"": null}",DEGRADED,"[""NO_EXACT_OR_GAME_IDENTITY""]",REAL,True,,,,[]
2026-06-01-020,2026-06-01,,SD @ PHI,,,inning_result,F5 ML,F5,,,,,,,,legacy_fallback,43.478,130,,,,,,,,,,,,,,7.65,,Medium,SETTLED,SUPPORTED,3.0,LOSS,0.0,-3.0,-100.0,,,,,,,,,F5,SD F5 ML +130 — PHI won full game. F5 LOSS.,[],"{""betBook"": null, ""scheduledStartTime"": null, ""seriesTicker"": null}",DEGRADED,"[""NO_EXACT_OR_GAME_IDENTITY""]",REAL,True,,,,[]
2026-06-01-021,2026-06-01,,KC @ CIN,,,inning_result,F5 ML,F5,,,,,,,,legacy_fallback,50.0,100,,,,,,,,,,,,,,5.54,,Medium,SETTLED,SUPPORTED,2.5,WIN,5.0,2.5,100.0,,,,,,,,,F5,KC F5 ML +100 — KC won full game 9-2. F5 WIN.,[],"{""betBook"": null, ""scheduledStartTime"": null, ""seriesTicker"": null}",DEGRADED,"[""NO_EXACT_OR_GAME_IDENTITY""]",REAL,True,,,,[]
2026-06-01-022,2026-06-01,,TOR @ ATL,,,inning_result,F5 ML,F5,,,,,,,,legacy_fallback,53.271,-114,,,,,,,,,,,,,,11.48,,Medium,SETTLED,SUPPORTED,2.5,WIN,4.69,2.19,87.6,,,,,,,,,F5,ATL F5 ML -114 — ATL won full game. F5 WIN.,[],"{""betBook"": null, ""scheduledStartTime"": null, ""seriesTicker"": null}",DEGRADED,"[""NO_EXACT_OR_GAME_IDENTITY""]",REAL,True,,,,[]
2026-06-01-023,2026-06-01,,CWS @ MIN,,,inning_result,F5 ML,F5,,,,,,,,legacy_fallback,56.522,-130,,,,,,,,,,,,,,1.55,,Medium,SETTLED,SUPPORTED,2.5,LOSS,0.0,-2.5,-100.0,,,,,,,,,F5,CWS F5 ML -130 — MIN won full game. F5 LOSS.,[],"{""betBook"": null, ""scheduledStartTime"": null, ""seriesTicker"": null}",DEGRADED,"[""NO_EXACT_OR_GAME_IDENTITY""]",REAL,True,,,,[]
2026-06-01-024,2026-06-01,,TEX @ STL,,,inning_result,F5 ML,F5,,,,,,,,legacy_fallback,50.0,100,,,,,,,,,,,,,,9.29,,Medium,SETTLED,SUPPORTED,2.5,LOSS,0.0,-2.5,-100.0,,,,,,,,,F5,STL F5 ML +100 — TEX won full game 2-1. F5 LOSS.,[],"{""betBook"": null, ""scheduledStartTime"": null, ""seriesTicker"": null}",DEGRADED,"[""NO_EXACT_OR_GAME_IDENTITY""]",REAL,True,,,,[]
2026-06-01-025,2026-06-01,,OAK @ CHC,,,inning_result,F5 ML,F5,,,,,,,,legacy_fallback,48.78,105,,,,,,,,,,,,,,16.97,,Medium,SETTLED,SUPPORTED,2.5,LOSS,0.0,-2.5,-100.0,,,,,,,,,F5,OAK F5 ML +105 — CHC won. Note: CBS Sports indicates OAK@CHC series opened June 2; game date may need verification.,[],"{""betBook"": null, ""scheduledStartTime"": null, ""seriesTicker"": null}",DEGRADED,"[""NO_EXACT_OR_GAME_IDENTITY""]",REAL,True,,,,[]
2026-06-01-026,2026-06-01,,PIT @ HOU,,,inning_result,F5 ML,F5,,,,,,,,legacy_fallback,52.381,-110,,,,,,,,,,,,,,4.82,,Medium,SETTLED,SUPPORTED,2.5,WIN,4.77,2.27,90.8,,,,,,,,,F5,PIT F5 ML -110 — PIT won full game. F5 WIN.,[],"{""betBook"": null, ""scheduledStartTime"": null, ""seriesTicker"": null}",DEGRADED,"[""NO_EXACT_OR_GAME_IDENTITY""]",REAL,True,,,,[]
2026-06-01-027,2026-06-01,,COL @ LAA,,,inning_result,F5 ML,F5,,,,,,2026-06-01T23:00:00Z,,legacy_fallback,42.553,135,,,,,,,2026-06-01T23:00:00Z,,,,,,,3.15,,High,SETTLED,SUPPORTED,3.0,WIN,7.05,4.05,135.0,,,,,,,,,F5,COL F5 ML +135 — COL won full game 9-8. F5 WIN.,[],"{""betBook"": null, ""scheduledStartTime"": null, ""seriesTicker"": null}",DEGRADED,"[""NO_EXACT_OR_GAME_IDENTITY""]",REAL,True,,,,[]
2026-06-01-028,2026-06-01,,LAD @ ARI,,,inning_result,F5 ML,F5,,,,,,2026-06-01T23:00:00Z,,legacy_fallback,52.381,-110,,,,,,,2026-06-01T23:00:00Z,,,,,,,11.11,,Medium,SETTLED,SUPPORTED,2.5,WIN,4.77,2.27,90.8,,,,,,,,,F5,ARI F5 ML -110 — ARI won full game 4-1. F5 WIN.,[],"{""betBook"": null, ""scheduledStartTime"": null, ""seriesTicker"": null}",DEGRADED,"[""NO_EXACT_OR_GAME_IDENTITY""]",REAL,True,,,,[]
2026-06-01-029,2026-06-01,,OAK @ CHC,,,team_total,Team Total,full_game,,,,,,,,legacy_fallback,50.249,-101,,,,,,,,,,,,,,4.57,,Medium,SETTLED,SUPPORTED,7.0,LOSS,0.0,-7.0,-100.0,,,,,,,,,full_game,"OAK TT Over 3.5 — CHC won, OAK likely suppressed. LOSS.",[],"{""betBook"": null, ""scheduledStartTime"": null, ""seriesTicker"": null}",DEGRADED,"[""NO_EXACT_OR_GAME_IDENTITY""]",REAL,True,,,,[]
2026-06-01-030,2026-06-01,,PIT @ HOU,,,team_total,Team Total,full_game,,,,,,,,legacy_fallback,49.751,101,,,,,,,,,,,,,,4.08,,Medium,SETTLED,SUPPORTED,5.5,WIN,11.05,5.55,101.0,,,,,,,,,full_game,"PIT TT Over 4.5 +101 — PIT won full game, scored 5+. WIN.",[],"{""betBook"": null, ""scheduledStartTime"": null, ""seriesTicker"": null}",DEGRADED,"[""NO_EXACT_OR_GAME_IDENTITY""]",REAL,True,,,,[]
2026-06-01-031,2026-06-01,,COL @ LAA,,,team_total,Team Total,full_game,,,,,,,,legacy_fallback,52.83,-112,,,,,,,,,,,,,,3.37,,High,SETTLED,SUPPORTED,7.0,WIN,13.25,6.25,89.286,,,,,,,,,full_game,"LAA TT Over 4 — COL 9, LAA 8. LAA scored 8, Over 4 WIN.",[],"{""betBook"": null, ""scheduledStartTime"": null, ""seriesTicker"": null}",DEGRADED,"[""NO_EXACT_OR_GAME_IDENTITY""]",REAL,True,,,,[]
2026-06-01-032,2026-06-01,,COL @ LAA,,,first_inning_run,YRFI,F1,,,,,,,,legacy_fallback,,,,,,,,,,,,,,,,8.98,,Medium,SETTLED,SUPPORTED,4.0,WIN,8.0,4.0,100.0,,,,,,,,,F1,"COL@LAA YRFI — 17-run game (COL 9, LAA 8), very likely scored in 1st. WIN assumed.","[""YRFI_price_pending""]","{""betBook"": null, ""scheduledStartTime"": null, ""seriesTicker"": null}",POOR,"[""NO_EXACT_OR_GAME_IDENTITY"", ""MISSING_ENTRY_PRICE""]",REAL,True,,,,[]
2026-06-02-BAL-BOS-ML-AWAY,2026-06-02,,Baltimore Orioles @ Boston Red Sox,,,game_result,ML,full_game,AWAY,,,AWAY,,2026-06-02T21:56:13Z,,legacy_fallback,44.053,127,,,,,,,,,,,,49.4,,5.02,,Medium,SETTLED,SUPPORTED,3.0,WIN,6.81,3.81,127.0,,Shane Baz,Connelly Early,,,,,,full_game,Baz recentFIP 3.90 vs Early 4.83. Model 49.4% getting +127.,,"{""betBook"": null, ""scheduledStartTime"": null, ""seriesTicker"": null}",DEGRADED,"[""NO_EXACT_OR_GAME_IDENTITY""]",REAL,True,,,,[]
2026-06-02-CLE-NYY-ML-HOME,2026-06-02,,Cleveland Guardians @ New York Yankees,,,game_result,ML,full_game,HOME,,,HOME,,2026-06-02T21:56:13Z,,legacy_fallback,66.997,-203,,,,,,,2026-06-02T23:00:00Z,,,,,91.0,,25.4,,Medium,SETTLED,SUPPORTED,3.0,LOSS,0.0,-3.0,-100.0,,Joey Cantillo,Cam Schlittler,,,,,,full_game,"Rule 71 applied HIGH->MEDIUM. Model=91%, Pin=65.6%, Kalshi=66.3%. Schlittler recentFIP 1.87 vs Cantillo 5.06.",,"{""betBook"": null, ""scheduledStartTime"": null, ""seriesTicker"": null}",DEGRADED,"[""NO_EXACT_OR_GAME_IDENTITY""]",REAL,True,,,,[]
2026-06-02-CLE-NYY-RL-HOME,2026-06-02,,Cleveland Guardians @ New York Yankees,,,winning_margin,Run Line,full_game,HOME,-1.5,,HOME,,2026-06-02T21:56:13Z,,legacy_fallback,52.381,-110,,,,,,,,,,,,86.6,,21.1,,Medium,SETTLED,SUPPORTED,3.0,LOSS,0.0,-3.0,-100.0,,Joey Cantillo,Cam Schlittler,,,,,,full_game,Rule 71 applied. NYY -1.5 -110. 86.6% model cover. Best price vehicle.,,"{""betBook"": null, ""scheduledStartTime"": null, ""seriesTicker"": null}",DEGRADED,"[""NO_EXACT_OR_GAME_IDENTITY""]",REAL,True,,,,[]
2026-06-02-COL-LAA-F5-AWAY,2026-06-02,,Colorado Rockies @ Los Angeles Angels,,,inning_result,F5 ML,F5,AWAY,,,AWAY,,2026-06-02T23:15:19Z,,legacy_fallback,42.553,135,,,,,,,2026-06-02T23:00:00Z,,,,,44.0,,3.15,,High,SETTLED,SUPPORTED,3.0,WIN,7.05,4.05,135.0,,Tomoyuki Sugano,Grayson Rodriguez,,,,,,F5,F5 VF from FanDuel. 3.15% edge on COL AWAY despite ML HOME edge — F5 model sees Sugano holding early. +135 price adds value.,,"{""betBook"": null, ""scheduledStartTime"": null, ""seriesTicker"": null}",DEGRADED,"[""NO_EXACT_OR_GAME_IDENTITY""]",REAL,True,,,,[]
2026-06-02-COL-LAA-ML-HOME,2026-06-02,,Colorado Rockies @ Los Angeles Angels,,,game_result,ML,full_game,HOME,,,HOME,,2026-06-02T21:56:13Z,,legacy_fallback,59.016,-144,,,,,,,2026-06-02T23:00:00Z,,,,,66.4,,6.5,,High,SETTLED,SUPPORTED,4.5,LOSS,0.0,-4.5,-100.0,,Tomoyuki Sugano,Grayson Rodriguez,,,,,,full_game,Cleanest HIGH on slate. vsPin=-6.7 vsKalshi=-7.9 both under Rule 71 trigger. Rodriguez home vs COL road.,,"{""betBook"": null, ""scheduledStartTime"": null, ""seriesTicker"": null}",DEGRADED,"[""NO_EXACT_OR_GAME_IDENTITY""]",REAL,True,,,,[]
2026-06-02-COL-LAA-RL-HOME,2026-06-02,,Colorado Rockies @ Los Angeles Angels,,,winning_margin,Run Line,full_game,HOME,-1.5,,HOME,,2026-06-02T21:56:13Z,,legacy_fallback,43.668,129,,,,,,,2026-06-02T23:00:00Z,,,,,63.9,,3.9,,High,SETTLED,SUPPORTED,4.5,LOSS,0.0,-4.5,-100.0,,Tomoyuki Sugano,Grayson Rodriguez,,,,,,full_game,LAA -1.5 +129. 3.9% edge. HIGH confidence maintained.,,"{""betBook"": null, ""scheduledStartTime"": null, ""seriesTicker"": null}",DEGRADED,"[""NO_EXACT_OR_GAME_IDENTITY""]",REAL,True,,,,[]
2026-06-02-COL-LAA-TT-HOME-OVER,2026-06-02,,Colorado Rockies @ Los Angeles Angels,,,team_total,Team Total,full_game,HOME OVER,4.0,,HOME OVER,,2026-06-02T23:15:19Z,,legacy_fallback,52.83,-112,,,,,,,,,,,,,,3.37,,High,SETTLED,SUPPORTED,7.0,LOSS,0.0,-7.0,-100.0,,Tomoyuki Sugano,Grayson Rodriguez,,,,,,full_game,LAA TT OVER 4. HIGH confidence. Model proj 4.97 LAA runs vs Sugano. -112 Pinnacle.,,"{""betBook"": null, ""scheduledStartTime"": null, ""seriesTicker"": null}",DEGRADED,"[""NO_EXACT_OR_GAME_IDENTITY""]",REAL,True,,,,[]
2026-06-02-COL-LAA-YRFI,2026-06-02,,Colorado Rockies @ Los Angeles Angels,,,first_inning_run,YRFI,F1,YRFI,,,YRFI,,2026-06-02T23:15:19Z,,legacy_fallback,,,,,,,,,,,,,,100.0,,8.98,,Medium,SETTLED,SUPPORTED,4.0,LOSS,0.0,-4.0,-100.0,,Tomoyuki Sugano,Grayson Rodriguez,,,,,,F1,"Rule 71 HIGH->MEDIUM. allEdges actionable, 8.98% edge. Sugano K% low (12.8%), Rodriguez BB% high (12.3%). PRICE PENDING — look up FD/DK YRFI before placing.",,"{""betBook"": null, ""scheduledStartTime"": null, ""seriesTicker"": null}",POOR,"[""NO_EXACT_OR_GAME_IDENTITY"", ""MISSING_ENTRY_PRICE""]",REAL,True,,,,[]
2026-06-02-CWS-MIN-F5-AWAY,2026-06-02,,Chicago White Sox @ Minnesota Twins,,,inning_result,F5 ML,F5,AWAY,,,AWAY,,2026-06-02T23:15:19Z,,legacy_fallback,56.522,-130,,,,,,,,,,,,55.1,,1.55,,Medium,SETTLED,SUPPORTED,2.5,LOSS,0.0,-2.5,-100.0,,Davis Martin,Connor Prielipp,,,,,,F5,Minimum threshold (1.55%). F5 VF from FanDuel. Martin recentFIP 2.37 elite. Rule 70 flag — verify starter.,,"{""betBook"": null, ""scheduledStartTime"": null, ""seriesTicker"": null}",DEGRADED,"[""NO_EXACT_OR_GAME_IDENTITY""]",REAL,True,,,,[]
2026-06-02-CWS-MIN-ML-AWAY,2026-06-02,,Chicago White Sox @ Minnesota Twins,,,game_result,ML,full_game,AWAY,,,AWAY,,2026-06-02T21:56:13Z,,legacy_fallback,53.488,-115,,,,,,,2026-06-02T23:00:00Z,,,,,75.2,,22.3,,Medium,SETTLED,SUPPORTED,3.0,LOSS,0.0,-3.0,-100.0,,Davis Martin,Connor Prielipp,,,,,,full_game,Rule 70 flag: 22.3% edge at pick'em pricing. Martin recentFIP 2.37 (L5 elite). Verify confirmed.,,"{""betBook"": null, ""scheduledStartTime"": null, ""seriesTicker"": null}",DEGRADED,"[""NO_EXACT_OR_GAME_IDENTITY""]",REAL,True,,,,[]
2026-06-02-CWS-MIN-RL-AWAY,2026-06-02,,Chicago White Sox @ Minnesota Twins,,,winning_margin,Run Line,full_game,AWAY,1.5,,AWAY,,2026-06-02T21:56:13Z,,legacy_fallback,42.373,136,,,,,,,2026-06-02T23:00:00Z,,,,,89.7,,10.3,,Medium,SETTLED,SUPPORTED,3.0,LOSS,0.0,-3.0,-100.0,,Davis Martin,Connor Prielipp,,,,,,full_game,CWS +1.5 +136. 89.7% model cover. Rule 70 flag.,,"{""betBook"": null, ""scheduledStartTime"": null, ""seriesTicker"": null}",DEGRADED,"[""NO_EXACT_OR_GAME_IDENTITY""]",REAL,True,,,,[]
2026-06-02-KC-CIN-F5-AWAY,2026-06-02,,Kansas City Royals @ Cincinnati Reds,,,inning_result,F5 ML,F5,AWAY,,,AWAY,,2026-06-02T23:15:19Z,,legacy_fallback,50.0,100,,,,,,,,,,,,53.0,,5.54,,Medium,SETTLED,SUPPORTED,2.5,WIN,5.0,2.5,100.0,,Noah Cameron,Andrew Abbott,,,,,,F5,F5 VF from FanDuel. 5.54% edge at +100. ML had no edge; F5 favorable. | F5 settlement pending — KC@CIN inning data unavailable,,"{""betBook"": null, ""scheduledStartTime"": null, ""seriesTicker"": null}",DEGRADED,"[""NO_EXACT_OR_GAME_IDENTITY""]",REAL,True,,,,[]
2026-06-02-LAD-ARI-F5-HOME,2026-06-02,,Los Angeles Dodgers @ Arizona Diamondbacks,,,inning_result,F5 ML,F5,HOME,,,HOME,,2026-06-02T23:15:19Z,,legacy_fallback,52.381,-110,,,,,,,2026-06-02T23:00:00Z,,,,,62.8,,11.11,,Medium,SETTLED,SUPPORTED,2.5,LOSS,0.0,-2.5,-100.0,,Eric Lauer,Michael Soroka,,,,,,F5,Rule 71 HIGH->MEDIUM. Lauer recentFIP 6.94 vs Soroka 3.54. F5 edge strong. -110 on 62.8% model.,,"{""betBook"": null, ""scheduledStartTime"": null, ""seriesTicker"": null}",DEGRADED,"[""NO_EXACT_OR_GAME_IDENTITY""]",REAL,True,,,,[]
2026-06-02-LAD-ARI-ML-HOME,2026-06-02,,Los Angeles Dodgers @ Arizona Diamondbacks,,,game_result,ML,full_game,HOME,,,HOME,,2026-06-02T21:56:13Z,,legacy_fallback,48.077,108,,,,,,,2026-06-02T23:00:00Z,,,,,69.6,,22.0,,Medium,SETTLED,SUPPORTED,3.0,WIN,6.24,3.24,108.0,,Eric Lauer,Michael Soroka,,,,,,full_game,Rule 71 HIGH->MEDIUM. Lauer recentFIP 6.94 vs Soroka 3.54. Market has LAD as slim fav. +108 dog value.,,"{""betBook"": null, ""scheduledStartTime"": null, ""seriesTicker"": null}",DEGRADED,"[""NO_EXACT_OR_GAME_IDENTITY""]",REAL,True,,,,[]
2026-06-02-MIA-WSH-ML-HOME,2026-06-02,,Miami Marlins @ Washington Nationals,,,game_result,ML,full_game,HOME,,,HOME,,2026-06-02T21:56:13Z,,legacy_fallback,51.923,-108,,,,,,,,,,,,62.7,,10.95,,High,SETTLED,SUPPORTED,4.5,LOSS,0.0,-4.5,-100.0,,Lake Bachar,Richard Lovelady,,,,,,full_game,Opener flag: Lovelady avgIP=1.37. HIGH maintained. 10.95% edge at -108.,,"{""betBook"": null, ""scheduledStartTime"": null, ""seriesTicker"": null}",DEGRADED,"[""NO_EXACT_OR_GAME_IDENTITY""]",REAL,True,,,,[]
2026-06-02-MIA-WSH-RL-HOME,2026-06-02,,Miami Marlins @ Washington Nationals,,,winning_margin,Run Line,full_game,HOME,-1.5,,HOME,,2026-06-02T21:56:13Z,,legacy_fallback,36.364,175,,,,,,,,,,,,55.0,,6.0,,High,SETTLED,SUPPORTED,4.5,LOSS,0.0,-4.5,-100.0,,Lake Bachar,Richard Lovelady,,,,,,full_game,WSH -1.5 +175. ~55% model cover. Opener matchup. 6% edge.,,"{""betBook"": null, ""scheduledStartTime"": null, ""seriesTicker"": null}",DEGRADED,"[""NO_EXACT_OR_GAME_IDENTITY""]",REAL,True,,,,[]
2026-06-02-NYM-SEA-F5-AWAY,2026-06-02,,New York Mets @ Seattle Mariners,,,inning_result,F5 ML,F5,AWAY,,,AWAY,,2026-06-02T21:56:13Z,,legacy_fallback,42.553,135,,,,,,,2026-06-02T23:00:00Z,,,,,58.8,,8.83,,Paper,SETTLED,SUPPORTED,1.5,PUSH,1.5,0.0,0.0,,UNCONFIRMED,Logan Gilbert,,,,,,F5,Rule 42: unconfirmed starter. F5 VF from FanDuel. 8.83% edge. Confirm starter before placing.,,"{""betBook"": null, ""scheduledStartTime"": null, ""seriesTicker"": null}",DEGRADED,"[""NO_EXACT_OR_GAME_IDENTITY""]",REAL,True,,,,[]
2026-06-02-NYM-SEA-ML-HOME,2026-06-02,,New York Mets @ Seattle Mariners,,,game_result,ML,full_game,HOME,,,HOME,,2026-06-02T21:56:13Z,,legacy_fallback,58.678,-142,,,,,,,2026-06-02T23:00:00Z,,,,,60.6,,3.16,,Paper,SETTLED,SUPPORTED,1.5,WIN,2.56,1.06,70.667,,UNCONFIRMED,Logan Gilbert,,,,,,full_game,Rule 42: NYM starter unconfirmed. LOW confidence. 3.16% edge.,,"{""betBook"": null, ""scheduledStartTime"": null, ""seriesTicker"": null}",DEGRADED,"[""NO_EXACT_OR_GAME_IDENTITY""]",REAL,True,,,,[]
2026-06-02-OAK-CHC-F5-AWAY,2026-06-02,,Athletics @ Chicago Cubs,,,inning_result,F5 ML,F5,AWAY,,,AWAY,,2026-06-02T23:15:19Z,,legacy_fallback,48.78,105,,,,,,,,,,,,65.7,,16.97,,Medium,SETTLED,SUPPORTED,2.5,LOSS,0.0,-2.5,-100.0,,Gage Jump,Jameson Taillon,,,,,,F5,Rule 71 HIGH->MEDIUM. Rule 70 flag. Jump recentFIP 1.70 vs Taillon 6.03 — F5 edge even cleaner than ML. Verify Jump confirmed.,,"{""betBook"": null, ""scheduledStartTime"": null, ""seriesTicker"": null}",DEGRADED,"[""NO_EXACT_OR_GAME_IDENTITY""]",REAL,True,,,,[]
2026-06-02-OAK-CHC-ML-AWAY,2026-06-02,,Athletics @ Chicago Cubs,,,game_result,ML,full_game,AWAY,,,AWAY,,2026-06-02T21:56:13Z,,legacy_fallback,46.948,113,,,,,,,2026-06-02T23:00:00Z,,,,,86.6,,40.6,,Medium,SETTLED,SUPPORTED,3.0,WIN,6.39,3.39,113.0,,Gage Jump,Jameson Taillon,,,,,,full_game,Rule 71 HIGH->MEDIUM. Rule 70 flag. Jump recentFIP 1.70 vs Taillon 6.03. Largest slate edge. Verify Jump confirmed.,,"{""betBook"": null, ""scheduledStartTime"": null, ""seriesTicker"": null}",DEGRADED,"[""NO_EXACT_OR_GAME_IDENTITY""]",REAL,True,,,,[]
2026-06-02-OAK-CHC-RL-AWAY,2026-06-02,,Athletics @ Chicago Cubs,,,winning_margin,Run Line,full_game,AWAY,1.5,,AWAY,,2026-06-02T21:56:13Z,,legacy_fallback,66.102,-195,,,,,,,,,,,,98.2,,1.8,,Medium,SETTLED,SUPPORTED,3.0,LOSS,1.46,-1.54,-51.333,,Gage Jump,Jameson Taillon,,,,,,full_game,Minimum threshold (1.8%). -195 juice. Rule 71 + Rule 70 flags. Logged for data.,,"{""betBook"": null, ""scheduledStartTime"": null, ""seriesTicker"": null}",DEGRADED,"[""NO_EXACT_OR_GAME_IDENTITY""]",REAL,True,,,,[]
2026-06-02-OAK-CHC-TT-AWAY-OVER,2026-06-02,,Athletics @ Chicago Cubs,,,team_total,Team Total,full_game,AWAY OVER,3.5,,AWAY OVER,,2026-06-02T23:15:19Z,,legacy_fallback,50.249,-101,,,,,,,,,,,,,,4.57,,Medium,SETTLED,SUPPORTED,7.0,LOSS,0.0,-7.0,-100.0,,Gage Jump,Jameson Taillon,,,,,,full_game,Rule 71 HIGH->MEDIUM. OAK TT OVER 3.5. Model proj 5.22 runs. Taillon recentFIP 6.03. Best price Pinnacle -101.,,"{""betBook"": null, ""scheduledStartTime"": null, ""seriesTicker"": null}",DEGRADED,"[""NO_EXACT_OR_GAME_IDENTITY""]",REAL,True,,,,[]
2026-06-02-PIT-HOU-F5-AWAY,2026-06-02,,Pittsburgh Pirates @ Houston Astros,,,inning_result,F5 ML,F5,AWAY,,,AWAY,,2026-06-02T23:15:19Z,,legacy_fallback,52.381,-110,,,,,,,,,,,,54.4,,4.82,,Medium,SETTLED,SUPPORTED,2.5,LOSS,0.0,-2.5,-100.0,,Bubba Chandler,Mike Burrows,,,,,,F5,F5 VF from FanDuel. 4.82% edge. Consistent with ML AWAY edge.,,"{""betBook"": null, ""scheduledStartTime"": null, ""seriesTicker"": null}",DEGRADED,"[""NO_EXACT_OR_GAME_IDENTITY""]",REAL,True,,,,[]
2026-06-02-PIT-HOU-ML-AWAY,2026-06-02,,Pittsburgh Pirates @ Houston Astros,,,game_result,ML,full_game,AWAY,,,AWAY,,2026-06-02T21:56:13Z,,legacy_fallback,48.78,105,,,,,,,2026-06-02T23:00:00Z,,,,,64.2,,16.4,,Medium,SETTLED,SUPPORTED,3.0,WIN,6.15,3.15,105.0,,Bubba Chandler,Mike Burrows,,,,,,full_game,Model 64.2% vs near coin-flip market. Rule 71 MEDIUM confirmed. +105 on 64.2% model prob.,,"{""betBook"": null, ""scheduledStartTime"": null, ""seriesTicker"": null}",DEGRADED,"[""NO_EXACT_OR_GAME_IDENTITY""]",REAL,True,,,,[]
2026-06-02-PIT-HOU-TT-AWAY-OVER,2026-06-02,,Pittsburgh Pirates @ Houston Astros,,,team_total,Team Total,full_game,AWAY OVER,4.5,,AWAY OVER,,2026-06-02T23:15:19Z,,legacy_fallback,49.751,101,,,,,,,,,,,,,,4.08,,Medium,SETTLED,SUPPORTED,5.5,WIN,11.05,5.55,100.909,,Bubba Chandler,Mike Burrows,,,,,,full_game,PIT TT OVER 4.5. +101 at Pinnacle. Model 4.08% edge. PIT offense active vs Burrows recentFIP 4.72.,,"{""betBook"": null, ""scheduledStartTime"": null, ""seriesTicker"": null}",DEGRADED,"[""NO_EXACT_OR_GAME_IDENTITY""]",REAL,True,,,,[]
2026-06-02-SD-PHI-F5-AWAY,2026-06-02,,San Diego Padres @ Philadelphia Phillies,,,inning_result,F5 ML,F5,AWAY,,,AWAY,,2026-06-02T23:15:19Z,,legacy_fallback,43.478,130,,,,,,,,,,,,50.4,,7.65,,Medium,SETTLED,SUPPORTED,3.0,PUSH,3.0,0.0,0.0,,Randy Vasquez,Aaron Nola,,,,,,F5,Rule 71 applied HIGH->MEDIUM. F5 VF from FanDuel. Vasquez recentFIP 3.50 driving away edge.,,"{""betBook"": null, ""scheduledStartTime"": null, ""seriesTicker"": null}",DEGRADED,"[""NO_EXACT_OR_GAME_IDENTITY""]",REAL,True,,,,[]
2026-06-02-SD-PHI-ML-AWAY,2026-06-02,,San Diego Padres @ Philadelphia Phillies,,,game_result,ML,full_game,AWAY,,,AWAY,,2026-06-02T21:56:13Z,,legacy_fallback,42.017,138,,,,,,,,,,,,52.2,,9.75,,Medium,SETTLED,SUPPORTED,3.0,LOSS,0.0,-3.0,-100.0,,Randy Vasquez,Aaron Nola,,,,,,full_game,Rule 71 applied HIGH->MEDIUM. Vasquez recentFIP 3.50 vs Nola 4.24. Near coin-flip getting +138.,,"{""betBook"": null, ""scheduledStartTime"": null, ""seriesTicker"": null}",DEGRADED,"[""NO_EXACT_OR_GAME_IDENTITY""]",REAL,True,,,,[]
2026-06-02-SF-MIL-ML-AWAY,2026-06-02,,San Francisco Giants @ Milwaukee Brewers,,,game_result,ML,full_game,AWAY,,,AWAY,,2026-06-02T21:56:13Z,,legacy_fallback,30.675,226,,,,,,,2026-06-02T23:00:00Z,,,,,37.1,,7.1,,Medium,SETTLED,SUPPORTED,3.0,LOSS,0.0,-3.0,-100.0,,Trevor McDonald,Kyle Harrison,,,,,,full_game,McDonald recentFIP 2.74 vs Harrison 2.67. Both elite form. Model 37.1% vs market 30%. +226 overlay.,,"{""betBook"": null, ""scheduledStartTime"": null, ""seriesTicker"": null}",DEGRADED,"[""NO_EXACT_OR_GAME_IDENTITY""]",REAL,True,,,,[]
2026-06-02-TEX-STL-F5-HOME,2026-06-02,,Texas Rangers @ St. Louis Cardinals,,,inning_result,F5 ML,F5,HOME,,,HOME,,2026-06-02T23:15:19Z,,legacy_fallback,50.0,100,,,,,,,,,,,,57.6,,9.29,,Medium,SETTLED,SUPPORTED,2.5,WIN,5.0,2.5,100.0,,Nathan Eovaldi,Dustin May,,,,,,F5,F5 VF from FanDuel. 9.29% edge. May recentFIP 3.82 vs Eovaldi 5.53 drives home F5 edge. ML edge only 4.3% (AWAY); F5 flips to HOME.,,"{""betBook"": null, ""scheduledStartTime"": null, ""seriesTicker"": null}",DEGRADED,"[""NO_EXACT_OR_GAME_IDENTITY""]",REAL,True,,,,[]
2026-06-02-TEX-STL-ML-AWAY,2026-06-02,,Texas Rangers @ St. Louis Cardinals,,,game_result,ML,full_game,AWAY,,,AWAY,,2026-06-02T21:56:13Z,,legacy_fallback,50.98,-104,,,,,,,2026-06-02T23:00:00Z,,,,,54.8,,4.3,,Medium,SETTLED,SUPPORTED,3.0,WIN,5.88,2.88,96.0,,Nathan Eovaldi,Dustin May,,,,,,full_game,Near pick'em. Model 54.8% vs Pinnacle 50.5%. -104 on model favorite.,,"{""betBook"": null, ""scheduledStartTime"": null, ""seriesTicker"": null}",DEGRADED,"[""NO_EXACT_OR_GAME_IDENTITY""]",REAL,True,,,,[]
2026-06-02-TOR-ATL-F5-HOME,2026-06-02,,Toronto Blue Jays @ Atlanta Braves,,,inning_result,F5 ML,F5,HOME,,,HOME,,2026-06-02T23:15:19Z,,legacy_fallback,53.271,-114,,,,,,,,,,,,61.9,,11.48,,Medium,SETTLED,SUPPORTED,2.5,WIN,4.69,2.19,87.6,,Kevin Gausman,Bryce Elder,,,,,,F5,F5 VF from FanDuel. 11.48% edge. Elder recentFIP 3.55 drives strong first-5 advantage.,,"{""betBook"": null, ""scheduledStartTime"": null, ""seriesTicker"": null}",DEGRADED,"[""NO_EXACT_OR_GAME_IDENTITY""]",REAL,True,,,,[]
2026-06-02-TOR-ATL-ML-HOME,2026-06-02,,Toronto Blue Jays @ Atlanta Braves,,,game_result,ML,full_game,HOME,,,HOME,,2026-06-02T21:56:13Z,,legacy_fallback,53.052,-113,,,,,,,,,,,,65.1,,13.1,,Medium,SETTLED,SUPPORTED,3.0,WIN,5.65,2.65,88.333,,Kevin Gausman,Bryce Elder,,,,,,full_game,Rule 70 flag: edge >12% near pick'em. Elder recentFIP 3.55 vs Gausman 4.48. Verify starters.,,"{""betBook"": null, ""scheduledStartTime"": null, ""seriesTicker"": null}",DEGRADED,"[""NO_EXACT_OR_GAME_IDENTITY""]",REAL,True,,,,[]
2026-06-02-TOR-ATL-RL-HOME,2026-06-02,,Toronto Blue Jays @ Atlanta Braves,,,winning_margin,Run Line,full_game,HOME,-1.5,,HOME,,2026-06-02T21:56:13Z,,legacy_fallback,36.232,176,,,,,,,,,,,,49.7,,4.7,,Medium,SETTLED,SUPPORTED,3.0,LOSS,0.0,-3.0,-100.0,,Kevin Gausman,Bryce Elder,,,,,,full_game,ATL -1.5 +176. Best value in game. Rule 70 flag.,,"{""betBook"": null, ""scheduledStartTime"": null, ""seriesTicker"": null}",DEGRADED,"[""NO_EXACT_OR_GAME_IDENTITY""]",REAL,True,,,,[]
2026-06-03-001,2026-06-03,,Padres @ Phillies,,,game_total,Total,full_game,,,,,,2026-06-03T23:00:00Z,,legacy_fallback,49.02,104,,,,,,,2026-06-03T23:00:00Z,,,,,86.87,,6.98,,Paper,PAPER,SUPPORTED,1.0,LOSS,0.0,-1.0,-100.0,,,,,,,,,full_game,Total Under 7.5 @ -104 — 6.98% edge | Paper | Walker Buehler true_xFIP 3.09 vs Cristopher Sánchez true_xFIP 2.125 | model 0.869 vs PinVF 0.495,[],"{""betBook"": ""Kalshi"", ""scheduledStartTime"": null, ""seriesTicker"": null}",DEGRADED,"[""NO_EXACT_OR_GAME_IDENTITY""]",REAL,True,,,,[]
2026-06-03-002,2026-06-03,,Padres @ Phillies,,,team_total,Team Total,full_game,,,,,,,,legacy_fallback,54.338,-119,,,,,,,,,,,,85.48,,6.2,,High,SETTLED,SUPPORTED,7.0,WIN,12.88,5.88,84.0,,,,,,,,,full_game,Phillies TT Under 4.5 @ -119 — 6.20% edge | High | Walker Buehler true_xFIP 3.09 vs Cristopher Sánchez true_xFIP 2.125 | model 0.855 vs PinVF 0.523 [betBook: Pinnacle — Kalshi does not post TT],[],"{""betBook"": ""Pinnacle"", ""scheduledStartTime"": null, ""seriesTicker"": null}",DEGRADED,"[""NO_EXACT_OR_GAME_IDENTITY""]",REAL,True,,,,[]
2026-06-03-003,2026-06-03,,Guardians @ Yankees,,,team_total,Team Total,full_game,,,,,,,,legacy_fallback,57.627,-136,,,,,,,,,,,,84.76,,5.48,,High,SETTLED,SUPPORTED,7.0,LOSS,0.0,-7.0,-100.0,,,,,,,,,full_game,Guardians TT Under 3.5 @ -136 — 5.48% edge | High | Gavin Williams true_xFIP 3.417 vs Gerrit Cole true_xFIP 1.87 | model 0.848 vs PinVF 0.555 [betBook: Pinnacle — Kalshi does not post TT],[],"{""betBook"": ""Pinnacle"", ""scheduledStartTime"": null, ""seriesTicker"": null}",DEGRADED,"[""NO_EXACT_OR_GAME_IDENTITY""]",REAL,True,,,,[]
2026-06-03-004,2026-06-03,,Tigers @ Rays,,,game_total,Total,full_game,,,,,,,,legacy_fallback,51.923,-108,,,,,,,,,,,,78.52,,5.12,,Paper,PAPER,SUPPORTED,1.0,LOSS,0.0,-1.0,-100.0,,,,,,,,,full_game,Total Under 8.5 @ -111 — 5.12% edge | Paper | Troy Melton true_xFIP 3.43 vs Nick Martinez true_xFIP 3.258 | model 0.785 vs PinVF 0.511,[],"{""betBook"": ""Kalshi"", ""scheduledStartTime"": null, ""seriesTicker"": null}",DEGRADED,"[""NO_EXACT_OR_GAME_IDENTITY""]",REAL,True,,,,[]
2026-06-03-005,2026-06-03,,Guardians @ Yankees,,,game_result,ML,full_game,,,,,,2026-06-03T23:00:00Z,,legacy_fallback,59.016,-144,,,,,,,2026-06-03T23:00:00Z,,,,,84.15,,4.91,,Paper,SETTLED,SUPPORTED,1.5,LOSS,0.0,-1.5,-100.0,,,,,,,,,full_game,Yankees ML @ -144 — 4.91% edge | Paper | Gavin Williams true_xFIP 3.417 vs Gerrit Cole true_xFIP 1.87 | model 0.842 vs PinVF 0.579,[],"{""betBook"": ""Kalshi"", ""scheduledStartTime"": null, ""seriesTicker"": null}",DEGRADED,"[""NO_EXACT_OR_GAME_IDENTITY""]",REAL,True,,,,[]
2026-06-03-006,2026-06-03,,Marlins @ Nationals,,,team_total,Team Total,full_game,,,,,,,,legacy_fallback,57.983,-138,,,,,,,,,,,,81.43,,4.81,,High,SETTLED,SUPPORTED,7.0,WIN,12.07,5.07,72.429,,,,,,,,,full_game,Marlins TT Under 4.5 @ -138 — 4.81% edge | High | Max Meyer true_xFIP 2.817 vs Andrew Alvarez true_xFIP 2.71 | model 0.814 vs PinVF 0.557 [betBook: Pinnacle — Kalshi does not post TT],[],"{""betBook"": ""Pinnacle"", ""scheduledStartTime"": null, ""seriesTicker"": null}",DEGRADED,"[""NO_EXACT_OR_GAME_IDENTITY""]",REAL,True,,,,[]
2026-06-03-007,2026-06-03,,Guardians @ Yankees,,,game_total,Total,full_game,,,,,,2026-06-03T23:00:00Z,,legacy_fallback,54.955,-122,,,,,,,2026-06-03T23:00:00Z,,,,,71.08,,4.47,,High,SETTLED,SUPPORTED,4.0,LOSS,0.0,-4.0,-100.0,,,,,,,,,full_game,"Total Under 7 @ 106 — 4.47% edge | High | Gavin Williams true_xFIP 3.417 vs Gerrit Cole true_xFIP 1.87 | model 0.711 vs PinVF 0.472 [CORRECTED: Pinnacle line 7.0→Kalshi line 7.5, price updated]",[],"{""betBook"": ""Kalshi"", ""scheduledStartTime"": null, ""seriesTicker"": null}",DEGRADED,"[""NO_EXACT_OR_GAME_IDENTITY""]",REAL,True,,,,[]
2026-06-03-008,2026-06-03,,Orioles @ Sox,,,game_total,Total,full_game,,,,,,,,legacy_fallback,46.083,117,,,,,,,,,,,,73.57,,4.28,,High,SETTLED,SUPPORTED,4.0,LOSS,0.0,-4.0,-100.0,,,,,,,,,full_game,"Total Under 9 @ -109 — 4.28% edge | High | Chris Bassitt true_xFIP 4.428 vs Payton Tolle true_xFIP 2.692 | model 0.736 vs PinVF 0.507 [CORRECTED: Pinnacle line 9.0→Kalshi line 8.5, price updated]",[],"{""betBook"": ""Kalshi"", ""scheduledStartTime"": null, ""seriesTicker"": null}",DEGRADED,"[""NO_EXACT_OR_GAME_IDENTITY""]",REAL,True,,,,[]
2026-06-03-009,2026-06-03,,Guardians @ Yankees,,,winning_margin,F5 RL,F5,,,,,,,,legacy_fallback,58.678,-142,,,,,,,,,,,,79.13,,4.2,,High,SETTLED,SUPPORTED,5.0,LOSS,0.0,-5.0,-100.0,,,,,,,,,F5,Yankees F5 RL +0.0 @ -142 — 4.20% edge | High | Gavin Williams true_xFIP 3.417 vs Gerrit Cole true_xFIP 1.87 | model 0.791 vs PinVF 0.567,[],"{""betBook"": ""FanDuel"", ""scheduledStartTime"": null, ""seriesTicker"": null}",DEGRADED,"[""NO_EXACT_OR_GAME_IDENTITY""]",REAL,True,,,,[]
2026-06-03-010,2026-06-03,,Guardians @ Yankees,,,inning_result,F5 ML,F5,,,,,,,,legacy_fallback,60.0,-150,,,,,,,,,,,,79.13,,4.16,,High,SETTLED,SUPPORTED,5.0,LOSS,0.0,-5.0,-100.0,,,,,,,,,F5,Yankees F5 ML @ -150 — 4.16% edge | High | Gavin Williams true_xFIP 3.417 vs Gerrit Cole true_xFIP 1.87 | model 0.791 vs PinVF 0.569,[],"{""betBook"": ""FanDuel"", ""scheduledStartTime"": null, ""seriesTicker"": null}",DEGRADED,"[""NO_EXACT_OR_GAME_IDENTITY""]",REAL,True,,,,[]
2026-06-03-011,2026-06-03,,Tigers @ Rays,,,team_total,Team Total,full_game,,,,,,,,legacy_fallback,55.752,-126,,,,,,,,,,,,69.67,,4.07,,Medium,SETTLED,SUPPORTED,5.25,WIN,9.42,4.17,79.429,,,,,,,,,full_game,Rays TT Under 4.5 @ -126 — 4.07% edge | Medium | Troy Melton true_xFIP 3.43 vs Nick Martinez true_xFIP 3.258 | model 0.697 vs PinVF 0.537 [betBook: Pinnacle — Kalshi does not post TT],[],"{""betBook"": ""Pinnacle"", ""scheduledStartTime"": null, ""seriesTicker"": null}",DEGRADED,"[""NO_EXACT_OR_GAME_IDENTITY""]",REAL,True,,,,[]
2026-06-03-012,2026-06-03,,Marlins @ Nationals,,,game_total,Total,full_game,,,,,,,,legacy_fallback,53.052,-113,,,,,,,,,,,,73.27,,4.03,,Paper,PAPER,SUPPORTED,1.0,WIN,1.88,0.88,88.0,,,,,,,,,full_game,Total Under 8.5 @ -114 — 4.03% edge | Paper | Max Meyer true_xFIP 2.817 vs Andrew Alvarez true_xFIP 2.71 | model 0.733 vs PinVF 0.517,[],"{""betBook"": ""Kalshi"", ""scheduledStartTime"": null, ""seriesTicker"": null}",DEGRADED,"[""NO_EXACT_OR_GAME_IDENTITY""]",REAL,True,,,,[]
2026-06-03-013,2026-06-03,,Padres @ Phillies,,,winning_margin,Run Line,full_game,,,,,,,,legacy_fallback,53.271,-114,,,,,,,,,,,,67.65,,3.97,,Paper,PAPER,SUPPORTED,1.5,LOSS,0.0,-1.5,-100.0,,,,,,,,,full_game,Padres RL +1.5 @ -114 — 3.97% edge | Paper | Walker Buehler true_xFIP 3.09 vs Cristopher Sánchez true_xFIP 2.125 | model 0.676 vs PinVF 0.521,[],"{""betBook"": ""Kalshi"", ""scheduledStartTime"": null, ""seriesTicker"": null}",DEGRADED,"[""NO_EXACT_OR_GAME_IDENTITY""]",REAL,True,,,,[]
2026-06-03-014,2026-06-03,,Sox @ Twins,,,game_result,ML,full_game,,,,,,,,legacy_fallback,59.184,-145,,,,,,,,,,,,79.27,,3.96,,Paper,PAPER,SUPPORTED,1.5,WIN,2.53,1.03,68.667,,,,,,,,,full_game,Twins ML @ -145 — 3.96% edge | Paper | Erick Fedde true_xFIP 6.468 vs Taj Bradley true_xFIP 2.34 | model 0.793 vs PinVF 0.581,[],"{""betBook"": ""Kalshi"", ""scheduledStartTime"": null, ""seriesTicker"": null}",DEGRADED,"[""NO_EXACT_OR_GAME_IDENTITY""]",REAL,True,,,,[]
2026-06-03-015,2026-06-03,,Marlins @ Nationals,,,winning_margin,Run Line,full_game,,,,,,,,legacy_fallback,63.504,-174,,,,,,,,,,,,82.87,,3.92,,Paper,PAPER,SUPPORTED,1.5,WIN,2.36,0.86,57.333,,,,,,,,,full_game,Nationals RL +1.5 @ -174 — 3.92% edge | Paper | Max Meyer true_xFIP 2.817 vs Andrew Alvarez true_xFIP 2.71 | model 0.829 vs PinVF 0.619,[],"{""betBook"": ""Kalshi"", ""scheduledStartTime"": null, ""seriesTicker"": null}",DEGRADED,"[""NO_EXACT_OR_GAME_IDENTITY""]",REAL,True,,,,[]
2026-06-03-016,2026-06-03,,Dodgers @ Diamondbacks,,,winning_margin,F5 RL,F5,,,,,,,,legacy_fallback,65.035,-186,,,,,,,,,,,,77.61,,3.79,,Medium,SETTLED,SUPPORTED,3.75,WIN,5.77,2.02,53.867,,,,,,,,,F5,Dodgers F5 RL +0.0 @ -186 — 3.79% edge | Medium | Shohei Ohtani true_xFIP 2.188 vs Zac Gallen true_xFIP 4.206 | model 0.776 vs PinVF 0.627,[],"{""betBook"": ""FanDuel"", ""scheduledStartTime"": null, ""seriesTicker"": null}",DEGRADED,"[""NO_EXACT_OR_GAME_IDENTITY""]",REAL,True,,,,[]
2026-06-03-017,2026-06-03,,Sox @ Twins,,,winning_margin,F5 RL,F5,,,,,,,,legacy_fallback,61.977,-163,,,,,,,,,,,,74.31,,3.7,,Medium,SETTLED,SUPPORTED,4.5,LOSS,0.0,-4.5,-100.0,,,,,,,,,F5,Twins F5 RL +0.0 @ -163 — 3.70% edge | Medium | Erick Fedde true_xFIP 6.468 vs Taj Bradley true_xFIP 2.34 | model 0.743 vs PinVF 0.598,[],"{""betBook"": ""FanDuel"", ""scheduledStartTime"": null, ""seriesTicker"": null}",DEGRADED,"[""NO_EXACT_OR_GAME_IDENTITY""]",REAL,True,,,,[]
2026-06-03-018,2026-06-03,,Guardians @ Yankees,,,winning_margin,Run Line,full_game,,,,,,2026-06-03T23:00:00Z,,legacy_fallback,40.65,146,,,,,,,2026-06-03T23:00:00Z,,,,,59.34,,3.69,,Paper,PAPER,SUPPORTED,1.5,WIN,3.69,2.19,146.0,,,,,,,,,full_game,Yankees RL -1.5 @ 146 — 3.69% edge | Paper | Gavin Williams true_xFIP 3.417 vs Gerrit Cole true_xFIP 1.87 | model 0.593 vs PinVF 0.396,[],"{""betBook"": ""Kalshi"", ""scheduledStartTime"": null, ""seriesTicker"": null}",DEGRADED,"[""NO_EXACT_OR_GAME_IDENTITY""]",REAL,True,,,,[]
2026-06-03-019,2026-06-03,,Marlins @ Nationals,,,winning_margin,F5 RL,F5,,,,,,,,legacy_fallback,50.495,-102,,,,,,,,,,,,63.29,,3.68,,Medium,SETTLED,SUPPORTED,3.75,PUSH,3.75,0.0,0.0,,,,,,,,,F5,Nationals F5 RL +0.0 @ -102 — 3.68% edge | Medium | Max Meyer true_xFIP 2.817 vs Andrew Alvarez true_xFIP 2.71 | model 0.633 vs PinVF 0.489,[],"{""betBook"": ""FanDuel"", ""scheduledStartTime"": null, ""seriesTicker"": null}",DEGRADED,"[""NO_EXACT_OR_GAME_IDENTITY""]",REAL,True,,,,[]
2026-06-03-020,2026-06-03,,Rangers @ Cardinals,,,winning_margin,F5 RL,F5,,,,,,,,legacy_fallback,50.495,-102,,,,,,,,,,,,63.23,,3.66,,Medium,SETTLED,SUPPORTED,3.75,LOSS,0.0,-3.75,-100.0,,,,,,,,,F5,Rangers F5 RL +0.0 @ -102 — 3.66% edge | Medium | MacKenzie Gore true_xFIP 3.846 vs Andre Pallante true_xFIP 4.44 | model 0.632 vs PinVF 0.489,[],"{""betBook"": ""FanDuel"", ""scheduledStartTime"": null, ""seriesTicker"": null}",DEGRADED,"[""NO_EXACT_OR_GAME_IDENTITY""]",REAL,True,,,,[]
2026-06-03-021,2026-06-03,,Dodgers @ Diamondbacks,,,game_result,ML,full_game,,,,,,2026-06-03T23:00:00Z,,legacy_fallback,64.539,-182,,,,,,,2026-06-03T23:00:00Z,,,,,82.75,,3.66,,Paper,SETTLED,SUPPORTED,1.5,WIN,2.32,0.82,54.667,,,,,,,,,full_game,Dodgers ML @ -182 — 3.66% edge | Paper | Shohei Ohtani true_xFIP 2.188 vs Zac Gallen true_xFIP 4.206 | model 0.828 vs PinVF 0.632,[],"{""betBook"": ""Kalshi"", ""scheduledStartTime"": null, ""seriesTicker"": null}",DEGRADED,"[""NO_EXACT_OR_GAME_IDENTITY""]",REAL,True,,,,[]
2026-06-03-022,2026-06-03,,Dodgers @ Diamondbacks,,,game_total,Total,full_game,,,,,,2026-06-03T23:00:00Z,,legacy_fallback,46.083,117,,,,,,,2026-06-03T23:00:00Z,,,,,69.91,,3.64,,High,SETTLED,SUPPORTED,4.0,WIN,8.68,4.68,117.0,,,,,,,,,full_game,"Total Under 9 @ -108 — 3.64% edge | High | Shohei Ohtani true_xFIP 2.188 vs Zac Gallen true_xFIP 4.206 | model 0.699 vs PinVF 0.505 [CORRECTED: Pinnacle line 9.0→Kalshi line 8.5, price updated]",[],"{""betBook"": ""Kalshi"", ""scheduledStartTime"": null, ""seriesTicker"": null}",DEGRADED,"[""NO_EXACT_OR_GAME_IDENTITY""]",REAL,True,,,,[]
2026-06-03-023,2026-06-03,,Marlins @ Nationals,,,inning_result,F5 ML,F5,,,,,,,,legacy_fallback,51.923,-108,,,,,,,,,,,,63.29,,3.6,,Medium,SETTLED,SUPPORTED,3.75,PUSH,3.75,0.0,0.0,,,,,,,,,F5,Nationals F5 ML @ -108 — 3.60% edge | Medium | Max Meyer true_xFIP 2.817 vs Andrew Alvarez true_xFIP 2.71 | model 0.633 vs PinVF 0.492,[],"{""betBook"": ""FanDuel"", ""scheduledStartTime"": null, ""seriesTicker"": null}",DEGRADED,"[""NO_EXACT_OR_GAME_IDENTITY""]",REAL,True,,,,[]
2026-06-03-024,2026-06-03,,Sox @ Twins,,,inning_result,F5 ML,F5,,,,,,,,legacy_fallback,63.504,-174,,,,,,,,,,,,74.31,,3.6,,Paper,PAPER,SUPPORTED,1.25,LOSS,0.0,-1.25,-100.0,,,,,,,,,F5,Twins F5 ML @ -174 — 3.60% edge | Paper | Erick Fedde true_xFIP 6.468 vs Taj Bradley true_xFIP 2.34 | model 0.743 vs PinVF 0.602,[],"{""betBook"": ""FanDuel"", ""scheduledStartTime"": null, ""seriesTicker"": null}",DEGRADED,"[""NO_EXACT_OR_GAME_IDENTITY""]",REAL,True,,,,[]
2026-06-03-025,2026-06-03,,Athletics @ Cubs,,,game_total,Total,full_game,,,,,,2026-06-03T23:00:00Z,,legacy_fallback,48.077,108,,,,,,,2026-06-03T23:00:00Z,,,,,61.67,,3.53,,Paper,PAPER,SUPPORTED,1.0,WIN,2.08,1.08,108.0,,,,,,,,,full_game,Total Under 8.5 @ 103 — 3.53% edge | Paper | Jeffrey Springs true_xFIP 4.715 vs Colin Rea true_xFIP 4.148 | model 0.617 vs PinVF 0.478,[],"{""betBook"": ""Kalshi"", ""scheduledStartTime"": null, ""seriesTicker"": null}",DEGRADED,"[""NO_EXACT_OR_GAME_IDENTITY""]",REAL,True,,,,[]
2026-06-03-026,2026-06-03,,Tigers @ Rays,,,team_total,Team Total,full_game,,,,,,,,legacy_fallback,50.249,-101,,,,,,,,,,,,66.92,,3.46,,High,SETTLED,SUPPORTED,7.0,LOSS,0.0,-7.0,-100.0,,,,,,,,,full_game,Tigers TT Under 3.5 @ -101 — 3.46% edge | High | Troy Melton true_xFIP 3.43 vs Nick Martinez true_xFIP 3.258 | model 0.669 vs PinVF 0.484 [betBook: Pinnacle — Kalshi does not post TT],[],"{""betBook"": ""Pinnacle"", ""scheduledStartTime"": null, ""seriesTicker"": null}",DEGRADED,"[""NO_EXACT_OR_GAME_IDENTITY""]",REAL,True,,,,[]
2026-06-03-027,2026-06-03,,Padres @ Phillies,,,team_total,Team Total,full_game,,,,,,,,legacy_fallback,44.843,123,,,,,,,,,,,,61.58,,3.45,,High,SETTLED,SUPPORTED,7.0,WIN,15.61,8.61,123.0,,,,,,,,,full_game,Padres TT Under 2.5 @ 123 — 3.45% edge | High | Walker Buehler true_xFIP 3.09 vs Cristopher Sánchez true_xFIP 2.125 | model 0.616 vs PinVF 0.431 [betBook: Pinnacle — Kalshi does not post TT],[],"{""betBook"": ""Pinnacle"", ""scheduledStartTime"": null, ""seriesTicker"": null}",DEGRADED,"[""NO_EXACT_OR_GAME_IDENTITY""]",REAL,True,,,,[]
2026-06-03-028,2026-06-03,,Rangers @ Cardinals,,,game_result,ML,full_game,,,,,,2026-06-03T23:00:00Z,,legacy_fallback,49.02,104,,,,,,,2026-06-03T23:00:00Z,,,,,66.31,,3.42,,Paper,SETTLED,SUPPORTED,1.5,LOSS,0.0,-1.5,-100.0,,,,,,,,,full_game,Rangers ML @ 104 — 3.42% edge | Paper | MacKenzie Gore true_xFIP 3.846 vs Andre Pallante true_xFIP 4.44 | model 0.663 vs PinVF 0.480,[],"{""betBook"": ""Kalshi"", ""scheduledStartTime"": null, ""seriesTicker"": null}",DEGRADED,"[""NO_EXACT_OR_GAME_IDENTITY""]",REAL,True,,,,[]
2026-06-03-029,2026-06-03,,Sox @ Twins,,,winning_margin,Run Line,full_game,,,,,,,,legacy_fallback,41.667,140,,,,,,,,,,,,58.79,,3.39,,Paper,PAPER,SUPPORTED,1.5,WIN,3.6,2.1,140.0,,,,,,,,,full_game,Twins RL -1.5 @ 140 — 3.39% edge | Paper | Erick Fedde true_xFIP 6.468 vs Taj Bradley true_xFIP 2.34 | model 0.588 vs PinVF 0.407,[],"{""betBook"": ""Kalshi"", ""scheduledStartTime"": null, ""seriesTicker"": null}",DEGRADED,"[""NO_EXACT_OR_GAME_IDENTITY""]",REAL,True,,,,[]
2026-06-03-030,2026-06-03,,Sox @ Twins,,,team_total,Team Total,full_game,,,,,,,,legacy_fallback,53.052,-113,,,,,,,,,,,,68.94,,3.33,,High,SETTLED,SUPPORTED,7.0,LOSS,0.0,-7.0,-100.0,,,,,,,,,full_game,Twins TT Over 4.5 @ -113 — 3.33% edge | High | Erick Fedde true_xFIP 6.468 vs Taj Bradley true_xFIP 2.34 | model 0.689 vs PinVF 0.511 [betBook: Pinnacle — Kalshi does not post TT],[],"{""betBook"": ""Pinnacle"", ""scheduledStartTime"": null, ""seriesTicker"": null}",DEGRADED,"[""NO_EXACT_OR_GAME_IDENTITY""]",REAL,True,,,,[]
2026-06-03-031,2026-06-03,,Orioles @ Sox,,,team_total,Team Total,full_game,,,,,,,,legacy_fallback,46.296,116,,,,,,,,,,,,57.55,,3.31,,Medium,SETTLED,SUPPORTED,5.25,WIN,11.34,6.09,116.0,,,,,,,,,full_game,Orioles TT Under 3.5 @ 116 — 3.31% edge | Medium | Chris Bassitt true_xFIP 4.428 vs Payton Tolle true_xFIP 2.692 | model 0.576 vs PinVF 0.445 [betBook: Pinnacle — Kalshi does not post TT],[],"{""betBook"": ""Pinnacle"", ""scheduledStartTime"": null, ""seriesTicker"": null}",DEGRADED,"[""NO_EXACT_OR_GAME_IDENTITY""]",REAL,True,,,,[]
2026-06-03-032,2026-06-03,,Mets @ Mariners,,,game_total,Total,full_game,,,,,,,,legacy_fallback,53.917,-117,,,,,,,,,,,,59.9,,3.27,,Medium,SETTLED,SUPPORTED,3.0,LOSS,0.0,-3.0,-100.0,,,,,,,,,full_game,"Total Under 7 @ 106 — 3.27% edge | Medium | Freddy Peralta true_xFIP 3.805 vs George Kirby true_xFIP 3.34 | model 0.599 vs PinVF 0.471 [CORRECTED: Pinnacle line 7.0→Kalshi line 7.5, price updated]",[],"{""betBook"": ""Kalshi"", ""scheduledStartTime"": null, ""seriesTicker"": null}",DEGRADED,"[""NO_EXACT_OR_GAME_IDENTITY""]",REAL,True,,,,[]
2026-06-03-033,2026-06-03,,Rangers @ Cardinals,,,inning_result,F5 ML,F5,,,,,,,,legacy_fallback,53.271,-114,,,,,,,,,,,,63.23,,3.27,,Paper,PAPER,SUPPORTED,1.25,LOSS,0.0,-1.25,-100.0,,,,,,,,,F5,Rangers F5 ML @ -114 — 3.27% edge | Paper | MacKenzie Gore true_xFIP 3.846 vs Andre Pallante true_xFIP 4.44 | model 0.632 vs PinVF 0.504,[],"{""betBook"": ""FanDuel"", ""scheduledStartTime"": null, ""seriesTicker"": null}",DEGRADED,"[""NO_EXACT_OR_GAME_IDENTITY""]",REAL,True,,,,[]
2026-06-03-034,2026-06-03,,Athletics @ Cubs,,,team_total,Team Total,full_game,,,,,,,,legacy_fallback,57.806,-137,,,,,,,,,,,,68.34,,3.24,,Medium,SETTLED,SUPPORTED,5.25,LOSS,0.0,-5.25,-100.0,,,,,,,,,full_game,Athletics TT Under 4.5 @ -137 — 3.24% edge | Medium | Jeffrey Springs true_xFIP 4.715 vs Colin Rea true_xFIP 4.148 | model 0.683 vs PinVF 0.556 [betBook: Pinnacle — Kalshi does not post TT],[],"{""betBook"": ""Pinnacle"", ""scheduledStartTime"": null, ""seriesTicker"": null}",DEGRADED,"[""NO_EXACT_OR_GAME_IDENTITY""]",REAL,True,,,,[]
2026-06-03-035,2026-06-03,,Dodgers @ Diamondbacks,,,team_total,Team Total,full_game,,,,,,,,legacy_fallback,51.923,-108,,,,,,,,,,,,67.1,,3.2,,High,SETTLED,SUPPORTED,7.0,WIN,13.48,6.48,92.571,,,,,,,,,full_game,Diamondbacks TT Under 3.5 @ -108 — 3.20% edge | High | Shohei Ohtani true_xFIP 2.188 vs Zac Gallen true_xFIP 4.206 | model 0.671 vs PinVF 0.500 [betBook: Pinnacle — Kalshi does not post TT],[],"{""betBook"": ""Pinnacle"", ""scheduledStartTime"": null, ""seriesTicker"": null}",DEGRADED,"[""NO_EXACT_OR_GAME_IDENTITY""]",REAL,True,,,,[]
2026-06-03-036,2026-06-03,,Dodgers @ Diamondbacks,,,inning_result,F5 ML,F5,,,,,,2026-06-03T23:00:00Z,,legacy_fallback,68.75,-220,,,,,,,2026-06-03T23:00:00Z,,,,,77.61,,3.17,,Medium,SETTLED,SUPPORTED,3.75,WIN,5.45,1.7,45.333,,,,,,,,,F5,Dodgers F5 ML @ -220 — 3.17% edge | Medium | Shohei Ohtani true_xFIP 2.188 vs Zac Gallen true_xFIP 4.206 | model 0.776 vs PinVF 0.652,[],"{""betBook"": ""FanDuel"", ""scheduledStartTime"": null, ""seriesTicker"": null}",DEGRADED,"[""NO_EXACT_OR_GAME_IDENTITY""]",REAL,True,,,,[]
2026-06-03-037,2026-06-03,,Pirates @ Astros,,,game_result,ML,full_game,,,,,,2026-06-03T23:00:00Z,,legacy_fallback,59.839,-149,,,,,,,2026-06-03T23:00:00Z,,,,,70.99,,3.15,,Paper,SETTLED,SUPPORTED,1.5,LOSS,0.0,-1.5,-100.0,,,,,,,,,full_game,Pirates ML @ -149 — 3.15% edge | Paper | Paul Skenes true_xFIP 2.643 vs Spencer Arrighetti true_xFIP 3.44 | model 0.710 vs PinVF 0.586,[],"{""betBook"": ""Kalshi"", ""scheduledStartTime"": null, ""seriesTicker"": null}",DEGRADED,"[""NO_EXACT_OR_GAME_IDENTITY""]",REAL,True,,,,[]
2026-06-03-038,2026-06-03,,Marlins @ Nationals,,,game_result,ML,full_game,,,,,,,,legacy_fallback,50.739,-103,,,,,,,,,,,,66.34,,3.1,,Paper,SETTLED,SUPPORTED,1.5,LOSS,0.0,-1.5,-100.0,,,,,,,,,full_game,Nationals ML @ -103 — 3.10% edge | Paper | Max Meyer true_xFIP 2.817 vs Andrew Alvarez true_xFIP 2.71 | model 0.663 vs PinVF 0.498,[],"{""betBook"": ""Kalshi"", ""scheduledStartTime"": null, ""seriesTicker"": null}",DEGRADED,"[""NO_EXACT_OR_GAME_IDENTITY""]",REAL,True,,,,[]
2026-06-03-039,2026-06-03,,Rangers @ Cardinals,,,winning_margin,Run Line,full_game,,,,,,2026-06-03T23:00:00Z,,legacy_fallback,67.427,-207,,,,,,,2026-06-03T23:00:00Z,,,,,82.24,,3.09,,Paper,PAPER,SUPPORTED,1.5,WIN,2.22,0.72,48.0,,,,,,,,,full_game,Rangers RL +1.5 @ -207 — 3.09% edge | Paper | MacKenzie Gore true_xFIP 3.846 vs Andre Pallante true_xFIP 4.44 | model 0.822 vs PinVF 0.657,[],"{""betBook"": ""Kalshi"", ""scheduledStartTime"": null, ""seriesTicker"": null}",DEGRADED,"[""NO_EXACT_OR_GAME_IDENTITY""]",REAL,True,,,,[]
2026-06-03-040,2026-06-03,,Rangers @ Cardinals,,,team_total,Team Total,full_game,,,,,,,,legacy_fallback,47.619,110,,,,,,,,,,,,57.97,,3.08,,Medium,SETTLED,SUPPORTED,5.25,LOSS,0.0,-5.25,-100.0,,,,,,,,,full_game,Cardinals TT Under 3.5 @ 110 — 3.08% edge | Medium | MacKenzie Gore true_xFIP 3.846 vs Andre Pallante true_xFIP 4.44 | model 0.580 vs PinVF 0.459 [betBook: Pinnacle — Kalshi does not post TT],[],"{""betBook"": ""Pinnacle"", ""scheduledStartTime"": null, ""seriesTicker"": null}",DEGRADED,"[""NO_EXACT_OR_GAME_IDENTITY""]",REAL,True,,,,[]
2026-06-03-041,2026-06-03,,Rockies @ Angels,,,team_total,Team Total,full_game,,,,,,,,legacy_fallback,51.691,-107,,,,,,,,,,,,61.23,,2.92,,Medium,SETTLED,SUPPORTED,5.25,WIN,10.16,4.91,93.524,,,,,,,,,full_game,Angels TT Over 4.5 @ -107 — 2.92% edge | Medium | Michael Lorenzen true_xFIP 4.916 vs Walbert Ureña true_xFIP 3.84 | model 0.612 vs PinVF 0.498 [betBook: Pinnacle — Kalshi does not post TT],[],"{""betBook"": ""Pinnacle"", ""scheduledStartTime"": null, ""seriesTicker"": null}",DEGRADED,"[""NO_EXACT_OR_GAME_IDENTITY""]",REAL,True,,,,[]
2026-06-03-042,2026-06-03,,Mets @ Mariners,,,team_total,Team Total,full_game,,,,,,,,legacy_fallback,56.332,-129,,,,,,,,,,,,65.73,,2.91,,Medium,SETTLED,SUPPORTED,5.25,LOSS,0.0,-5.25,-100.0,,,,,,,,,full_game,Mets TT Under 3.5 @ -129 — 2.91% edge | Medium | Freddy Peralta true_xFIP 3.805 vs George Kirby true_xFIP 3.34 | model 0.657 vs PinVF 0.543 [betBook: Pinnacle — Kalshi does not post TT],[],"{""betBook"": ""Pinnacle"", ""scheduledStartTime"": null, ""seriesTicker"": null}",DEGRADED,"[""NO_EXACT_OR_GAME_IDENTITY""]",REAL,True,,,,[]
2026-06-03-043,2026-06-03,,Mets @ Mariners,,,game_result,ML,full_game,,,,,,,,legacy_fallback,58.159,-139,,,,,,,,,,,,68.33,,2.89,,Paper,SETTLED,SUPPORTED,1.5,LOSS,0.0,-1.5,-100.0,,,,,,,,,full_game,Mariners ML @ -139 — 2.89% edge | Paper | Freddy Peralta true_xFIP 3.805 vs George Kirby true_xFIP 3.34 | model 0.683 vs PinVF 0.570,[],"{""betBook"": ""Kalshi"", ""scheduledStartTime"": null, ""seriesTicker"": null}",DEGRADED,"[""NO_EXACT_OR_GAME_IDENTITY""]",REAL,True,,,,[]
2026-06-03-044,2026-06-03,,Royals @ Reds,,,game_total,Total,full_game,,,,,,2026-06-03T23:00:00Z,,legacy_fallback,53.052,-113,,,,,,,2026-06-03T23:00:00Z,,,,,59.11,,2.79,,Medium,SETTLED,SUPPORTED,3.0,WIN,5.65,2.65,88.333,,,,,,,,,full_game,"Total Under 8 @ 102 — 2.79% edge | Medium | Stephen Kolek true_xFIP 4.133 vs Chase Burns true_xFIP 3.58 | model 0.591 vs PinVF 0.482 [CORRECTED: Pinnacle line 8.0→Kalshi line 8.5, price updated]",[],"{""betBook"": ""Kalshi"", ""scheduledStartTime"": null, ""seriesTicker"": null}",DEGRADED,"[""NO_EXACT_OR_GAME_IDENTITY""]",REAL,True,,,,[]
2026-06-03-045,2026-06-03,,Padres @ Phillies,,,inning_result,F5 ML,F5,,,,,,,,legacy_fallback,31.746,215,,,,,,,,,,,,40.9,,2.75,,Medium,SETTLED,SUPPORTED,3.75,LOSS,0.0,-3.75,-100.0,,,,,,,,,F5,Padres F5 ML @ 215 — 2.75% edge | Medium | Walker Buehler true_xFIP 3.09 vs Cristopher Sánchez true_xFIP 2.125 | model 0.409 vs PinVF 0.301,[],"{""betBook"": ""FanDuel"", ""scheduledStartTime"": null, ""seriesTicker"": null}",DEGRADED,"[""NO_EXACT_OR_GAME_IDENTITY""]",REAL,True,,,,[]
2026-06-03-046,2026-06-03,,Orioles @ Sox,,,game_result,ML,full_game,,,,,,,,legacy_fallback,60.0,-150,,,,,,,,,,,,68.89,,2.57,,Paper,PAPER,SUPPORTED,1.5,LOSS,0.0,-1.5,-100.0,,,,,,,,,full_game,Sox ML @ -150 — 2.57% edge | Paper | Chris Bassitt true_xFIP 4.428 vs Payton Tolle true_xFIP 2.692 | model 0.689 vs PinVF 0.588,[],"{""betBook"": ""Kalshi"", ""scheduledStartTime"": null, ""seriesTicker"": null}",DEGRADED,"[""NO_EXACT_OR_GAME_IDENTITY""]",REAL,True,,,,[]
2026-06-03-047,2026-06-03,,Dodgers @ Diamondbacks,,,winning_margin,Run Line,full_game,,,,,,2026-06-03T23:00:00Z,,legacy_fallback,52.83,-112,,,,,,,2026-06-03T23:00:00Z,,,,,61.33,,2.48,,Paper,PAPER,SUPPORTED,1.5,WIN,2.84,1.34,89.333,,,,,,,,,full_game,Dodgers RL -1.5 @ -112 — 2.48% edge | Paper | Shohei Ohtani true_xFIP 2.188 vs Zac Gallen true_xFIP 4.206 | model 0.613 vs PinVF 0.516,[],"{""betBook"": ""Kalshi"", ""scheduledStartTime"": null, ""seriesTicker"": null}",DEGRADED,"[""NO_EXACT_OR_GAME_IDENTITY""]",REAL,True,,,,[]
2026-06-03-048,2026-06-03,,Rockies @ Angels,,,game_total,Total,full_game,,,,,,2026-06-03T23:00:00Z,,legacy_fallback,53.052,-113,,,,,,,2026-06-03T23:00:00Z,,,,,61.44,,2.37,,Paper,PAPER,SUPPORTED,1.0,LOSS,0.0,-1.0,-100.0,,,,,,,,,full_game,Total Over 8.5 @ -116 — 2.37% edge | Paper | Michael Lorenzen true_xFIP 4.916 vs Walbert Ureña true_xFIP 3.84 | model 0.614 vs PinVF 0.522,[],"{""betBook"": ""Kalshi"", ""scheduledStartTime"": null, ""seriesTicker"": null}",DEGRADED,"[""NO_EXACT_OR_GAME_IDENTITY""]",REAL,True,,,,[]
2026-06-03-049,2026-06-03,,Padres @ Phillies,,,winning_margin,F5 RL,F5,,,,,,,,legacy_fallback,33.003,203,,,,,,,,,,,,40.9,,2.33,,Medium,SETTLED,SUPPORTED,3.75,LOSS,0.0,-3.75,-100.0,,,,,,,,,F5,Padres F5 RL +0.0 @ 203 — 2.33% edge | Medium | Walker Buehler true_xFIP 3.09 vs Cristopher Sánchez true_xFIP 2.125 | model 0.409 vs PinVF 0.318,[],"{""betBook"": ""FanDuel"", ""scheduledStartTime"": null, ""seriesTicker"": null}",DEGRADED,"[""NO_EXACT_OR_GAME_IDENTITY""]",REAL,True,,,,[]
2026-06-03-050,2026-06-03,,Rangers @ Cardinals,,,team_total,Team Total,full_game,,,,,,,,legacy_fallback,55.556,-125,,,,,,,,,,,,62.48,,2.29,,Medium,SETTLED,SUPPORTED,5.25,LOSS,0.0,-5.25,-100.0,,,,,,,,,full_game,Rangers TT Over 3.5 @ -125 — 2.29% edge | Medium | MacKenzie Gore true_xFIP 3.846 vs Andre Pallante true_xFIP 4.44 | model 0.625 vs PinVF 0.535 [betBook: Pinnacle — Kalshi does not post TT],[],"{""betBook"": ""Pinnacle"", ""scheduledStartTime"": null, ""seriesTicker"": null}",DEGRADED,"[""NO_EXACT_OR_GAME_IDENTITY""]",REAL,True,,,,[]
2026-06-03-051,2026-06-03,,Mets @ Mariners,,,inning_result,F5 ML,F5,,,,,,,,legacy_fallback,59.184,-145,,,,,,,,,,,,64.94,,2.25,,Medium,SETTLED,SUPPORTED,3.75,LOSS,0.0,-3.75,-100.0,,,,,,,,,F5,Mariners F5 ML @ -145 — 2.25% edge | Medium | Freddy Peralta true_xFIP 3.805 vs George Kirby true_xFIP 3.34 | model 0.649 vs PinVF 0.561,[],"{""betBook"": ""FanDuel"", ""scheduledStartTime"": null, ""seriesTicker"": null}",DEGRADED,"[""NO_EXACT_OR_GAME_IDENTITY""]",REAL,True,,,,[]
2026-06-03-052,2026-06-03,,Jays @ Braves,,,game_result,ML,full_game,,,,,,2026-06-03T23:00:00Z,,legacy_fallback,58.159,-139,,,,,,,2026-06-03T23:00:00Z,,,,,65.42,,2.12,,Paper,SETTLED,SUPPORTED,1.5,WIN,2.58,1.08,72.0,,,,,,,,,full_game,Braves ML @ -139 — 2.12% edge | Paper | Patrick Corbin true_xFIP 3.866 vs Grant Holmes true_xFIP 5.005 | model 0.654 vs PinVF 0.571,[],"{""betBook"": ""Kalshi"", ""scheduledStartTime"": null, ""seriesTicker"": null}",DEGRADED,"[""NO_EXACT_OR_GAME_IDENTITY""]",REAL,True,,,,[]
2026-06-03-053,2026-06-03,,Athletics @ Cubs,,,team_total,Team Total,full_game,,,,,,,,legacy_fallback,54.545,-120,,,,,,,,,,,,60.79,,2.1,,Medium,SETTLED,SUPPORTED,5.25,WIN,9.63,4.38,83.429,,,,,,,,,full_game,Cubs TT Under 4.5 @ -120 — 2.10% edge | Medium | Jeffrey Springs true_xFIP 4.715 vs Colin Rea true_xFIP 4.148 | model 0.608 vs PinVF 0.525 [betBook: Pinnacle — Kalshi does not post TT],[],"{""betBook"": ""Pinnacle"", ""scheduledStartTime"": null, ""seriesTicker"": null}",DEGRADED,"[""NO_EXACT_OR_GAME_IDENTITY""]",REAL,True,,,,[]
2026-06-03-054,2026-06-03,,Mets @ Mariners,,,winning_margin,F5 RL,F5,,,,,,,,legacy_fallback,59.016,-144,,,,,,,,,,,,64.94,,2.01,,Medium,SETTLED,SUPPORTED,3.75,LOSS,0.0,-3.75,-100.0,,,,,,,,,F5,Mariners F5 RL +0.0 @ -144 — 2.01% edge | Medium | Freddy Peralta true_xFIP 3.805 vs George Kirby true_xFIP 3.34 | model 0.649 vs PinVF 0.570,[],"{""betBook"": ""FanDuel"", ""scheduledStartTime"": null, ""seriesTicker"": null}",DEGRADED,"[""NO_EXACT_OR_GAME_IDENTITY""]",REAL,True,,,,[]
2026-06-03-055,2026-06-03,,Rockies @ Angels,,,team_total,Team Total,full_game,,,,,,,,legacy_fallback,55.556,-125,,,,,,,,,,,,61.2,,1.97,,Medium,SETTLED,SUPPORTED,5.25,WIN,9.45,4.2,80.0,,,,,,,,,full_game,Rockies TT Over 3.5 @ -125 — 1.97% edge | Medium | Michael Lorenzen true_xFIP 4.916 vs Walbert Ureña true_xFIP 3.84 | model 0.612 vs PinVF 0.535 [betBook: Pinnacle — Kalshi does not post TT],[],"{""betBook"": ""Pinnacle"", ""scheduledStartTime"": null, ""seriesTicker"": null}",DEGRADED,"[""NO_EXACT_OR_GAME_IDENTITY""]",REAL,True,,,,[]
2026-06-03-056,2026-06-03,,Rockies @ Angels,,,game_result,ML,full_game,,,,,,2026-06-03T23:00:00Z,,legacy_fallback,59.016,-144,,,,,,,2026-06-03T23:00:00Z,,,,,65.29,,1.89,,Medium,SETTLED,SUPPORTED,4.5,WIN,7.62,3.12,69.333,,,,,,,,,full_game,Angels ML @ -144 — 1.89% edge | Medium | Michael Lorenzen true_xFIP 4.916 vs Walbert Ureña true_xFIP 3.84 | model 0.653 vs PinVF 0.579,[],"{""betBook"": ""Kalshi"", ""scheduledStartTime"": null, ""seriesTicker"": null}",DEGRADED,"[""NO_EXACT_OR_GAME_IDENTITY""]",REAL,True,,,,[]
2026-06-03-057,2026-06-03,,Giants @ Brewers,,,winning_margin,Run Line,full_game,,,,,,,,legacy_fallback,61.832,-162,,,,,,,,,,,,67.4,,1.83,,Medium,SETTLED,SUPPORTED,4.5,WIN,7.28,2.78,61.778,,,,,,,,,full_game,Giants RL +1.5 @ -162 — 1.83% edge | Medium | Logan Webb true_xFIP 3.32 vs TBD true_xFIP 4.2 | model 0.674 vs PinVF 0.602,[],"{""betBook"": ""Kalshi"", ""scheduledStartTime"": null, ""seriesTicker"": null}",DEGRADED,"[""NO_EXACT_OR_GAME_IDENTITY""]",REAL,True,,,,[]
2026-06-03-058,2026-06-03,,Royals @ Reds,,,game_result,ML,full_game,,,,,,2026-06-03T23:00:00Z,,legacy_fallback,60.63,-154,,,,,,,2026-06-03T23:00:00Z,,,,,66.43,,1.8,,Medium,SETTLED,SUPPORTED,4.5,LOSS,0.0,-4.5,-100.0,,,,,,,,,full_game,Reds ML @ -154 — 1.80% edge | Medium | Stephen Kolek true_xFIP 4.133 vs Chase Burns true_xFIP 3.58 | model 0.664 vs PinVF 0.594,[],"{""betBook"": ""Kalshi"", ""scheduledStartTime"": null, ""seriesTicker"": null}",DEGRADED,"[""NO_EXACT_OR_GAME_IDENTITY""]",REAL,True,,,,[]
2026-06-03-059,2026-06-03,,Giants @ Brewers,,,team_total,Team Total,full_game,,,,,,,,legacy_fallback,52.153,-109,,,,,,,,,,,,57.12,,1.76,,Medium,SETTLED,SUPPORTED,5.25,LOSS,0.0,-5.25,-100.0,,,,,,,,,full_game,Giants TT Over 3.5 @ -109 — 1.76% edge | Medium | Logan Webb true_xFIP 3.32 vs TBD true_xFIP 4.2 | model 0.571 vs PinVF 0.502 [betBook: Pinnacle — Kalshi does not post TT],[],"{""betBook"": ""Pinnacle"", ""scheduledStartTime"": null, ""seriesTicker"": null}",DEGRADED,"[""NO_EXACT_OR_GAME_IDENTITY""]",REAL,True,,,,[]
2026-06-03-060,2026-06-03,,Jays @ Braves,,,team_total,Team Total,full_game,,,,,,,,legacy_fallback,47.17,112,,,,,,,,,,,,51.75,,1.64,,Medium,SETTLED,SUPPORTED,5.25,WIN,11.13,5.88,112.0,,,,,,,,,full_game,Braves TT Over 4.5 @ 112 — 1.64% edge | Medium | Patrick Corbin true_xFIP 3.866 vs Grant Holmes true_xFIP 5.005 | model 0.517 vs PinVF 0.453 [betBook: Pinnacle — Kalshi does not post TT],[],"{""betBook"": ""Pinnacle"", ""scheduledStartTime"": null, ""seriesTicker"": null}",DEGRADED,"[""NO_EXACT_OR_GAME_IDENTITY""]",REAL,True,,,,[]
2026-06-03-061,2026-06-03,,Pirates @ Astros,,,winning_margin,F5 RL,F5,,,,,,,,legacy_fallback,62.825,-169,,,,,,,,,,,,67.13,,1.64,,Medium,SETTLED,SUPPORTED,3.75,WIN,5.97,2.22,59.2,,,,,,,,,F5,Pirates F5 RL +0.0 @ -169 — 1.64% edge | Medium | Paul Skenes true_xFIP 2.643 vs Spencer Arrighetti true_xFIP 3.44 | model 0.671 vs PinVF 0.607,[],"{""betBook"": ""FanDuel"", ""scheduledStartTime"": null, ""seriesTicker"": null}",DEGRADED,"[""NO_EXACT_OR_GAME_IDENTITY""]",REAL,True,,,,[]
2026-06-03-062,2026-06-03,,Sox @ Twins,,,team_total,Team Total,full_game,,,,,,,,legacy_fallback,46.729,114,,,,,,,,,,,,51.39,,1.63,,Medium,SETTLED,SUPPORTED,5.25,LOSS,0.0,-5.25,-100.0,,,,,,,,,full_game,Sox TT Under 3.5 @ 114 — 1.63% edge | Medium | Erick Fedde true_xFIP 6.468 vs Taj Bradley true_xFIP 2.34 | model 0.514 vs PinVF 0.450 [betBook: Pinnacle — Kalshi does not post TT],[],"{""betBook"": ""Pinnacle"", ""scheduledStartTime"": null, ""seriesTicker"": null}",DEGRADED,"[""NO_EXACT_OR_GAME_IDENTITY""]",REAL,True,,,,[]
2026-06-03-063,2026-06-03,,Guardians @ Yankees,,,team_total,Team Total,full_game,,,,,,,,legacy_fallback,55.947,-127,,,,,,,,,,,,60.18,,1.63,,Medium,SETTLED,SUPPORTED,5.25,WIN,9.38,4.13,78.667,,,,,,,,,full_game,Yankees TT Over 3.5 @ -127 — 1.63% edge | Medium | Gavin Williams true_xFIP 3.417 vs Gerrit Cole true_xFIP 1.87 | model 0.602 vs PinVF 0.538 [betBook: Pinnacle — Kalshi does not post TT],[],"{""betBook"": ""Pinnacle"", ""scheduledStartTime"": null, ""seriesTicker"": null}",DEGRADED,"[""NO_EXACT_OR_GAME_IDENTITY""]",REAL,True,,,,[]
2026-06-03-064,2026-06-03,,Jays @ Braves,,,inning_result,F5 ML,F5,,,,,,,,legacy_fallback,59.184,-145,,,,,,,,,,,,62.46,,1.62,,Medium,SETTLED,SUPPORTED,3.75,WIN,6.34,2.59,69.067,,,,,,,,,F5,Braves F5 ML @ -145 — 1.62% edge | Medium | Patrick Corbin true_xFIP 3.866 vs Grant Holmes true_xFIP 5.005 | model 0.625 vs PinVF 0.561,[],"{""betBook"": ""FanDuel"", ""scheduledStartTime"": null, ""seriesTicker"": null}",DEGRADED,"[""NO_EXACT_OR_GAME_IDENTITY""]",REAL,True,,,,[]
2026-06-03-065,2026-06-03,,Orioles @ Sox,,,inning_result,F5 ML,F5,,,,,,,,legacy_fallback,62.406,-166,,,,,,,,,,,,65.38,,1.59,,Medium,SETTLED,SUPPORTED,3.75,WIN,6.01,2.26,60.267,,,,,,,,,F5,Sox F5 ML @ -166 — 1.59% edge | Medium | Chris Bassitt true_xFIP 4.428 vs Payton Tolle true_xFIP 2.692 | model 0.654 vs PinVF 0.591,[],"{""betBook"": ""FanDuel"", ""scheduledStartTime"": null, ""seriesTicker"": null}",DEGRADED,"[""NO_EXACT_OR_GAME_IDENTITY""]",REAL,True,,,,[]
2026-06-03-066,2026-06-03,,Pirates @ Astros,,,game_total,Total,full_game,,,,,,2026-06-03T23:00:00Z,,legacy_fallback,49.02,104,,,,,,,2026-06-03T23:00:00Z,,,,,57.51,,1.54,,Medium,SETTLED,SUPPORTED,3.0,LOSS,0.0,-3.0,-100.0,,,,,,,,,full_game,"Total Under 8 @ -113 — 1.54% edge | Medium | Paul Skenes true_xFIP 2.643 vs Spencer Arrighetti true_xFIP 3.44 | model 0.575 vs PinVF 0.515 [CORRECTED: Pinnacle line 8.0→Kalshi line 7.5, price updated]",[],"{""betBook"": ""Kalshi"", ""scheduledStartTime"": null, ""seriesTicker"": null}",DEGRADED,"[""NO_EXACT_OR_GAME_IDENTITY""]",REAL,True,,,,[]
2026-06-03-067,2026-06-03,,Tigers @ Rays,,,game_result,ML,full_game,,,,,,,,legacy_fallback,58.506,-141,,,,,,,,,,,,63.35,,1.52,,Medium,SETTLED,SUPPORTED,4.5,LOSS,0.0,-4.5,-100.0,,,,,,,,,full_game,Rays ML @ -141 — 1.52% edge | Medium | Troy Melton true_xFIP 3.43 vs Nick Martinez true_xFIP 3.258 | model 0.633 vs PinVF 0.574,[],"{""betBook"": ""Kalshi"", ""scheduledStartTime"": null, ""seriesTicker"": null}",DEGRADED,"[""NO_EXACT_OR_GAME_IDENTITY""]",REAL,True,,,,[]
2026-06-03-068,2026-06-03,,Jays @ Braves,,,winning_margin,F5 RL,F5,,,,,,,,legacy_fallback,58.506,-141,,,,,,,,,,,,62.46,,1.05,,Paper,PAPER,SUPPORTED,1.25,WIN,,,,,,,,,,,,F5,Braves F5 RL +0.0 @ -141 — 1.05% edge | Paper | Patrick Corbin true_xFIP 3.866 vs Grant Holmes true_xFIP 5.005 | model 0.625 vs PinVF 0.566,[],"{""betBook"": ""FanDuel"", ""scheduledStartTime"": null, ""seriesTicker"": null}",DEGRADED,"[""NO_EXACT_OR_GAME_IDENTITY""]",REAL,True,,,,[]
2026-06-05-091,2026-06-05,,SEA @ DET,,,first_inning_run,NRFI,F1,NRFI,,,NRFI,,,,legacy_fallback,54.545,-120,,,,,,,,,,,,,,,,,SETTLED,SUPPORTED,3.0,LOSS,0.0,-3.0,-100.0,,,,,,,,,F1,,,"{""betBook"": null, ""scheduledStartTime"": null, ""seriesTicker"": null}",DEGRADED,"[""NO_EXACT_OR_GAME_IDENTITY""]",REAL,True,,,,[]
2026-06-05-092,2026-06-05,,SEA @ DET,,,inning_result,F5 ML,F5,AWAY,,,AWAY,,,,legacy_fallback,46.512,115,,,,,,,,,,,,,,,,,SETTLED,SUPPORTED,4.0,LOSS,0.0,-4.0,-100.0,,,,,,,,,F5,,,"{""betBook"": null, ""scheduledStartTime"": null, ""seriesTicker"": null}",DEGRADED,"[""NO_EXACT_OR_GAME_IDENTITY""]",REAL,True,,,,[]
2026-06-05-093,2026-06-05,,BAL @ TOR,,,inning_result,F5 ML,F5,HOME,,,HOME,,,,legacy_fallback,50.0,-100,,,,,,,,,,,,,,,,,SETTLED,SUPPORTED,6.0,WIN,12.0,6.0,100.0,,,,,,,,,F5,,,"{""betBook"": null, ""scheduledStartTime"": null, ""seriesTicker"": null}",DEGRADED,"[""NO_EXACT_OR_GAME_IDENTITY""]",REAL,True,,,,[]
2026-06-05-094,2026-06-05,,TB @ MIA,,,first_inning_run,NRFI,F1,NRFI,,,NRFI,,,,legacy_fallback,52.607,-111,,,,,,,,,,,,,,,,,SETTLED,SUPPORTED,3.0,LOSS,0.0,-3.0,-100.0,,,,,,,,,F1,,,"{""betBook"": null, ""scheduledStartTime"": null, ""seriesTicker"": null}",DEGRADED,"[""NO_EXACT_OR_GAME_IDENTITY""]",REAL,True,,,,[]
2026-06-05-095,2026-06-05,,PIT @ ATL,,,team_total,TT Over,full_game,PIT Over 4,,,PIT Over 4,,,,legacy_fallback,51.456,-106,,,,,,,,,,,,,,,,,SETTLED,SUPPORTED,4.0,LOSS,0.0,-4.0,-100.0,,,,,,,,,full_game,,,"{""betBook"": null, ""scheduledStartTime"": null, ""seriesTicker"": null}",DEGRADED,"[""NO_EXACT_OR_GAME_IDENTITY""]",REAL,True,,,,[]
2026-06-05-096,2026-06-05,,ATH @ HOU,,,inning_result,F5 ML,F5,AWAY,,,AWAY,,,,legacy_fallback,43.478,130,,,,,,,,,,,,,,,,,SETTLED,SUPPORTED,4.0,LOSS,0.0,-4.0,-100.0,,,,,,,,,F5,,,"{""betBook"": null, ""scheduledStartTime"": null, ""seriesTicker"": null}",DEGRADED,"[""NO_EXACT_OR_GAME_IDENTITY""]",REAL,True,,,,[]
2026-06-05-097,2026-06-05,,CIN @ STL,,,first_inning_run,YRFI,F1,YRFI,,,YRFI,,,,legacy_fallback,53.488,-115,,,,,,,,,,,,,,,,,SETTLED,SUPPORTED,4.0,WIN,7.48,3.48,87.0,,,,,,,,,F1,,,"{""betBook"": null, ""scheduledStartTime"": null, ""seriesTicker"": null}",DEGRADED,"[""NO_EXACT_OR_GAME_IDENTITY""]",REAL,True,,,,[]
2026-06-05-098,2026-06-05,,CLE @ TEX,,,inning_result,F5 ML,F5,HOME,,,HOME,,,,legacy_fallback,36.496,174,,,,,,,,,,,,,,,,,SETTLED,SUPPORTED,4.0,LOSS,0.0,-4.0,-100.0,,,,,,,,,F5,,,"{""betBook"": null, ""scheduledStartTime"": null, ""seriesTicker"": null}",DEGRADED,"[""NO_EXACT_OR_GAME_IDENTITY""]",REAL,True,,,,[]
2026-06-05-099,2026-06-05,,KC @ MIN,,,inning_result,F5 ML,F5,HOME,,,HOME,,,,legacy_fallback,43.478,130,,,,,,,,,,,,,,,,,SETTLED,SUPPORTED,4.0,LOSS,0.0,-4.0,-100.0,,,,,,,,,F5,,,"{""betBook"": null, ""scheduledStartTime"": null, ""seriesTicker"": null}",DEGRADED,"[""NO_EXACT_OR_GAME_IDENTITY""]",REAL,True,,,,[]
2026-06-05-100,2026-06-05,,ATH @ HOU,,,game_result,ML,full_game,HOME,,,HOME,,,,legacy_fallback,50.495,-102,,,,,,,,,,,,,,,,,SETTLED,SUPPORTED,3.0,WIN,5.94,2.94,98.0,,,,,,,,,full_game,,,"{""betBook"": null, ""scheduledStartTime"": null, ""seriesTicker"": null}",DEGRADED,"[""NO_EXACT_OR_GAME_IDENTITY""]",REAL,True,,,,[]
2026-06-05-101,2026-06-05,,NYM @ SD,,,first_inning_run,YRFI,F1,YRFI,,,YRFI,,,,legacy_fallback,46.512,115,,,,,,,,,,,,,,,,,SETTLED,SUPPORTED,4.0,LOSS,0.0,-4.0,-100.0,,,,,,,,,F1,,,"{""betBook"": null, ""scheduledStartTime"": null, ""seriesTicker"": null}",DEGRADED,"[""NO_EXACT_OR_GAME_IDENTITY""]",REAL,True,,,,[]
2026-06-05-102,2026-06-05,,LAA @ LAD,,,team_total,TT Over,full_game,LAA Over 3,,,LAA Over 3,,,,legacy_fallback,60.474,-153,,,,,,,,,,,,,,,,,SETTLED,SUPPORTED,4.0,LOSS,0.0,-4.0,-100.0,,,,,,,,,full_game,,,"{""betBook"": null, ""scheduledStartTime"": null, ""seriesTicker"": null}",DEGRADED,"[""NO_EXACT_OR_GAME_IDENTITY""]",REAL,True,,,,[]
2026-06-05-103,2026-06-05,,SEA @ DET,,,game_result,ML,full_game,AWAY,,,AWAY,,,,legacy_fallback,45.455,120,,,,,,,,,,,,,,,,,PAPER,SUPPORTED,1.0,LOSS,0.0,-1.0,-100.0,,,,,,,,,full_game,,,"{""betBook"": null, ""scheduledStartTime"": null, ""seriesTicker"": null}",DEGRADED,"[""NO_EXACT_OR_GAME_IDENTITY""]",REAL,True,,,,[]
2026-06-05-104,2026-06-05,,PIT @ ATL,,,winning_margin,Run Line,full_game,PIT -1.5,,,PIT -1.5,,2026-06-05T23:00:00Z,,legacy_fallback,31.546,217,,,,,,,2026-06-05T23:00:00Z,,,,,,,,,,PAPER,SUPPORTED,1.0,LOSS,0.0,-1.0,-100.0,,,,,,,,,full_game,,,"{""betBook"": null, ""scheduledStartTime"": null, ""seriesTicker"": null}",DEGRADED,"[""NO_EXACT_OR_GAME_IDENTITY""]",REAL,True,,,,[]
2026-06-05-105,2026-06-05,,ATH @ HOU,,,inning_result,F5 ML,F5,HOME,,,HOME,,,,legacy_fallback,41.494,141,,,,,,,,,,,,,,,,,PAPER,SUPPORTED,1.0,WIN,2.41,1.41,141.0,,,,,,,,,F5,,,"{""betBook"": null, ""scheduledStartTime"": null, ""seriesTicker"": null}",DEGRADED,"[""NO_EXACT_OR_GAME_IDENTITY""]",REAL,True,,,,[]
2026-06-05-106,2026-06-05,,KC @ MIN,,,inning_result,F5 ML,F5,AWAY,,,AWAY,,2026-06-05T23:00:00Z,,legacy_fallback,40.984,144,,,,,,,2026-06-05T23:00:00Z,,,,,,,,,,PAPER,SUPPORTED,1.0,WIN,2.44,1.44,144.0,,,,,,,,,F5,,,"{""betBook"": null, ""scheduledStartTime"": null, ""seriesTicker"": null}",DEGRADED,"[""NO_EXACT_OR_GAME_IDENTITY""]",REAL,True,,,,[]
2026-06-05-107,2026-06-05,,WSH @ AZ,,,winning_margin,F5 RL,F5,AWAY,,,AWAY,,,,legacy_fallback,28.986,245,,,,,,,,,,,,,,,,,PAPER,SUPPORTED,1.0,WIN,3.45,2.45,245.0,,,,,,,,,F5,,,"{""betBook"": null, ""scheduledStartTime"": null, ""seriesTicker"": null}",DEGRADED,"[""NO_EXACT_OR_GAME_IDENTITY""]",REAL,True,,,,[]
2026-06-05-108,2026-06-05,,NYM @ SD,,,winning_margin,Run Line,full_game,NYM -1.5,,,NYM -1.5,,2026-06-05T23:00:00Z,,legacy_fallback,33.003,203,,,,,,,2026-06-05T23:00:00Z,,,,,,,,,,PAPER,SUPPORTED,1.0,WIN,3.03,2.03,203.0,,,,,,,,,full_game,,,"{""betBook"": null, ""scheduledStartTime"": null, ""seriesTicker"": null}",DEGRADED,"[""NO_EXACT_OR_GAME_IDENTITY""]",REAL,True,,,,[]
2026-06-05-109,2026-06-05,,LAA @ LAD,,,game_total,Total Over,full_game,Over 8,,,Over 8,,,,legacy_fallback,55.556,-125,,,,,,,,,,,,,,,,,PAPER,SUPPORTED,1.0,LOSS,0.0,-1.0,-100.0,,,,,,,,,full_game,,,"{""betBook"": null, ""scheduledStartTime"": null, ""seriesTicker"": null}",DEGRADED,"[""NO_EXACT_OR_GAME_IDENTITY""]",REAL,True,,,,[]
2026-06-06-001,2026-06-06,,KC @ MIN,,,game_result,ML,full_game,,,,,,,,legacy_fallback,57.447,-135,,,,,,,,,,,,69.9,57.5,3.16,,High,SETTLED,SUPPORTED,4.0,LOSS,0.0,-4.0,-100.0,,,,,,,,,full_game,"Joe Ryan true_xFIP 2.91 vs Avila 4.85 (BB%=13.8%, recent FIP 6.10); MIN hot L7=5.43 R/G; model 69.9% vs Kalshi 57.5% — large gap flagged, R71 suspended for research session.","[""R71-suspended-pin_div=12.8%""]","{""betBook"": ""Kalshi"", ""scheduledStartTime"": null, ""seriesTicker"": null}",DEGRADED,"[""NO_EXACT_OR_GAME_IDENTITY""]",REAL,True,,,,[]
2026-06-06-002,2026-06-06,,KC @ MIN,,,inning_result,F5 ML,F5,,,,,,,,legacy_fallback,51.456,-106,,,,,,,,,,,,72.0,51.8,5.16,,High,PENDING,SUPPORTED,6.0,PENDING,,,,,,,,,,,,F5,f5Amplified xERAGap=1.94; Ryan elite txFIP 2.91 suppresses KC through 5 innings; Avila early-exit risk (BB%=13.8%). R71F5 suspended for research.,"[""R71F5-suspended-pin_div=14.9%""]","{""betBook"": ""Kalshi"", ""scheduledStartTime"": null, ""seriesTicker"": null}",DEGRADED,"[""NO_EXACT_OR_GAME_IDENTITY""]",REAL,True,,,,[]
2026-06-06-003,2026-06-06,,KC @ MIN,,,first_inning_run,YRFI,F1,,,,,,,,legacy_fallback,48.544,106,,,,,,,,,,,,62.3,51.5,2.76,,Medium,PENDING,SUPPORTED,3.75,PENDING,,,,,,,,,,,,F1,Avila BB%=13.8% worst walk rate on slate; MIN L7=5.43 R/G hot offense; model 62.3% YRFI vs Kalshi 51.5%. R34 suspended.,"[""R34-suspended-total=8.4""]","{""betBook"": ""Kalshi"", ""scheduledStartTime"": null, ""seriesTicker"": null}",DEGRADED,"[""NO_EXACT_OR_GAME_IDENTITY""]",REAL,True,,,,[]
2026-06-06-004,2026-06-06,,CIN @ STL,,,game_result,ML,full_game,,,,,,,,legacy_fallback,54.545,-120,,,,,,,,,,,,62.5,54.0,2.18,,Medium,SETTLED,SUPPORTED,3.0,WIN,5.5,2.5,83.333,,,,,,,,,full_game,Lodolo true_xFIP 5.50 (replacement-level); CIN BOUNCEBACK cold (L7=3.17); Pinnacle agrees direction at 53.7%. R71 suspended. | MANUAL CORRECTION: STL won 6-5 (Nootbaar 8th-inning HR). clv_update.py settlement bug fixed.,"[""R71-suspended-pin_div=8.8%""]","{""betBook"": ""Kalshi"", ""scheduledStartTime"": null, ""seriesTicker"": null}",DEGRADED,"[""NO_EXACT_OR_GAME_IDENTITY""]",REAL,True,,,,[]
2026-06-06-005,2026-06-06,,CIN @ STL,,,inning_result,F5 ML,F5,,,,,,,,legacy_fallback,45.455,120,,,,,,,,,,,,59.6,46.2,3.42,,High,PENDING,SUPPORTED,6.0,PENDING,,,,,,,,,,,,F5,Lodolo txFIP 5.50 vs STL baseline 4.41 R/G; CIN cold L7=3.17. Liberatore txFIP 5.07 also poor. F5 price +120 confirmed Kalshi.,[],"{""betBook"": ""Kalshi"", ""scheduledStartTime"": null, ""seriesTicker"": null}",DEGRADED,"[""NO_EXACT_OR_GAME_IDENTITY""]",REAL,True,,,,[]
2026-06-06-006,2026-06-06,,CIN @ STL,,,first_inning_run,YRFI,F1,,,,,,,,legacy_fallback,48.544,106,,,,,,,,,,,,71.1,46.5,6.27,,High,PENDING,SUPPORTED,5.0,PENDING,,,,,,,,,,,,F1,"Both starters replacement-level (Lodolo 5.50, Liberatore 5.07 txFIP); model 71.1% vs Kalshi 46.5% — highest single-bet edge on slate. R34 suspended.","[""R34-suspended-total=9.63""]","{""betBook"": ""Kalshi"", ""scheduledStartTime"": null, ""seriesTicker"": null}",DEGRADED,"[""NO_EXACT_OR_GAME_IDENTITY""]",REAL,True,,,,[]
2026-06-06-007,2026-06-06,,SF @ CHC,,,game_result,ML,full_game,,,,,,,,legacy_fallback,41.494,141,,,,,,,,,,,,65.2,41.5,6.04,,High,SETTLED,SUPPORTED,4.0,LOSS,0.0,-4.0,-100.0,,,,,,,,,full_game,"Both starters elite (Roupp 2.80, Brown 2.80 txFIP) — zero gap. SF REGRESSION (L7=8.29) inflating offense baseline. Market prices CHC -141 with Pinnacle agreement. Model 65.2% vs market 41.5% is extreme 23.8% divergence — strong CLV research value. If bet loses it likely confirms R71 is correct.","[""R71-suspended-pin_div=23.8%-LARGE-DIVERGENCE""]","{""betBook"": ""Kalshi"", ""scheduledStartTime"": null, ""seriesTicker"": null}",DEGRADED,"[""NO_EXACT_OR_GAME_IDENTITY""]",REAL,True,,,,[]
2026-06-06-008,2026-06-06,,SF @ CHC,,,inning_result,F5 ML,F5,,,,,,,,legacy_fallback,35.461,182,,,,,,,,,,,,58.8,35.7,5.9,,High,PENDING,SUPPORTED,6.0,PENDING,,,,,,,,,,,,F5,Same thesis as SF ML. Roupp txFIP 2.80 same as Brown — no structural F5 edge from pitching; model advantage comes entirely from SF offense REGRESSION inflation. High research value for R71 validation. R76 note: SF ML + SF F5 are correlated (same thesis) — sized one tier below each per R76d.,"[""R71F5-suspended-pin_div=17.4%-LARGE-DIVERGENCE""]","{""betBook"": ""Kalshi"", ""scheduledStartTime"": null, ""seriesTicker"": null}",DEGRADED,"[""NO_EXACT_OR_GAME_IDENTITY""]",REAL,True,,,,[]
2026-06-06-009,2026-06-06,,BAL @ TOR,,,first_inning_run,YRFI,F1,,,,,,,,legacy_fallback,48.544,106,,,,,,,,,,,,59.6,51.5,2.07,,Medium,PENDING,SUPPORTED,3.75,PENDING,,,,,,,,,,,,F1,TOR opener Fisher avgIP=1.06 = automatic YRFI lean per R24 (opener satisfies factors 1&2); BAL REGRESSION L7=6.83 hot offense; Bradish txFIP 4.40 allows contact. R34 suspended.,"[""R34-suspended-total=8.32""]","{""betBook"": ""Kalshi"", ""scheduledStartTime"": null, ""seriesTicker"": null}",DEGRADED,"[""NO_EXACT_OR_GAME_IDENTITY""]",REAL,True,,,,[]
2026-06-06-010,2026-06-06,,CWS @ PHI,,,game_result,ML,full_game,,,,,,,,legacy_fallback,44.444,125,,,,,,,,,,,,63.7,44.5,4.9,,High,SETTLED,SUPPORTED,4.0,WIN,9.0,5.0,125.0,,,,,,,,,full_game,"Painter recent FIP 6.74 txFIP 5.00; CWS REGRESSION hot offense (L7=5.50, L15=5.79); both sharp markets agree at 44-45% CWS. R71 suspended.","[""R71-suspended-pin_div=19.1%""]","{""betBook"": ""Kalshi"", ""scheduledStartTime"": null, ""seriesTicker"": null}",DEGRADED,"[""NO_EXACT_OR_GAME_IDENTITY""]",REAL,True,,,,[]
2026-06-06-011,2026-06-06,,CWS @ PHI,,,first_inning_run,YRFI,F1,,,,,,,,legacy_fallback,44.444,125,,,,,,,,,,,,64.8,44.5,5.18,,High,PENDING,SUPPORTED,5.0,PENDING,,,,,,,,,,,,F1,CWS opener Eisert (1.1 avgIP) = YRFI signal (R24 opener auto-lean); Painter recent FIP 6.74 also vulnerable in 1st. CWS L7=5.50 R/G. R34 suspended.,"[""R34-suspended-total=8.9""]","{""betBook"": ""Kalshi"", ""scheduledStartTime"": null, ""seriesTicker"": null}",DEGRADED,"[""NO_EXACT_OR_GAME_IDENTITY""]",REAL,True,,,,[]
2026-06-06-012,2026-06-06,,WSH @ AZ,,,inning_result,F5 ML,F5,,,,,,,,legacy_fallback,36.496,174,,,,,,,,,,,,49.8,37.2,3.2,,High,PENDING,SUPPORTED,6.0,PENDING,,,,,,,,,,,,F5,Littell txFIP 5.50 (recent FIP 9.26) vs WSH 5.39 Szn R/G over 4.64 IP; structural F5 advantage before exit. Rodriguez txFIP 4.21 better. F5 +174 confirmed Kalshi. pin_div only 6.2% on F5.,[],"{""betBook"": ""Kalshi"", ""scheduledStartTime"": null, ""seriesTicker"": null}",DEGRADED,"[""NO_EXACT_OR_GAME_IDENTITY""]",REAL,True,,,,[]
2026-06-06-013,2026-06-06,,WSH @ AZ,,,first_inning_run,YRFI,F1,,,,,,,,legacy_fallback,46.512,115,,,,,,,,,,,,71.0,46.5,6.25,,High,PENDING,SUPPORTED,5.0,PENDING,,,,,,,,,,,,F1,Littell catastrophic recent form (9.26 FIP) + Rodriguez recent 5.23 FIP; WSH top-5 Szn offense (5.39 R/G) vs one of worst starters on slate. Model 71% YRFI. R34 suspended.,"[""R34-suspended-total=10.34""]","{""betBook"": ""Kalshi"", ""scheduledStartTime"": null, ""seriesTicker"": null}",DEGRADED,"[""NO_EXACT_OR_GAME_IDENTITY""]",REAL,True,,,,[]
2026-06-06-014,2026-06-06,,ATH @ HOU,,,inning_result,F5 ML,F5,,,,,,,,legacy_fallback,44.053,127,,,,,,,,,,,,72.0,44.9,6.91,,High,PENDING,SUPPORTED,6.0,PENDING,,,,,,,,,,,,F5,HOU F5: Kade Morris unknown (default txFIP 4.5) — model sees HOU edge from scoring against unknown starter. Imai avgIP=3.16 limits HOU starter exposure in F5 window. Pinnacle 53.3% HOU vs model 72% = 18.7% divergence. R71F5 suspended. Morris unknown is major uncertainty.,"[""R71F5-suspended-pin_div=18.7%"", ""R61-unknown-starter-Morris""]","{""betBook"": ""Kalshi"", ""scheduledStartTime"": null, ""seriesTicker"": null}",DEGRADED,"[""NO_EXACT_OR_GAME_IDENTITY""]",REAL,True,,,,[]
2026-06-06-015,2026-06-06,,ATH @ HOU,,,first_inning_run,YRFI,F1,,,,,,,,legacy_fallback,45.455,120,,,,,,,,,,,,70.7,45.5,6.44,,High,PENDING,SUPPORTED,5.0,PENDING,,,,,,,,,,,,F1,Imai BB%=15.9% creates near-certain ATH 1st-inning scoring; Morris unknown adds uncertainty to HOU side. Model 70.7% YRFI vs Kalshi 45.5%. R34 suspended.,"[""R34-suspended-total=9.87""]","{""betBook"": ""Kalshi"", ""scheduledStartTime"": null, ""seriesTicker"": null}",DEGRADED,"[""NO_EXACT_OR_GAME_IDENTITY""]",REAL,True,,,,[]
2026-06-06-016,2026-06-06,,ATH @ HOU,,,game_result,ML,full_game,,,,,,,,legacy_fallback,46.512,115,,,,,,,,,,,,52.2,46.5,1.45,,Paper,SETTLED,SUPPORTED,1.0,LOSS,0.0,-1.0,-100.0,,,,,,,,,full_game,Imai BB%=15.9% txFIP 5.47; Paper only — Morris completely unknown. pin_div only 5.5%.,"[""R61-unknown-starter-Morris"", ""R73-one-starter-only""]","{""betBook"": ""Kalshi"", ""scheduledStartTime"": null, ""seriesTicker"": null}",DEGRADED,"[""NO_EXACT_OR_GAME_IDENTITY""]",REAL,True,,,,[]
2026-06-06-017,2026-06-06,,PIT @ ATL,,,game_result,ML,full_game,,,,,,,,legacy_fallback,48.544,106,,,,,,,,,,,,72.0,48.5,5.99,,High,SETTLED,SUPPORTED,4.0,LOSS,0.0,-4.0,-100.0,,,,,,,,,full_game,Ashcraft txFIP 2.83 elite vs Strider txFIP 4.90 (xFIP 4.68 >> xERA 2.93 — FADE signal; Strider outperforming peripherals in only 6 GS). Market pick'em (49.5% Pin) vs model 72%. Strider thin sample is key unknown. R71 suspended.,"[""R71-suspended-pin_div=22.5%-LARGE""]","{""betBook"": ""Kalshi"", ""scheduledStartTime"": null, ""seriesTicker"": null}",DEGRADED,"[""NO_EXACT_OR_GAME_IDENTITY""]",REAL,True,,,,[]
2026-06-06-018,2026-06-06,,PIT @ ATL,,,inning_result,F5 ML,F5,,,,,,,,legacy_fallback,42.918,133,,,,,,,,,,,,72.0,43.9,7.17,,High,PENDING,SUPPORTED,6.0,PENDING,,,,,,,,,,,,F5,Ashcraft txFIP 2.83 vs Strider txFIP 4.90; f5Amplified xERAGap=2.07. Highest F5 edge on slate (7.17%). Same divergence risk as ML. R71F5 suspended. Both starters in factors per R73.,"[""R71F5-suspended-pin_div=22.5%-LARGE""]","{""betBook"": ""Kalshi"", ""scheduledStartTime"": null, ""seriesTicker"": null}",DEGRADED,"[""NO_EXACT_OR_GAME_IDENTITY""]",REAL,True,,,,[]
2026-06-06-019,2026-06-06,,PIT @ ATL,,,first_inning_run,YRFI,F1,,,,,,,,legacy_fallback,53.488,-115,,,,,,,,,,,,65.9,53.5,3.17,,High,PENDING,SUPPORTED,5.0,PENDING,,,,,,,,,,,,F1,Strider txFIP 4.90 (allows contact despite xERA 2.93); PIT L7=7.67 R/G elite offense recently. ATL BOUNCEBACK cold facing Ashcraft elite. Model 65.9% YRFI vs Kalshi 53.5%. R34 suspended.,"[""R34-suspended-total=8.65""]","{""betBook"": ""Kalshi"", ""scheduledStartTime"": null, ""seriesTicker"": null}",DEGRADED,"[""NO_EXACT_OR_GAME_IDENTITY""]",REAL,True,,,,[]
2026-06-06-020,2026-06-06,,CLE @ TEX,,,inning_result,F5 ML,F5,,,,,,,,legacy_fallback,45.455,120,,,,,,,,,,,,53.4,51.2,2.32,,Medium,PENDING,SUPPORTED,4.5,PENDING,,,,,,,,,,,,F5,"Leiter txFIP 4.50 vs Bibee 4.55 — near-identical starters, edge comes from Globe Life park factor (+0.25) and TEX home baseline. Low divergence (pin_div 1.7%) — clean edge.",[],"{""betBook"": ""Kalshi"", ""scheduledStartTime"": null, ""seriesTicker"": null}",DEGRADED,"[""NO_EXACT_OR_GAME_IDENTITY""]",REAL,True,,,,[]
2026-06-06-021,2026-06-06,,CLE @ TEX,,,first_inning_run,YRFI,F1,,,,,,,,legacy_fallback,51.456,-106,,,,,,,,,,,,62.1,48.5,3.46,,High,PENDING,SUPPORTED,5.0,PENDING,,,,,,,,,,,,F1,"Both starters middling (Bibee 4.55, Leiter 4.50 txFIP) + Globe Life hitter-friendly park; model 62.1% YRFI vs Kalshi 48.5%.","[""R34-suspended-total=8.64""]","{""betBook"": ""Kalshi"", ""scheduledStartTime"": null, ""seriesTicker"": null}",DEGRADED,"[""NO_EXACT_OR_GAME_IDENTITY""]",REAL,True,,,,[]
2026-06-06-022,2026-06-06,,BOS @ NYY,,,inning_result,F5 ML,F5,,,,,,,,legacy_fallback,44.444,125,,,,,,,,,,,,52.9,50.0,2.02,,Medium,VOID,SUPPORTED,4.5,VOID,4.5,0.0,0.0,,,,,,,,,F5,"Warren txFIP 2.80 vs Suarez txFIP 2.85 — near-mirror starters; NYY home edge and slight offense baseline advantage produces clean 2.02% F5 edge. Low divergence (pin_div 1.3%). | VOID: BOS@NYY postponed 6/6, makeup 8/29.",[],"{""betBook"": ""Kalshi"", ""scheduledStartTime"": null, ""seriesTicker"": null}",DEGRADED,"[""NO_EXACT_OR_GAME_IDENTITY""]",REAL,True,,,,[]
2026-06-06-023,2026-06-06,,MIL @ COL,,,inning_result,F5 ML,F5,,,,,,,,legacy_fallback,25.0,300,,,,,,,,,,,,38.9,26.6,3.16,,High,PENDING,SUPPORTED,6.0,PENDING,,,,,,,,,,,,F5,Misiorowski txFIP 2.80 elite at Coors suppresses COL half; Agnos txFIP 3.72 is average but Coors inflates MIL scoring. Model finds COL F5 value as a large underdog at +300. pin_div 8.4%.,"[""R71F5-suspended-pin_div=8.4%""]","{""betBook"": ""Kalshi"", ""scheduledStartTime"": null, ""seriesTicker"": null}",DEGRADED,"[""NO_EXACT_OR_GAME_IDENTITY""]",REAL,True,,,,[]
2026-06-06-024,2026-06-06,,MIL @ COL,,,first_inning_run,YRFI,F1,,,,,,,,legacy_fallback,45.455,120,,,,,,,,,,,,62.5,45.0,3.32,,High,PENDING,SUPPORTED,5.0,PENDING,,,,,,,,,,,,F1,Coors Field pk=+0.75 inflates 1st-inning scoring probability; Agnos txFIP 3.72 allows contact at altitude. Model 62.5% YRFI vs Kalshi 45%.,"[""R34-suspended-total=9.4""]","{""betBook"": ""Kalshi"", ""scheduledStartTime"": null, ""seriesTicker"": null}",DEGRADED,"[""NO_EXACT_OR_GAME_IDENTITY""]",REAL,True,,,,[]
2026-06-06-025,2026-06-06,,LAA @ LAD,,,game_result,ML,full_game,,,,,,,,legacy_fallback,23.474,326,,,,,,,,,,,,37.4,23.5,3.54,,High,SETTLED,SUPPORTED,4.0,LOSS,0.0,-4.0,-100.0,,,,,,,,,full_game,Kochanowicz txFIP 4.33 vs Yamamoto txFIP 3.49; model projects LAA closer than market (37.4% vs 24.5% Kalshi). pin_div 12.9% — R71 suspended. Dodger Stadium suppresses scoring (-0.20).,"[""R71-suspended-pin_div=12.9%""]","{""betBook"": ""Kalshi"", ""scheduledStartTime"": null, ""seriesTicker"": null}",DEGRADED,"[""NO_EXACT_OR_GAME_IDENTITY""]",REAL,True,,,,[]
2026-06-06-026,2026-06-06,,LAA @ LAD,,,inning_result,F5 ML,F5,,,,,,,,legacy_fallback,21.978,355,,,,,,,,,,,,35.7,21.9,4.85,,High,PENDING,SUPPORTED,6.0,PENDING,,,,,,,,,,,,F5,Same thesis as LAA ML extended to F5. Yamamoto txFIP 3.49 is better but model values LAA as larger underdog than market. pin_div 16.2% — large divergence flagged. +355 creates meaningful research value.,"[""R71F5-suspended-pin_div=16.2%""]","{""betBook"": ""Kalshi"", ""scheduledStartTime"": null, ""seriesTicker"": null}",DEGRADED,"[""NO_EXACT_OR_GAME_IDENTITY""]",REAL,True,,,,[]
2026-06-06-027,2026-06-06,,LAA @ LAD,,,first_inning_run,YRFI,F1,,,,,,,,legacy_fallback,47.393,111,,,,,,,,,,,,59.4,47.5,4.18,,High,PENDING,SUPPORTED,5.0,PENDING,,,,,,,,,,,,F1,Kochanowicz txFIP 4.33 creates LAA 1st-inning scoring opportunity; Yamamoto elite but xERA 3.65 suggests some contact allowed. Model 59.4% YRFI vs Kalshi 47.5%.,[],"{""betBook"": ""Kalshi"", ""scheduledStartTime"": null, ""seriesTicker"": null}",DEGRADED,"[""NO_EXACT_OR_GAME_IDENTITY""]",REAL,True,,,,[]
2026-06-06-028,2026-06-06,,NYM @ SD,,,game_result,ML,full_game,,,,,,,,legacy_fallback,53.488,-115,,,,,,,,,,,,72.0,53.5,4.72,,High,SETTLED,SUPPORTED,4.0,WIN,7.48,3.48,87.0,,,,,,,,,full_game,McLean txFIP 2.80 elite vs Canning txFIP 5.41 (worst starter on evening slate); model 72% NYM vs Kalshi 53.5% — massive 18.7% divergence. R71 suspended. xERAGap=2.61 triggers f5Amplified. Both Kalshi and Pinnacle agree at ~53% NYM — market sees this as a coin flip.,"[""R71-suspended-pin_div=18.7%""]","{""betBook"": ""Kalshi"", ""scheduledStartTime"": null, ""seriesTicker"": null}",DEGRADED,"[""NO_EXACT_OR_GAME_IDENTITY""]",REAL,True,,,,[]
2026-06-06-029,2026-06-06,,NYM @ SD,,,inning_result,F5 ML,F5,,,,,,,,legacy_fallback,47.393,111,,,,,,,,,,,,72.0,49.9,6.06,,High,PENDING,SUPPORTED,6.0,PENDING,,,,,,,,,,,,F5,f5Amplified xERAGap=2.61; McLean txFIP 2.80 vs Canning txFIP 5.41 over first 5 innings is the most extreme pitching mismatch on the evening slate. +111 with 6.06% edge. Same 18.7% divergence flag as ML.,"[""R71F5-suspended-pin_div=18.7%""]","{""betBook"": ""Kalshi"", ""scheduledStartTime"": null, ""seriesTicker"": null}",DEGRADED,"[""NO_EXACT_OR_GAME_IDENTITY""]",REAL,True,,,,[]
2026-06-06-030,2026-06-06,,NYM @ SD,,,first_inning_run,YRFI,F1,,,,,,,,legacy_fallback,51.456,-106,,,,,,,,,,,,57.8,50.5,2.57,,Medium,PENDING,SUPPORTED,3.75,PENDING,,,,,,,,,,,,F1,Canning txFIP 5.41 creates NYM 1st-inning scoring pressure; Petco suppresses (-0.25) but model still finds 57.8% YRFI vs Kalshi 50.5%.,[],"{""betBook"": ""Kalshi"", ""scheduledStartTime"": null, ""seriesTicker"": null}",DEGRADED,"[""NO_EXACT_OR_GAME_IDENTITY""]",REAL,True,,,,[]
2026-06-07-001,2026-06-07,,CWS @ PHI,,,inning_result,F5 ML,F5,,,,,,,,legacy_fallback,53.488,-115,,,,,,,,,,,,85.0,52.5,8.29,,High,open,SUPPORTED,6.0,PENDING,,,,,,,,,,,,F5,PHI F5 ML High — Gilbert is an opener with 0 starts and xFIP 17.05 (data artifact); Nola (true_xFIP 5.50) faces hot CWS offense (L7 5.33 R/G); xERAGap 12.82 flagged as unreliable due to Gilbert artifact but PHI F5 85% model probability vs Kalshi 52.5% VF represents massive Kalshi inefficiency on this matchup. Rule 71 suspended for research.,"[""Rule71_suspended_research"", ""R71gap_10pct_Gilbert_opener_data_artifact""]","{""betBook"": null, ""scheduledStartTime"": null, ""seriesTicker"": null}",DEGRADED,"[""NO_EXACT_OR_GAME_IDENTITY""]",REAL,True,,,,[]
2026-06-07-002,2026-06-07,,BOS @ NYY,,,inning_result,F5 ML,F5,,,,,,,,legacy_fallback,48.077,108,,,,,,,,,,,,62.9,47.6,3.9,,High,open,SUPPORTED,6.0,PENDING,,,,,,,,,,,,F5,"NYY F5 ML High — Cam Schlittler (true_xFIP 3.01, elite, recent 2.37 FIP over 13 starts) thoroughly dominates this matchup; Suarez solid (true_xFIP 2.80) but NYY elite offense (L15 6.0 R/G) vs Suarez in the Bronx gives Schlittler the F5 edge; model 62.9% vs Kalshi 47.6% VF. Clean R71-gap <9% — both markets in range.",[],"{""betBook"": null, ""scheduledStartTime"": null, ""seriesTicker"": null}",DEGRADED,"[""NO_EXACT_OR_GAME_IDENTITY""]",REAL,True,,,,[]
2026-06-07-003,2026-06-07,,BAL @ TOR,,,inning_result,F5 ML,F5,,,,,,,,legacy_fallback,46.512,115,,,,,,,,,,,,57.7,47.2,2.68,,Medium,open,SUPPORTED,4.5,PENDING,,,,,,,,,,,,F5,"TOR F5 ML Med — Gausman (true_xFIP 3.83) holds down the fort at Rogers while Baz (true_xFIP 2.90 but recentFIP 4.66, BB% 9.5%) shows real recent struggles; TOR home edge with Gausman's command (BB% 4.6%) generating early groundouts. Model 57.7% vs Kalshi 47.2%.",[],"{""betBook"": null, ""scheduledStartTime"": null, ""seriesTicker"": null}",DEGRADED,"[""NO_EXACT_OR_GAME_IDENTITY""]",REAL,True,,,,[]
2026-06-07-004,2026-06-07,,SEA @ DET,,,inning_result,F5 ML,F5,,,,,,,,legacy_fallback,40.486,147,,,,,,,,,,,,53.5,40.7,3.26,,High,open,SUPPORTED,6.0,PENDING,,,,,,,,,,,,F5,SEA F5 ML High — Flaherty averaging only 3.87 IP/start with BB% 11.8% (extreme walk rate) and recentFIP 5.22 is a disaster; SEA gets to the DET pen early and often. Castillo more durable (4.84 avg IP) keeps it closer. Model 53.5% vs Kalshi 40.7% VF — big Kalshi inefficiency on this early-exit pattern.,[],"{""betBook"": null, ""scheduledStartTime"": null, ""seriesTicker"": null}",DEGRADED,"[""NO_EXACT_OR_GAME_IDENTITY""]",REAL,True,,,,[]
2026-06-07-005,2026-06-07,,ATH @ HOU,,,game_result,ML,full_game,,,,,,,,legacy_fallback,49.505,102,,,,,,,,,,,,57.7,49.5,2.09,,Paper,SETTLED,SUPPORTED,1.0,WIN,2.02,1.02,102.0,,,,,,,,,full_game,ATH ML Paper — Rule 76 applied: correlated with ATH F5 below (same team advantage thesis). Model 57.7% vs Kalshi 49.5% = legitimate 2.09% edge but sized to paper. Jump only 2 starts (thin sample); HOU offense L7 6.0 R/G hot offset by Burrows (recentFIP 5.15) weakness.,"[""Rule76_correlated_with_ATH_F5_sized_to_paper""]","{""betBook"": null, ""scheduledStartTime"": null, ""seriesTicker"": null}",DEGRADED,"[""NO_EXACT_OR_GAME_IDENTITY""]",REAL,True,,,,[]
2026-06-07-006,2026-06-07,,ATH @ HOU,,,inning_result,F5 ML,F5,,,,,,,,legacy_fallback,43.478,130,,,,,,,,,,,,61.5,44.2,4.41,,High,open,SUPPORTED,4.5,PENDING,,,,,,,,,,,,F5,"ATH F5 ML — f5AMP xERAGap=3.50; Burrows (12 starts, recentFIP 5.15) is replacement-level; HOU pen xFIP 4.91 vulnerable; ATH offense gets the early innings advantage. Model 61.5% vs Kalshi 44.2%. Rule 76 applied: sized down from HIGH ($6) to MED ($4.50) due to ATH ML also logged.","[""Rule76_sized_down_from_HIGH_to_MED""]","{""betBook"": null, ""scheduledStartTime"": null, ""seriesTicker"": null}",DEGRADED,"[""NO_EXACT_OR_GAME_IDENTITY""]",REAL,True,,,,[]
2026-06-07-007,2026-06-07,,CIN @ STL,,,inning_result,F5 ML,F5,,,,,,,,legacy_fallback,48.544,106,,,,,,,,,,,,57.0,49.3,1.96,,Medium,open,SUPPORTED,4.5,PENDING,,,,,,,,,,,,F5,"STL F5 ML Med — McGreevy home (true_xFIP 3.78) vs Lowder (true_xFIP 4.11, xERA 5.07); CIN pen xFIP 5.16 is brutal and leaks runs when Lowder exits early. STL offense L7 5.17 R/G hot. Rule 77: CIN F5 opposite side degraded to paper. Model 57.0% vs Kalshi 49.3%.","[""Rule77_CIN_F5_degraded_to_paper""]","{""betBook"": null, ""scheduledStartTime"": null, ""seriesTicker"": null}",DEGRADED,"[""NO_EXACT_OR_GAME_IDENTITY""]",REAL,True,,,,[]
2026-06-07-008,2026-06-07,,CLE @ TEX,,,inning_result,F5 ML,F5,,,,,,,,legacy_fallback,34.483,190,,,,,,,,,,,,46.9,34.5,3.16,,High,open,SUPPORTED,6.0,PENDING,,,,,,,,,,,,F5,CLE F5 ML High — deGrom's true_xFIP 4.62 (recentFIP 3.28 is deceptive — 5 recent starts masked by small samples) contrasts with model projection; Cantillo (true_xFIP 3.91) is more reliable than his raw xFIP 4.62 suggests (recentFIP 5.87 drag). Globe Life park +0.25 R/team. Model 46.9% vs massive Kalshi underpricing at 34.5%. Best underdog value of the slate.,[],"{""betBook"": null, ""scheduledStartTime"": null, ""seriesTicker"": null}",DEGRADED,"[""NO_EXACT_OR_GAME_IDENTITY""]",REAL,True,,,,[]
2026-06-07-009,2026-06-07,,MIL @ COL,,,game_result,ML,full_game,,,,,,,,legacy_fallback,62.547,-167,,,,,,,,,,,,73.6,62.5,2.83,,Medium,SETTLED,SUPPORTED,3.0,WIN,4.8,1.8,60.0,,,,,,,,,full_game,"MIL ML Med — Rule 71 suspended. Freeland xFIP 5.77 replacement-level at Coors is the primary driver; MIL L7 7.29 R/G absolute fire; Drohan only 2 starts (thin sample, xFIP 2.78 but recentFIP 5.35 suggests regression). Coors + elite MIL offense vs worst SP in NL = model at 73.6%. Market 62.5% Kalshi — gap real but partially explained by Drohan uncertainty.","[""Rule71_suspended_research"", ""R71gap_12pct_Drohan_thin_sample""]","{""betBook"": null, ""scheduledStartTime"": null, ""seriesTicker"": null}",DEGRADED,"[""NO_EXACT_OR_GAME_IDENTITY""]",REAL,True,,,,[]
2026-06-07-010,2026-06-07,,MIL @ COL,,,inning_result,F5 ML,F5,,,,,,,,legacy_fallback,54.545,-120,,,,,,,,,,,,78.2,55.9,5.69,,High,open,SUPPORTED,6.0,PENDING,,,,,,,,,,,,F5,"MIL F5 ML High — f5AMP xERAGap=2.99; Freeland (xFIP 5.77, xERA 6.40) is the clearest vulnerable starter on the slate at Coors Field; MIL L7 7.29 R/G scorching offense will feast on Freeland's 4 avg IP limit; MIL pen xFIP 3.31 elite contains COL in 2nd half. Model 78.2% vs Kalshi 55.9%. Rule 76 stack check: F5 and ML are independent dimensions (5-inning vs full game).","[""Rule76_stack_check_passed_independent_angle""]","{""betBook"": null, ""scheduledStartTime"": null, ""seriesTicker"": null}",DEGRADED,"[""NO_EXACT_OR_GAME_IDENTITY""]",REAL,True,,,,[]
2026-06-07-011,2026-06-07,,WSH @ AZ,,,inning_result,F5 ML,F5,,,,,,,,legacy_fallback,40.984,144,,,,,,,,,,,,51.1,41.4,2.47,,Medium,open,SUPPORTED,4.5,PENDING,,,,,,,,,,,,F5,"WSH F5 ML Med — Cavalli (13 starts, recentFIP 2.06, true_xFIP 2.80 floored) is elite through 5 innings and has been nearly untouchable recently; Soroka (recentFIP 3.67) solid but WSH offense (L7 5.17 R/G) strong, Cavalli's shutdown performance flips the F5 advantage. Model 51.1% vs Kalshi 41.4%.",[],"{""betBook"": null, ""scheduledStartTime"": null, ""seriesTicker"": null}",DEGRADED,"[""NO_EXACT_OR_GAME_IDENTITY""]",REAL,True,,,,[]
2026-06-07-012,2026-06-07,,LAA @ LAD,,,inning_result,F5 ML,F5,,,,,,,,legacy_fallback,54.955,-122,,,,,,,,,,,,69.8,55.0,3.77,,High,open,SUPPORTED,6.0,PENDING,,,,,,,,,,,,F5,"LAD F5 ML High — Soriano BB% 12.1% extreme walk rate creates first-5-inning train wreck against LAD elite lineup (L15 5.86 R/G); Sheehan (true_xFIP 3.56, recentFIP 4.08) does enough to suppress LAA. LAD proj 4.12R total vs Dodger Stadium suppression; F5 advantage clear at Kalshi 55% vs model 69.8%.",[],"{""betBook"": null, ""scheduledStartTime"": null, ""seriesTicker"": null}",DEGRADED,"[""NO_EXACT_OR_GAME_IDENTITY""]",REAL,True,,,,[]
2026-06-07-013,2026-06-07,,CWS @ PHI,,,first_inning_run,YRFI,F1,,,,,,,,legacy_fallback,,,,,,,,,,,,,,80.0,,5.24,,Paper,open,SUPPORTED,1.0,PENDING,,,,,,,,,,,,F1,"YRFI Paper — allEdges shows 5.24% HIGH calibrated edge. Gilbert is opener (0 starts, avgIP ~1); first inning will feature secondary pitchers; YRFI 80% model probability. Paper pending Kalshi YRFI price confirmation at game time.","[""Rule42_Kalshi_YRFI_price_unconfirmed""]","{""betBook"": null, ""scheduledStartTime"": null, ""seriesTicker"": null}",POOR,"[""NO_EXACT_OR_GAME_IDENTITY"", ""MISSING_ENTRY_PRICE""]",REAL,True,,,,[]
2026-06-07-014,2026-06-07,,BAL @ TOR,,,inning_result,F5 ML,F5,,,,,,,,legacy_fallback,37.453,167,,,,,,,,,,,,42.3,38.0,1.1,,Paper,open,SUPPORTED,1.0,PENDING,,,,,,,,,,,,F5,BAL F5 Paper — edge 1.10% below 1.5% threshold. Baz strong true_xFIP 2.90 but recentFIP 4.66 and BB% 9.5% create real doubt about maintaining F5 edge.,[],"{""betBook"": null, ""scheduledStartTime"": null, ""seriesTicker"": null}",DEGRADED,"[""NO_EXACT_OR_GAME_IDENTITY""]",REAL,True,,,,[]
2026-06-07-015,2026-06-07,,CIN @ STL,,,inning_result,F5 ML,F5,,,,,,,,legacy_fallback,35.461,182,,,,,,,,,,,,43.0,36.0,1.79,,Paper,open,SUPPORTED,1.0,PENDING,,,,,,,,,,,,F5,CIN F5 Paper — Rule 77: STL F5 is the higher-edge bet on this game (1.96% vs 1.79%); CIN F5 logged paper only per Rule 77.,"[""Rule77_opposite_side_STL_F5_logged_real""]","{""betBook"": null, ""scheduledStartTime"": null, ""seriesTicker"": null}",DEGRADED,"[""NO_EXACT_OR_GAME_IDENTITY""]",REAL,True,,,,[]
2026-06-07-016,2026-06-07,,MIL @ COL,,,team_total,Team Total,full_game,,,,,,,,legacy_fallback,53.704,-116,,,,,,,,,,,,64.2,53.7,2.68,,Paper,SETTLED,SUPPORTED,1.0,WIN,1.86,0.86,86.0,,,,,,,,,full_game,"MIL TT Over 6.5 Paper — Kalshi TT line not confirmed. Pinnacle posts 6.5. Model 64.2% over, edge 2.68% vs Pinnacle implied 53.7%. Strong Coors + Freeland xFIP 5.77 signal — if Kalshi TT confirmed pre-game this upgrades to Medium real.","[""Rule44_Kalshi_TT_line_unconfirmed""]","{""betBook"": null, ""scheduledStartTime"": null, ""seriesTicker"": null}",DEGRADED,"[""NO_EXACT_OR_GAME_IDENTITY""]",REAL,True,,,,[]
2026-06-07-017,2026-06-07,,WSH @ AZ,,,inning_result,F5 ML,F5,,,,,,,,legacy_fallback,43.478,130,,,,,,,,,,,,48.9,43.9,1.27,,Paper,open,SUPPORTED,1.0,PENDING,,,,,,,,,,,,F5,AZ F5 Paper — edge 1.27% below 1.5% threshold. Soroka elite recent form (recentFIP 3.67) holds AZ in it through 5.,[],"{""betBook"": null, ""scheduledStartTime"": null, ""seriesTicker"": null}",DEGRADED,"[""NO_EXACT_OR_GAME_IDENTITY""]",REAL,True,,,,[]
2026-06-07-018,2026-06-07,,NYM @ SD,,,game_result,ML,full_game,,,,,,,,legacy_fallback,50.495,-102,,,,,,,,,,,,54.9,50.5,1.12,,Paper,SETTLED,SUPPORTED,1.0,WIN,1.98,0.98,98.0,,,,,,,,,full_game,"NYM ML Paper — Brazobán is an opener (avgIP 1.11, 5 starts); SD cold offense (L7 2.17, L15 2.38 R/G); model 54.9% vs near pick-em Kalshi 50.5%. Edge 1.12% paper only. Rule 24 flags: F5 and TT analysis degraded due to opener on NYM side.","[""Rule71_suspended_R71gap_4.6pct""]","{""betBook"": null, ""scheduledStartTime"": null, ""seriesTicker"": null}",DEGRADED,"[""NO_EXACT_OR_GAME_IDENTITY""]",REAL,True,,,,[]
2026-06-07-019,2026-06-07,,SF @ CHC,,,team_total,Team Total,full_game,,,,,,,,legacy_fallback,54.338,-119,,,,,,,,,,,,71.0,54.3,4.26,,Paper,open,SUPPORTED,1.0,PENDING,,,,,,,,,,,,full_game,"SF TT Over 3.5 Paper — Kalshi TT line unconfirmed. Taillon xFIP 6.26 (recentFIP 6.15, 12 starts — this is real, not artifact) is worst starter on slate; SF L7 8.14 R/G scorching hot (regression flag but Taillon is still awful); model 71.0% P(SF>3) vs Pinnacle implied 54.3% = 4.26% edge. Upgrades to High real if Kalshi TT confirmed.","[""Rule44_Kalshi_TT_unconfirmed""]","{""betBook"": null, ""scheduledStartTime"": null, ""seriesTicker"": null}",DEGRADED,"[""NO_EXACT_OR_GAME_IDENTITY""]",REAL,True,,,,[]
2026-06-07-020,2026-06-07,,TB @ MIA,,,first_inning_run,YRFI,F1,,,,,,,,legacy_fallback,47.393,111,,,,,,,,,,,,60.7,47.5,3.37,,Medium,open,SUPPORTED,4.0,PENDING,,,,,,,,,,,,F1,YRFI Real MED — Jax averages only 3.67 IP/start and exits so early the 1st inning is essentially his. BB%=10.9% creates first-inning walk chains. Alcantara recentFIP 5.24 (bad stretch) compounds vulnerability. Poisson P(YRFI)=60.7% vs Kalshi 47.5%. Best YRFI edge on the slate.,[],"{""betBook"": null, ""scheduledStartTime"": null, ""seriesTicker"": null}",DEGRADED,"[""NO_EXACT_OR_GAME_IDENTITY""]",REAL,True,,,,[]
2026-06-07-021,2026-06-07,,CWS @ PHI,,,first_inning_run,YRFI,F1,,,,,,,,legacy_fallback,53.488,-115,,,,,,,,,,,,63.0,53.5,2.41,,Medium,open,SUPPORTED,4.0,PENDING,,,,,,,,,,,,F1,"YRFI Real MED — Gilbert has 0 starts with BB%=20%, extreme opener-quality chaos; first inning will feature secondary pitching. P(YRFI)=63.0% vs Kalshi 53.5%. Stack check: independent from PHI F5 ML (bet G2-001 — different outcome dimension).",[],"{""betBook"": null, ""scheduledStartTime"": null, ""seriesTicker"": null}",DEGRADED,"[""NO_EXACT_OR_GAME_IDENTITY""]",REAL,True,,,,[]
2026-06-07-022,2026-06-07,,PIT @ ATL,,,first_inning_run,YRFI,F1,,,,,,,,legacy_fallback,49.505,102,,,,,,,,,,,,58.0,49.5,2.16,,Medium,open,SUPPORTED,4.0,PENDING,,,,,,,,,,,,F1,"YRFI Real MED — Montgomery is confirmed opener (avgIP=1.0, 3 starts). Rule 24/40: opener auto-satisfies YRFI factors 1+2. Montgomery BB%=11.3% — PIT offense (L7 6.5 R/G hot) will test the opener immediately. Elder solid at home doesn't overcome opener dynamic. Poisson P(YRFI)=58.0% vs Kalshi 49.5%.",[],"{""betBook"": null, ""scheduledStartTime"": null, ""seriesTicker"": null}",DEGRADED,"[""NO_EXACT_OR_GAME_IDENTITY""]",REAL,True,,,,[]
2026-06-07-023,2026-06-07,,CIN @ STL,,,first_inning_run,YRFI,F1,,,,,,,,legacy_fallback,51.456,-106,,,,,,,,,,,,60.2,51.5,2.23,,Medium,open,SUPPORTED,4.0,PENDING,,,,,,,,,,,,F1,YRFI Real MED — Lowder BB%=10.8% is the highest walk rate among non-opener starters today. Walk → stolen base → wild pitch is a classic first-inning run pattern. STL offense L7 5.17 R/G hot. Model lean YRFI (score 0/2). Poisson P(YRFI)=60.2% vs Kalshi 51.5%. Stack check: independent from STL F5 ML.,[],"{""betBook"": null, ""scheduledStartTime"": null, ""seriesTicker"": null}",DEGRADED,"[""NO_EXACT_OR_GAME_IDENTITY""]",REAL,True,,,,[]
2026-06-07-024,2026-06-07,,BAL @ TOR,,,first_inning_run,YRFI,F1,,,,,,,,legacy_fallback,48.077,108,,,,,,,,,,,,56.6,48.0,2.19,,Medium,open,SUPPORTED,4.0,PENDING,,,,,,,,,,,,F1,"YRFI Real MED — Baz BB%=9.5% in inning 1 vs BAL's hot offense (L7 6.5 R/G, regression risk but still potent). Gausman elite command (BB%=4.6%) limits TOR 1st-inning risk but Baz's walk rate on the BAL side is the primary driver. Poisson P(YRFI)=56.6% vs Kalshi 48.0%.",[],"{""betBook"": null, ""scheduledStartTime"": null, ""seriesTicker"": null}",DEGRADED,"[""NO_EXACT_OR_GAME_IDENTITY""]",REAL,True,,,,[]
2026-06-07-025,2026-06-07,,SEA @ DET,,,first_inning_run,YRFI,F1,,,,,,,,legacy_fallback,48.544,106,,,,,,,,,,,,57.4,48.5,2.28,,Medium,open,SUPPORTED,4.0,PENDING,,,,,,,,,,,,F1,YRFI Real MED — Flaherty BB%=11.8% extreme walk rate AND only averages 3.87 IP/start — exits fastest among starting pitchers. First inning walk + hit = run. SEA offense (L7 3.67 R/G cold but facing walk-happy Flaherty) and DET offense (L7 5.5 hot) both have first-inning upside. Poisson P(YRFI)=57.4% vs Kalshi 48.5%.,[],"{""betBook"": null, ""scheduledStartTime"": null, ""seriesTicker"": null}",DEGRADED,"[""NO_EXACT_OR_GAME_IDENTITY""]",REAL,True,,,,[]
2026-06-07-026,2026-06-07,,WSH @ AZ,,,first_inning_run,YRFI,F1,,,,,,,,legacy_fallback,49.505,102,,,,,,,,,,,,57.1,49.5,1.93,,Paper,open,SUPPORTED,1.0,PENDING,,,,,,,,,,,,F1,YRFI Paper — Weak signal — dual aces (Cavalli/Soroka both elite). Chase Field muted by pitching. Paper only. Poisson P(YRFI)=57% vs Kalshi 49.5%. Edge 1.93% logged for CLV tracking.,[],"{""betBook"": null, ""scheduledStartTime"": null, ""seriesTicker"": null}",DEGRADED,"[""NO_EXACT_OR_GAME_IDENTITY""]",REAL,True,,,,[]
2026-06-07-027,2026-06-07,,LAA @ LAD,,,first_inning_run,YRFI,F1,,,,,,,,legacy_fallback,50.495,-102,,,,,,,,,,,,58.1,50.5,1.93,,Paper,open,SUPPORTED,1.0,PENDING,,,,,,,,,,,,F1,YRFI Paper — Conflicted — Soriano BB%=12.1% is YRFI signal but model lean is NRFI score 6/2. Paper pending. Poisson P(YRFI)=58% vs Kalshi 50.5%. Edge 1.93% logged for CLV tracking.,[],"{""betBook"": null, ""scheduledStartTime"": null, ""seriesTicker"": null}",DEGRADED,"[""NO_EXACT_OR_GAME_IDENTITY""]",REAL,True,,,,[]
2026-06-07-028,2026-06-07,,BOS @ NYY,,,first_inning_run,YRFI,F1,,,,,,,,legacy_fallback,46.512,115,,,,,,,,,,,,53.0,46.5,1.65,,Paper,open,SUPPORTED,1.0,PENDING,,,,,,,,,,,,F1,YRFI Paper — Weak signal — both elite starters. Schlittler/Suarez. Model lean strongly NRFI. Paper only. Poisson P(YRFI)=53% vs Kalshi 46.5%. Edge 1.65% logged for CLV tracking.,[],"{""betBook"": null, ""scheduledStartTime"": null, ""seriesTicker"": null}",DEGRADED,"[""NO_EXACT_OR_GAME_IDENTITY""]",REAL,True,,,,[]
2026-06-07-029,2026-06-07,,KC @ MIN,,,first_inning_run,YRFI,F1,,,,,,,,legacy_fallback,50.495,-102,,,,,,,,,,,,57.2,50.5,1.71,,Paper,open,SUPPORTED,1.0,PENDING,,,,,,,,,,,,F1,YRFI Paper — Weak signal — Prielipp BB%=9.8% mild. No dominant directional signal. Paper only. Poisson P(YRFI)=57% vs Kalshi 50.5%. Edge 1.71% logged for CLV tracking.,[],"{""betBook"": null, ""scheduledStartTime"": null, ""seriesTicker"": null}",DEGRADED,"[""NO_EXACT_OR_GAME_IDENTITY""]",REAL,True,,,,[]
2026-06-07-030,2026-06-07,,PIT @ ATL,,,game_result,ML,full_game,,,,,,,,legacy_fallback,43.103,132,,,,,,,,,,,,48.4,42.55,1.48,,Paper,SETTLED,SUPPORTED,1.0,LOSS,0.0,-1.0,-100.0,,,,,,,,,full_game,"Bryce Elder's true_xFIP of 3.27 suppresses PIT, but PIT offense (L7=6.5 R/G, baseline_adj=5.017) projects enough volume against an opener/bullpen structure to cover the market gap; edge 1.48% falls below Medium threshold with market fully aligned at 42.3% VF across Pinnacle and Kalshi; logged Paper for data accumulation. Elder true_xFIP=3.27 vs Montgomery opener (xFIP=3.55).","[""Rule24_opponent_opener""]","{""betBook"": ""Kalshi"", ""scheduledStartTime"": null, ""seriesTicker"": null}",DEGRADED,"[""NO_EXACT_OR_GAME_IDENTITY""]",REAL,True,,,,[]
2026-06-07-031,2026-06-07,,CWS @ PHI,,,first_inning_run,YRFI,F1,,,,,,,,legacy_fallback,50.0,100,,,,,,,,,,,,65.0,53.5,2.07,,Paper,PENDING,SUPPORTED,1.0,PENDING,,,,,,,,,,,,F1,"Tyler Gilbert is an emergency reliever/bulk pitcher (xFIP=17.05 on <1 IP sample, effectively replacement-level) facing CWS offense (L7=5.33 R/G, baseline_adj=4.80); first-inning scoring is near-certain from CWS side; Nola (true_xFIP=4.23) also allows runs. Partial data protocol caps at Paper (Factor 1 and 2 unavailable for both starters). Nola true_xFIP=4.23 vs Gilbert reliever (xFIP clamp 5.50).","[""PartialData_Factor1_2_unavailable""]","{""betBook"": ""Kalshi"", ""scheduledStartTime"": null, ""seriesTicker"": null}",DEGRADED,"[""NO_EXACT_OR_GAME_IDENTITY""]",REAL,True,,,,[]
2026-06-07-032,2026-06-07,,BOS @ NYY,,,first_inning_run,NRFI,F1,,,,,,,,legacy_fallback,51.22,-105,,,,,,,,,,,,60.0,53.5,1.17,,Paper,PENDING,SUPPORTED,1.0,PENDING,,,,,,,,,,,,F1,"Cam Schlittler (true_xFIP 2.80 clamped, elite) vs Ranger Suarez (true_xFIP 3.01) is a dual-ace matchup projecting total 6.79 runs, well below the Kalshi 8.5 line; both starters suppress first-inning run scoring effectively; partial 1st-inning xERA data forces Paper only per protocol. Schlittler true_xFIP=2.80 vs Suarez true_xFIP=3.01.","[""PartialData_1st_inning_xERA_unavailable""]","{""betBook"": ""Kalshi"", ""scheduledStartTime"": null, ""seriesTicker"": null}",DEGRADED,"[""NO_EXACT_OR_GAME_IDENTITY""]",REAL,True,,,,[]
2026-06-07-033,2026-06-07,,TB @ MIA,,,team_total,Team Total,full_game,,,,,,,,legacy_fallback,,,,,,,,,,,,,,,,,,Paper,PENDING,SUPPORTED,1.0,PENDING,,,,,,,,,,,,full_game,"Griffin Jax (true_xFIP 5.31, vulnerable short-starter) allows MIA offense (proj 4.48 runs) to score freely; Sandy Alcantara (true_xFIP 4.06) on home side faces TB cold offense (L7=4.17, L15=3.83); Kalshi TT line unconfirmed forces Paper per Rule 44. Jax true_xFIP=5.31 vs Alcantara true_xFIP=4.06. Confirm actual Kalshi TT line before betting.","[""Rule44_TT_line_unconfirmed""]","{""betBook"": ""Kalshi"", ""scheduledStartTime"": null, ""seriesTicker"": null}",POOR,"[""NO_EXACT_OR_GAME_IDENTITY"", ""MISSING_ENTRY_PRICE""]",REAL,True,,,,[]
2026-06-07-034,2026-06-07,,ATH @ HOU,,,first_inning_run,YRFI,F1,,,,,,,,legacy_fallback,53.488,-115,,,,,,,,,,,,60.0,53.5,1.17,,Paper,PENDING,SUPPORTED,1.0,PENDING,,,,,,,,,,,,F1,"Mike Burrows (true_xFIP 5.43, replacement-level) faces hot HOU lineup (L7=6.0, L15=6.07 R/G) making first-inning runs likely; ATH ML blocked by Rule 71 (model 66.2% vs market 50% consensus, 16.4% gap driven by Jump's 2-GS thin sample); partial 1st-inning xERA data forces Paper per protocol. Burrows true_xFIP=5.43 vs Jump true_xFIP=2.80 (clamped, thin sample).","[""Rule71_ML_blocked_Jump_GS2_thin_sample"", ""PartialData_1st_inning_xERA_unavailable""]","{""betBook"": ""Kalshi"", ""scheduledStartTime"": null, ""seriesTicker"": null}",DEGRADED,"[""NO_EXACT_OR_GAME_IDENTITY""]",REAL,True,,,,[]
2026-06-07-035,2026-06-07,,MIL @ COL,,,winning_margin,Run Line,full_game,,,,,,,,legacy_fallback,53.704,-116,,,,,,,,,,,,81.1,62.55,2.14,,Medium,PENDING,SUPPORTED,3.0,PENDING,,,,,,,,,,,,full_game,"Shane Drohan (true_xFIP 2.80 clamped from elite thin-sample xFIP=1.93 in 2 GS) vs Kyle Freeland (true_xFIP 5.50 clamped, replacement-level, xERA=6.40) at Coors Field; MIL elite offense (L7=7.29, szn=5.11 R/G) projects 6.58 runs giving P(cover)=62.4%; Rule 71 blocks ML (19% gap on Drohan thin sample) but RL is explicitly exempt from Rule 71; P(cover)=62.4% clears minus-money threshold of 52%. Drohan true_xFIP=2.80 vs Freeland true_xFIP=5.50.","[""Rule71_ML_blocked_Drohan_GS2_thin_sample""]","{""betBook"": ""Kalshi"", ""scheduledStartTime"": null, ""seriesTicker"": null}",DEGRADED,"[""NO_EXACT_OR_GAME_IDENTITY""]",REAL,True,,,,[]
2026-06-07-036,2026-06-07,,MIL @ COL,,,inning_result,F5 ML,F5,,,,,,,,legacy_fallback,54.545,-120,,,,,,,,,,,,72.0,62.69,1.61,,Paper,PENDING,SUPPORTED,1.0,PENDING,,,,,,,,,,,,F5,"f5Amplified (xFIP gap 2.97, largest on slate) with Drohan vs Freeland; Rule 70 fires (Drohan GS=2 thin sample) and borderline Rule 71 F5 threshold (gap ~12%) combine to cap at Paper; strongest individual game signal on the slate but thin-sample risk prevents real sizing. Drohan true_xFIP=2.80 vs Freeland true_xFIP=5.50.","[""Rule70_thin_sample_GS2"", ""Rule71_F5_borderline_12pct_threshold""]","{""betBook"": ""Kalshi"", ""scheduledStartTime"": null, ""seriesTicker"": null}",DEGRADED,"[""NO_EXACT_OR_GAME_IDENTITY""]",REAL,True,,,,[]
2026-06-07-037,2026-06-07,,WSH @ AZ,,,first_inning_run,NRFI,F1,,,,,,,,legacy_fallback,50.495,-102,,,,,,,,,,,,60.0,50.5,1.27,,Paper,PENDING,SUPPORTED,1.0,PENDING,,,,,,,,,,,,F1,"Cade Cavalli (true_xFIP 2.80 clamped, elite) and Michael Soroka (true_xFIP 2.80 clamped, elite) are a dual-elite matchup projecting total 7.6 runs well below market; 1st-inning xERA unavailable for both forces Paper per partial-data protocol; lineups unconfirmed for both teams. Cavalli true_xFIP=2.80 vs Soroka true_xFIP=2.80.","[""PartialData_1st_inning_xERA_unavailable"", ""lineupConfirmed_False_both""]","{""betBook"": ""Kalshi"", ""scheduledStartTime"": null, ""seriesTicker"": null}",DEGRADED,"[""NO_EXACT_OR_GAME_IDENTITY""]",REAL,True,,,,[]
2026-06-07-038,2026-06-07,,NYM @ SD,,,first_inning_run,YRFI,F1,,,,,,,,legacy_fallback,48.544,106,,,,,,,,,,,,55.0,48.5,1.66,,Paper,PENDING,SUPPORTED,1.0,PENDING,,,,,,,,,,,,F1,"Brazoban opener role (Rule 24 forces YRFI default lean) with 1st-inning xERA null; NYM ML blocked by Rule 71 (14% gap, opener pipeline miscalibration); SD cold offense at Petco but NYM projects 3.74 runs overall; first-inning scoring likely from NYM side via opener high-variance. Brazoban opener (true_xFIP 3.51) vs Vasquez (true_xFIP 4.19). 1st-inning xERA null forces Paper.","[""Rule24_NYM_opener"", ""Rule71_ML_blocked_opener_miscalibration"", ""PartialData_1st_inning_xERA_null""]","{""betBook"": ""Kalshi"", ""scheduledStartTime"": null, ""seriesTicker"": null}",DEGRADED,"[""NO_EXACT_OR_GAME_IDENTITY""]",REAL,True,,,,[]
2026-06-08-001,2026-06-08,,SEA @ BAL,,,first_inning_run,YRFI,F1,,,,,,,,legacy_fallback,51.456,-106,,,,,,,,,,,,62.8,51.5,2.88,,Medium,open,SUPPORTED,4,PENDING,,,,,,,,,,,,F1,Gibson's 12.7% BB rate and 7.2 xERA make a first-inning run extremely likely; facing a BAL offense that has scored 5.67 R/G over last 7 — the market at -106 underweights this run scoring environment.,"[""Rule34: NRFI blocked - total>=8""]","{""betBook"": ""Kalshi"", ""scheduledStartTime"": null, ""seriesTicker"": null}",DEGRADED,"[""NO_EXACT_OR_GAME_IDENTITY""]",REAL,True,,,,[]
2026-06-08-002,2026-06-08,,SEA @ BAL,,,team_total,TT_Over,full_game,,,,,,,,legacy_fallback,44.444,125,,,,,,,,,,,,56.25,44.5,3.0,,Medium,open,SUPPORTED,4,PENDING,,,,,,,,,,,,full_game,"SEA offense (offBaselineAdj 4.585, L15=5.08 R/G) faces Trey Gibson (xERA 7.2, BB/9=10+, GS=2, thin sample) — model projects SEA scoring 5.06 runs vs Kalshi line of 5 at +125; market underpricing an elite offense vs replacement-level starter.",[],"{""betBook"": ""Kalshi"", ""scheduledStartTime"": null, ""seriesTicker"": null}",DEGRADED,"[""NO_EXACT_OR_GAME_IDENTITY""]",REAL,True,,,,[]
2026-06-08-003,2026-06-08,,BOS @ TB,,,first_inning_run,YRFI,F1,,,,,,,,legacy_fallback,47.393,111,,,,,,,,,,,,62.8,51.5,2.93,,Medium,open,SUPPORTED,4,PENDING,,,,,,,,,,,,F1,"Ian Seymour (GS=1, avgIP=2.0) shows opener profile — if TB uses opener, first-inning scoring probability rises significantly; Connelly Early also has elevated recent_FIP (5.3); coin-flip game at +111 provides real value on first-inning run.","[""Rule34: NRFI blocked - total>=8"", ""Note: TB Seymour GS=1 avgIP=2 possible opener""]","{""betBook"": ""Kalshi"", ""scheduledStartTime"": null, ""seriesTicker"": null}",DEGRADED,"[""NO_EXACT_OR_GAME_IDENTITY""]",REAL,True,,,,[]
2026-06-08-004,2026-06-08,,NYY @ CLE,,,first_inning_run,YRFI,F1,,,,,,,,legacy_fallback,45.455,120,,,,,,,,,,,,57.0,51.5,2.0,,Medium,open,SUPPORTED,4,PENDING,,,,,,,,,,,,F1,"Warren (xERA 3.35, BB/9=7.0%) and Williams (xERA 4.23, BB/9=7.7%) both carry elevated walk rates that create first-inning jam situations; total proj 7.0 suggests competitive game where early scoring is plausible at +120.","[""Rule34: NRFI blocked - total>=8""]","{""betBook"": ""Kalshi"", ""scheduledStartTime"": null, ""seriesTicker"": null}",DEGRADED,"[""NO_EXACT_OR_GAME_IDENTITY""]",REAL,True,,,,[]
2026-06-08-005,2026-06-08,,PHI @ TOR,,,first_inning_run,YRFI,F1,,,,,,,,legacy_fallback,45.455,120,,,,,,,,,,,,57.8,51.5,2.26,,Medium,open,SUPPORTED,4,PENDING,,,,,,,,,,,,F1,"Corbin (xERA 5.27, xFIP 4.06) faces a PHI offense posting L7=5.33 R/G and confirmed lineup with +0.141 adj; xERAGap=2.31 (f5Amplified) signals strong edge on first-inning run probability against a vulnerable starter at +120.","[""Rule34: NRFI blocked - total>=8""]","{""betBook"": ""Kalshi"", ""scheduledStartTime"": null, ""seriesTicker"": null}",DEGRADED,"[""NO_EXACT_OR_GAME_IDENTITY""]",REAL,True,,,,[]
2026-06-08-006,2026-06-08,,HOU @ LAA,,,game_result,ML,full_game,,,,,,,,legacy_fallback,54.128,-118,,,,,,,,,,,,61.3,53.5,1.99,,Medium,open,SUPPORTED,3,PENDING,,,,,,,,,,,,full_game,"Grayson Rodriguez (xERA 7.07, xFIP 5.93, GS=4 thin sample) is a replacement-level arm facing a HOU offense averaging 5.86 R/G over the last 15 — Arrighetti's true_xFIP=5.5 is elevated but the opposition starter is the story; model and Pinnacle broadly agree at 53-54% for HOU.",[],"{""betBook"": ""Kalshi"", ""scheduledStartTime"": null, ""seriesTicker"": null}",DEGRADED,"[""NO_EXACT_OR_GAME_IDENTITY""]",REAL,True,,,,[]
2026-06-08-007,2026-06-08,,HOU @ LAA,,,first_inning_run,YRFI,F1,,,,,,,,legacy_fallback,52.607,-111,,,,,,,,,,,,68.5,52.5,3.58,,High,open,SUPPORTED,5,PENDING,,,,,,,,,,,,F1,"Both Arrighetti (BB/9=12.4%) and Rodriguez (BB/9=12.8%) carry extreme walk rates with both offenses on REGRESSION flags (L7=6.0 both teams) — first-inning run probability is very high; xERAGap=2.28 amplified, total 9.9 projected; Kalshi at -111 severely underprices the run environment.","[""Rule34: NRFI blocked - total>=8"", ""HOU+LAA lineups unconfirmed""]","{""betBook"": ""Kalshi"", ""scheduledStartTime"": null, ""seriesTicker"": null}",DEGRADED,"[""NO_EXACT_OR_GAME_IDENTITY""]",REAL,True,,,,[]
2026-06-08-008,2026-06-08,,CIN @ SD,,,first_inning_run,YRFI,F1,,,,,,,,legacy_fallback,48.544,106,,,,,,,,,,,,58.5,51.5,2.32,,Medium,open,SUPPORTED,4,PENDING,,,,,,,,,,,,F1,Abbott's recent_FIP (5.64) has diverged significantly from his season xFIP (4.8) suggesting real deterioration; both CIN and SD are BOUNCEBACK teams (both well below season R/G baseline) meaning first-inning scoring could surprise; market at +106 offers value.,"[""Rule34: NRFI blocked - total>=8""]","{""betBook"": ""Kalshi"", ""scheduledStartTime"": null, ""seriesTicker"": null}",DEGRADED,"[""NO_EXACT_OR_GAME_IDENTITY""]",REAL,True,,,,[]
2026-06-08-009,2026-06-08,,CIN @ SD,,,team_total,TT_Over,full_game,,,,,,,,legacy_fallback,55.556,-125,,,,,,,,,,,,52.4,,1.72,,Medium,open,SUPPORTED,4,PENDING,,,,,,,,,,,,full_game,"SD faces Abbott who carries a 5.64 recent FIP (major form collapse) and has shown recent vulnerability; SD offense is BOUNCEBACK (L7=2.33, L15=2.46 vs season 3.77) suggesting underlying quality is better than recent results; Buehler (true_xFIP=3.34) keeps opposing runs down enabling SD offense to drive the TT Over at Petco.","[""CIN lineup unconfirmed \u2014 CIN TT Paper only""]","{""betBook"": ""Kalshi"", ""scheduledStartTime"": null, ""seriesTicker"": null}",DEGRADED,"[""NO_EXACT_OR_GAME_IDENTITY""]",REAL,True,,,,[]
2026-06-08-010,2026-06-08,,WSH @ SF,,,first_inning_run,YRFI,F1,,,,,,,,legacy_fallback,48.544,106,,,,,,,,,,,,67.5,51.5,4.07,,High,open,SUPPORTED,5,PENDING,,,,,,,,,,,,F1,"Mikolas (xFIP 5.92, xERA 5.34) is a replacement-level arm facing the SF offense which is on a strong REGRESSION flag (L7=5.71, L15=6.07 vs season 4.12) — even regressed, SF projects 5.21 runs; xERAGap=2.7 (f5Amplified) and first-inning run probability extremely high vs Mikolas at +106.","[""Rule34: NRFI blocked - total>=8"", ""SF lineup unconfirmed""]","{""betBook"": ""Kalshi"", ""scheduledStartTime"": null, ""seriesTicker"": null}",DEGRADED,"[""NO_EXACT_OR_GAME_IDENTITY""]",REAL,True,,,,[]
2026-06-09-001,2026-06-09,,ATL @ CWS,KXMLBTEAMTOTAL-26JUN091940ATLCWS-CWS4,KXMLBTEAMTOTAL-26JUN091940ATLCWS,team_total,Team Total,full_game,CWS,4,,CWS,REAL,2026-06-09T23:02:36Z,,exact_ticker,56.522,-130,,,,,,,2026-06-09T23:02:36Z,,,OK_SNAPSHOT,,,,,,High,settled,SUPPORTED,5.0,WIN,8.85,3.85,77.0,,,,,,,,,full_game,Cleaner card bet. CWS TT Over 4 at -130. CWS scored 6. WIN.,[],"{""betBook"": ""Kalshi"", ""scheduledStartTime"": ""2026-06-09T23:40:00Z"", ""seriesTicker"": ""KXMLBTEAMTOTAL""}",CLEAN,[],REAL,True,,,,[]
2026-06-09-002,2026-06-09,,AZ @ MIA,KXMLBTEAMTOTAL-26JUN091840AZMIA-MIA4,KXMLBTEAMTOTAL-26JUN091840AZMIA,team_total,Team Total,full_game,MIA,4,,MIA,REAL,,,exact_ticker,55.947,-127,,,,,,,,,,FAIL_NO_CANDLE,,,,,,High,settled,SUPPORTED,4.0,WIN,7.15,3.15,78.75,,,,,,,,,full_game,Cleaner card bet. MIA TT Over 4 at -127. MIA scored 10. WIN.,[],"{""betBook"": ""Kalshi"", ""scheduledStartTime"": ""2026-06-09T22:40:00Z"", ""seriesTicker"": ""KXMLBTEAMTOTAL""}",CLEAN,[],REAL,True,,,,[]
2026-06-09-003,2026-06-09,,BOS @ TB,KXMLBGAME-26JUN091840BOSTB-BOS,KXMLBGAME-26JUN091840BOSTB,game_result,ML,full_game,BOS,,,BOS,REAL,,,exact_ticker,52.607,-111,,,,,,,,,,FAIL_NO_CANDLE,,,,,,Medium,settled,SUPPORTED,3.0,LOSS,0.0,-3.0,-100.0,,,,,,,,,full_game,Cleaner card bet. BOS ML at -111. TB won 4-3. LOSS.,[],"{""betBook"": ""Kalshi"", ""scheduledStartTime"": ""2026-06-09T22:40:00Z"", ""seriesTicker"": ""KXMLBGAME""}",CLEAN,[],REAL,True,,,,[]
2026-06-09-004,2026-06-09,,SEA @ BAL,KXMLBRFI-26JUN091835SEABAL,,first_inning_run,YRFI,F1,YRFI,,,YRFI,REAL,,,exact_ticker,49.02,104,,,,,,,,,,FAIL_NO_CANDLE,,,,,,High,settled,SUPPORTED,4.5,WIN,9.18,4.68,104.0,,,,,,,,,F1,"Cleaner card bet. SEA@BAL YRFI at +104. BAL scored in 1st (Mayo HR). WIN. Ticker derived from event, not in snapshot (game resolved before capture).",[],"{""betBook"": ""Kalshi"", ""scheduledStartTime"": ""2026-06-09T22:35:00Z"", ""seriesTicker"": ""KXMLBRFI""}",CLEAN,[],REAL,True,,,,[]
2026-06-09-005,2026-06-09,,TEX @ KC,KXMLBRFI-26JUN091940TEXKC,KXMLBRFI-26JUN091940TEXKC,first_inning_run,YRFI,F1,YRFI,,,YRFI,REAL,2026-06-09T23:02:36Z,,exact_ticker,51.456,-106,,,,,,,2026-06-09T23:02:36Z,,,OK_SNAPSHOT,,,,,,High,settled,SUPPORTED,4.0,LOSS,0.0,-4.0,-100.0,,,,,,,,,F1,Cleaner card bet. TEX@KC YRFI at -106. Scoreless 1st. LOSS.,[],"{""betBook"": ""Kalshi"", ""scheduledStartTime"": ""2026-06-09T23:40:00Z"", ""seriesTicker"": ""KXMLBRFI""}",CLEAN,[],REAL,True,,,,[]
2026-06-09-006,2026-06-09,,NYY @ CLE,KXMLBRFI-26JUN091840NYYCLE,,first_inning_run,YRFI,F1,YRFI,,,YRFI,REAL,,,exact_ticker,49.505,102,,,,,,,,,,FAIL_NO_CANDLE,,,,,,High,settled,SUPPORTED,4.0,LOSS,0.0,-4.0,-100.0,,,,,,,,,F1,"Cleaner card bet. NYY@CLE YRFI at +102. Scoreless 1st. LOSS. Ticker derived from event, not in snapshot (game resolved before capture).",[],"{""betBook"": ""Kalshi"", ""scheduledStartTime"": ""2026-06-09T22:40:00Z"", ""seriesTicker"": ""KXMLBRFI""}",CLEAN,[],REAL,True,,,,[]
2026-06-09-007,2026-06-09,,ATL @ CWS,KXMLBRFI-26JUN091940ATLCWS,KXMLBRFI-26JUN091940ATLCWS,first_inning_run,YRFI,F1,YRFI,,,YRFI,REAL,2026-06-09T23:02:36Z,,exact_ticker,54.545,-120,,,,,,,2026-06-09T23:02:36Z,,,OK_SNAPSHOT,,,,,,High,settled,SUPPORTED,4.0,WIN,7.33,3.33,83.25,,,,,,,,,F1,Cleaner card bet. ATL@CWS YRFI at -120. ATL 2 CWS 0 in 1st (Olson HR off Fedde). WIN.,[],"{""betBook"": ""Kalshi"", ""scheduledStartTime"": ""2026-06-09T23:40:00Z"", ""seriesTicker"": ""KXMLBRFI""}",CLEAN,[],REAL,True,,,,[]
2026-06-12-001,2026-06-12,,MIA@PIT,KXMLBGAME-26JUN121840MIAPIT-PIT,,game_result,ML,full_game,HOME,,,HOME,REAL,,,exact_ticker,57.447,-135,,,,,,-130,2026-06-12T22:14:40.022Z,,,OK,,64.4,,1.53,,High,settled,SUPPORTED,6,LOSS,0.0,-6.0,-100.0,,,,,,,,,full_game,"PIT ML HOME: Braxton Ashcraft (true_xFIP=2.89, eliteStarter, 26.7% K%) vs Sandy Alcantara (true_xFIP=3.86). PIT projects 4.16 runs vs MIA 3.19. Model 64.4% vs Kalshi VF 57.45% — market underpricing Ashcraft's ace-level performance. Pinnacle 56.64% broadly agrees. xFIPvsXERA: Ashcraft -0.08 (no diver",[],"{""betBook"": ""Kalshi"", ""scheduledStartTime"": ""2026-06-12T22:40:00Z"", ""seriesTicker"": null}",CLEAN,[],REAL,True,,,,[]
2026-06-12-002,2026-06-12,,SEA@WSH,KXMLBF5-26JUN121845SEAWSH-SEA,,inning_result,F5 ML,F5,AWAY,,,AWAY,REAL,,,exact_ticker,50.495,-102,,,,,,-100,2026-06-12T22:14:40.022Z,,,OK,,62.8,50.8,3.08,,High,settled,SUPPORTED,8.0,WIN,15.84,7.84,98.0,,,,,,,,,F5,"SEA F5 ML: Bryce Miller (xFIP=2.47, xERA=1.83, ELITE) vs Zack Littell (xFIP=5.86, xERA=5.92, replacement-level). xERAGap=4.09 — strongest f5Amplified signal on slate. F5 proj SEA 2.75 vs WSH 1.55. Model SEA F5 62.8% vs Kalshi VF 50.8% — Rule 71 F5: gap 12% at exact threshold. Pinnacle F5 57.25% — mo","[""Rule71_F5_gap>12%_soft_gate""]","{""betBook"": ""Kalshi"", ""scheduledStartTime"": ""2026-06-12T22:45:00Z"", ""seriesTicker"": null}",CLEAN,[],REAL,True,,,,[]
2026-06-12-003,2026-06-12,,SD@BAL,KXMLBGAME-26JUN121905SDBAL-BAL,,game_result,ML,full_game,HOME,,,HOME,REAL,,,exact_ticker,54.545,-120,,,,,,-120,2026-06-12T22:14:40.022Z,,,OK,,66.0,,2.96,,Medium,settled,SUPPORTED,4.5,WIN,8.25,3.75,83.333,,,,,,,,,full_game,"BAL ML HOME: Shane Baz (true_xFIP=3.91, xFIP-xERA divergence -0.64 = underperforming true talent → buy signal) vs Griffin Canning (true_xFIP=5.06, highWalkRisk=True, hard hit 50.6%). BAL proj 5.13 runs vs SD 3.91. Model BAL 66% vs Kalshi VF ~52%. Canning's walk rate (12.2% BB%) is a T3 scalar on K p",[],"{""betBook"": ""Kalshi"", ""scheduledStartTime"": ""2026-06-12T23:05:00Z"", ""seriesTicker"": null}",CLEAN,[],REAL,True,,,,[]
2026-06-12-004,2026-06-12,,DET@CLE,KXMLBGAME-26JUN121910DETCLE-DET,,game_result,ML,full_game,AWAY,,,AWAY,REAL,,,exact_ticker,46.512,115,,,,,,111,2026-06-12T22:14:40.022Z,,,OK,,62.8,,4.26,,Medium,settled,SUPPORTED,4.5,LOSS,0.0,-4.5,-100.0,,,,,,,,,full_game,"DET ML AWAY: Jack Flaherty (true_xFIP=3.89) vs Tanner Bibee (true_xFIP=4.59). DET proj 4.58, CLE proj 3.67. Model DET 62.8% vs Kalshi VF 43.5% — large Kalshi inefficiency. Pinnacle VF 46.1% (only 0.4% gap from model direction). Bibee recent FIP 3.88 (5-start) vs season 4.59; Flaherty recent 6.18 con",[],"{""betBook"": ""Kalshi"", ""scheduledStartTime"": ""2026-06-12T23:10:00Z"", ""seriesTicker"": null}",CLEAN,[],REAL,True,,,,[]
2026-06-12-005,2026-06-12,,AZ@CIN,KXMLBGAME-26JUN121915AZCIN-AZ,,game_result,ML,full_game,AWAY,,,AWAY,REAL,,,exact_ticker,48.544,106,,,,,,106,2026-06-12T22:14:40.022Z,,,OK,,67.3,,3.46,,High,settled,SUPPORTED,6,WIN,12.36,6.36,106.0,,,,,,,,,full_game,"AZ ML AWAY: Eduardo Rodriguez (true_xFIP=3.84) vs Nick Lodolo (true_xFIP=5.50 clamped from 6.08). AZ proj 5.56, CIN proj 4.18. Model AZ 67.3% vs Kalshi VF ~52%. Lodolo replacement-level (xFIP 6.08, xERA 6.64, high walks) — AZ offense (5.56 proj runs) exploits vulnerable CIN starter. Pinnacle VF 48.5",[],"{""betBook"": ""Kalshi"", ""scheduledStartTime"": ""2026-06-12T23:15:00Z"", ""seriesTicker"": null}",CLEAN,[],REAL,True,,,,[]
2026-06-12-006,2026-06-12,,NYY@TOR,KXMLBGAME-26JUN121937NYYTOR-NYY,,game_result,ML,full_game,AWAY,,,AWAY,REAL,,,exact_ticker,49.505,102,,,,,,102,2026-06-12T22:14:40.022Z,,,OK,,60.5,,2.98,,Paper,settled,SUPPORTED,1.5,LOSS,0.0,-1.5,-100.0,,,,,,,,,full_game,"NYY ML AWAY: Ryan Weathers (true_xFIP=4.11) vs TOR starter TBD. ⚠️ TOR home starter unconfirmed — model analysis based on positional average (TBD). Edge 2.98% at LOW confidence ($1.50). NYY 41-26 record, strong offense. This is a morning line — must reconfirm TOR starter before treating as actionabl",[],"{""betBook"": ""Kalshi"", ""scheduledStartTime"": ""2026-06-12T23:37:00Z"", ""seriesTicker"": null}",CLEAN,[],REAL,True,,,,[]
2026-06-12-007,2026-06-12,,PHI@MIL,KXMLBF5-26JUN121940PHIMIL-MIL,,inning_result,F5 ML,F5,HOME,,,HOME,REAL,,,exact_ticker,62.547,-167,,,,,,-156,2026-06-12T22:14:40.022Z,,,OK,,69.1,62.9,1.59,,Medium,settled,SUPPORTED,6.75,WIN,10.79,4.04,59.852,,,,,,,,,F5,"MIL F5 ML HOME: Jacob Misiorowski (xFIP=1.64, xERA=2.25, ELITE, 38.4% K%) vs Andrew Painter (true_xFIP=4.93, recent FIP 6.75 last 5 starts). xERAGap=2.58 → f5Amplified. MIL F5 proj 2.70 vs PHI 1.20. Model MIL F5 69.1% vs Kalshi VF 62.9%. Misiorowski is arguably the best pitcher in baseball by xFIP t",[],"{""betBook"": ""Kalshi"", ""scheduledStartTime"": ""2026-06-12T23:40:00Z"", ""seriesTicker"": null}",CLEAN,[],REAL,True,,,,[]
2026-06-12-008,2026-06-12,,HOU@KC,KXMLBGAME-26JUN122010HOUKC-KC,,game_result,ML,full_game,HOME,,,HOME,REAL,,,exact_ticker,48.544,106,,,,,,102,2026-06-12T22:14:40.022Z,,,OK,,57.8,,2.29,,Medium,settled,SUPPORTED,4.5,LOSS,0.0,-4.5,-100.0,,,,,,,,,full_game,"KC ML HOME: Luinder Avila (xFIP=3.97, GS=3 thin sample — Rule 70 flag, cap Medium) vs Tatsuya Imai (xFIP=4.92, highWalkRisk, avg 3.16 IP/start = opener-like). KC proj 4.54 vs HOU 3.98. Model KC 57.8% vs Kalshi VF 48.8%. Imai averages only 3.16 IP per start — this is not a conventional 6-inning start",[],"{""betBook"": ""Kalshi"", ""scheduledStartTime"": ""2026-06-13T00:10:00Z"", ""seriesTicker"": null}",CLEAN,[],REAL,True,,,,[]
2026-06-12-009,2026-06-12,,HOU@KC,KXMLBF5-26JUN122010HOUKC-HOU,,inning_result,F5 ML,F5,AWAY,,,AWAY,REAL,,,exact_ticker,43.478,130,,,,,,135,2026-06-12T22:14:40.022Z,,,OK,,58.0,44.2,3.53,,High,settled,SUPPORTED,4.5,WIN,10.35,5.85,130.0,,,,,,,,,F5,"REAL F5 AWAY HOU: model 58% vs Kalshi VF 44.2% (13.8% gap). Pinnacle F5 VF 51.27% — model vs Pin only 6.73% gap → Kalshi inefficiency, not model error. Tatsuya Imai (xFIP=4.92, avg 3.16 IP/start) opens then bullpen; opposing Avila (xFIP=3.97). Imai is opener-like — F5 HOU favored to lead early. Size","[""Rule71_F5_gap>12%_soft_gate"", ""Rule76d_adversarial_sizing_cap""]","{""betBook"": ""Kalshi"", ""scheduledStartTime"": ""2026-06-13T00:10:00Z"", ""seriesTicker"": null}",CLEAN,[],REAL,True,,,,[]
2026-06-12-010,2026-06-12,,STL@MIN,KXMLBF5-26JUN122010STLMIN-MIN,,inning_result,F5 ML,F5,HOME,,,HOME,REAL,,,exact_ticker,49.505,102,,,,,,102,2026-06-12T22:14:40.022Z,,,OK,,57.2,50.0,1.83,,Medium,settled,SUPPORTED,6.75,LOSS,0.0,-6.75,-100.0,,,,,,,,,F5,"MIN F5 ML HOME: Joe Ryan (true_xFIP=2.72, elite-level) vs Kyle Leahy (true_xFIP=4.49, xERA=6.59 — massive xFIP/xERA divergence of -2.10 indicates Leahy severely outperforming true talent → regression likely). xERAGap=3.51 (Leahy xERA 6.59 vs Ryan xERA 3.08) → f5Amplified. MIN proj F5 2.28 vs STL 1.4",[],"{""betBook"": ""Kalshi"", ""scheduledStartTime"": ""2026-06-13T00:10:00Z"", ""seriesTicker"": null}",CLEAN,[],REAL,True,,,,[]
2026-06-12-011,2026-06-12,,TB@LAA,KXMLBF5-26JUN122138TBLAA-LAA,,inning_result,F5 ML,F5,HOME,,,HOME,REAL,2026-06-12T23:59:00-04:00,,exact_ticker,31.546,217,,,,,,208,2026-06-12T23:59:00-04:00,,,OK,,43.6,31.9,3.0,,High,settled,SUPPORTED,8.0,WIN,25.36,17.36,217.0,,,,,,,,,F5,"LAA F5 ML HOME +217: Shane McClanahan (true_xFIP=2.83, recent FIP 2.47, elite) vs Sam Aldegheri (1 MLB start, xFIP=4.10, GS=1 thin sample). LAA F5 proj 1.68 vs TB 1.43. Model LAA F5 43.6% vs Kalshi VF 31.9%. Kalshi pricing McClanahan to completely dominate — but LAA starter (Aldegheri thin sample) m",[],"{""betBook"": ""Kalshi"", ""scheduledStartTime"": ""2026-06-13T01:38:00Z"", ""seriesTicker"": null}",CLEAN,[],REAL,True,,,,[]
2026-06-12-012,2026-06-12,,CHC@SF,KXMLBGAME-26JUN122215CHCSF-SF,,game_result,ML,full_game,HOME,,,HOME,REAL,,,exact_ticker,52.607,-111,,,,,,-115,2026-06-12T22:14:40.022Z,,,OK,,72.0,,3.38,,High,settled,SUPPORTED,6,LOSS,0.0,-6.0,-100.0,,,,,,,,,full_game,"SF ML HOME: Landen Roupp (true_xFIP=2.93, recent FIP 2.68, 26.3% K%) vs Javier Assad (true_xFIP=4.28, recent FIP 5.37, hard hit 50.5%). Oracle Park (-0.30 park adj per team). SF proj 4.63, CHC proj 3.06. Model SF 72% (capped) vs Kalshi VF ~55%. Assad recent 5.37 FIP in only 3 GS this season — small ",[],"{""betBook"": ""Kalshi"", ""scheduledStartTime"": ""2026-06-13T02:15:00Z"", ""seriesTicker"": null}",CLEAN,[],REAL,True,,,,[]
2026-06-14-001,2026-06-14,,ATL@NYM,KXMLBF5-26JUN141340ATLNYM-ATL,,inning_result,F5 ML,F5,AWAY,,,AWAY,REAL,,,exact_ticker,,,,,,,,,2026-06-14T08:57:23.000Z,,,FAIL_CALC_ERROR,,,,2.383,,Medium,settled,SUPPORTED,4.5,LOSS,0.0,-4.5,-100.0,,,,,,,,,F5,"ATL F5 ML AWAY MEDIUM $4.50: model 56.5% vs Kalshi VF 47.1%, edge 2.383%. ATL starter vs NYM — model overestimated ATL significantly. Final F5 score NYM 6–1 ATL is a decisive model miss.",[],"{""betBook"": ""Kalshi"", ""scheduledStartTime"": ""2026-06-14T17:40:00Z"", ""seriesTicker"": null}",DEGRADED,"[""MISSING_ENTRY_PRICE""]",REAL,True,,,,[]
2026-06-14-002,2026-06-14,,PHI@MIL,KXMLBTEAMTOTAL-26JUN141410PHIMIL-MIL3,,team_total,Team Total,full_game,HOME,,,HOME,REAL,,,exact_ticker,57.447,-135,,,,,,-144,2026-06-14T08:57:23.000Z,,,OK,,,,3.52,,High,settled,SUPPORTED,5.0,WIN,8.7,3.7,74.0,,,,,,,,,full_game,"MIL TT Home Over 3 HIGH $5.00 at -135: model 71.3% vs Kalshi VF 57.5%, edge 3.520%. gates=[]. MIL lineup confirmed (≥6 batters xwOBA). Win: profit = $5.00 × 100/135 = $3.70.",[],"{""betBook"": ""Kalshi"", ""scheduledStartTime"": ""2026-06-14T18:10:00Z"", ""seriesTicker"": null}",CLEAN,[],REAL,True,,,,[]
2026-06-14-003,2026-06-14,,MIA@PIT,KXMLBF5-26JUN141215MIAPIT-MIA,,inning_result,F5 ML,F5,AWAY,,,AWAY,PAPER,,,exact_ticker,,,,,,,,,2026-06-14T08:57:23.000Z,,,FAIL_CALC_ERROR,,,,1.129,,Paper,settled,SUPPORTED,1.5,WIN,3.83,2.33,155.333,,,,,,,,,F5,"MIA F5 ML AWAY MODEL_ONLY $1.50: model 43.6% vs KVF 39.2%, edge 1.129%. PAPER tier, F5 multiplier 1.5×. Not in final real-money slip. Hypothetical profit = $1.50 × (1-0.392)/0.392 = $2.33.",[],"{""betBook"": ""Kalshi"", ""scheduledStartTime"": ""2026-06-14T16:15:00Z"", ""seriesTicker"": null}",DEGRADED,"[""MISSING_ENTRY_PRICE""]",REAL,True,,,,[]
2026-06-14-004,2026-06-14,,NYY@TOR,KXMLBF5-26JUN141337NYYTOR-NYY,,inning_result,F5 ML,F5,AWAY,,,AWAY,PAPER,,,exact_ticker,,,,,,,,,2026-06-14T08:57:23.000Z,,,FAIL_CALC_ERROR,,,,2.403,,Paper,settled,SUPPORTED,1.5,LOSS,0.0,-1.5,-100.0,,,,,,,,,F5,"NYY F5 ML AWAY MODEL_ONLY $1.50: model 67.0% vs KVF 57.6%, edge 2.403%. F5 ended tied 2-2. Graded LOSS per user rule (not PUSH). Model overestimated NYY F5 advantage.",[],"{""betBook"": ""Kalshi"", ""scheduledStartTime"": ""2026-06-14T17:37:00Z"", ""seriesTicker"": null}",DEGRADED,"[""MISSING_ENTRY_PRICE""]",REAL,True,,,,[]
2026-06-14-005,2026-06-14,,COL@ATH,KXMLBF5-26JUN141505COLATH-COL,,inning_result,F5 ML,F5,AWAY,,,AWAY,PAPER,,,exact_ticker,,,,,,,,,2026-06-14T08:57:23.000Z,,,FAIL_CALC_ERROR,,,,1.982,,Paper,settled,SUPPORTED,1.5,WIN,4.15,2.65,176.667,,,,,,,,,F5,"COL F5 ML AWAY MODEL_ONLY $1.50: model 43.9% vs KVF 36.1%, edge 1.982%. PAPER tier underdog. Hypothetical profit = $1.50 × (1-0.361)/0.361 = $2.65.",[],"{""betBook"": ""Kalshi"", ""scheduledStartTime"": ""2026-06-14T19:05:00Z"", ""seriesTicker"": null}",DEGRADED,"[""MISSING_ENTRY_PRICE""]",REAL,True,,,,[]
2026-06-14-006,2026-06-14,,CHC@SF,KXMLBF5-26JUN141510CHCSF-SF,,inning_result,F5 ML,F5,HOME,,,HOME,PAPER,,,exact_ticker,,,,,,,,,2026-06-14T08:57:23.000Z,,,FAIL_CALC_ERROR,,,,1.519,,Paper,settled,SUPPORTED,1.5,WIN,2.48,0.98,65.333,,,,,,,,,F5,"SF F5 ML HOME MODEL_ONLY $1.50: model 66.3% vs KVF 60.4%, edge 1.519%. CHC run was non-RBI (wild pitch or error), likely post-F5. Hypothetical profit = $1.50 × (1-0.604)/0.604 = $0.98.",[],"{""betBook"": ""Kalshi"", ""scheduledStartTime"": ""2026-06-14T19:10:00Z"", ""seriesTicker"": null}",DEGRADED,"[""MISSING_ENTRY_PRICE""]",REAL,True,,,,[]
2026-06-14-007,2026-06-14,,TB@LAA,KXMLBF5-26JUN141607TBLAA-TB,,inning_result,F5 ML,F5,AWAY,,,AWAY,PAPER,,,exact_ticker,,,,,,,,,2026-06-14T08:57:23.000Z,,,FAIL_CALC_ERROR,,,,1.571,,Paper,settled,SUPPORTED,1.5,WIN,2.91,1.41,94.0,,,,,,,,,F5,"TB F5 ML AWAY MODEL_ONLY $1.50: model 57.6% vs KVF 51.5%, edge 1.571%. Boxscore-anchored F5 settlement used due to RBI/runs discrepancy. Hypothetical profit = $1.50 × (1-0.515)/0.515 = $1.41.",[],"{""betBook"": ""Kalshi"", ""scheduledStartTime"": ""2026-06-14T20:07:00Z"", ""seriesTicker"": null}",DEGRADED,"[""MISSING_ENTRY_PRICE""]",REAL,True,,,,[]
2026-06-14-008,2026-06-14,,MIA@PIT,,,first_inning_run,YRFI,F1,YES,,,YES,PAPER,,,legacy_fallback,,,,,,,,,,,,FAIL_NO_TICKER,,,,,,Paper,settled,SUPPORTED,1.0,LOSS,0.0,-1.0,-100.0,,,,,,,,,F1,Paper YRFI tracking — Jun 14 slate. Rule 40/52 gated to PAPER.,[],"{""betBook"": ""Kalshi"", ""scheduledStartTime"": ""2026-06-14T16:15:00Z"", ""seriesTicker"": null}",POOR,"[""NO_EXACT_OR_GAME_IDENTITY"", ""MISSING_ENTRY_PRICE""]",REAL,True,,,,[]
2026-06-14-009,2026-06-14,,SD@BAL,,,first_inning_run,YRFI,F1,YES,,,YES,PAPER,,,legacy_fallback,,,,,,,,,,,,FAIL_NO_TICKER,,,,,,Paper,settled,SUPPORTED,1.0,LOSS,0.0,-1.0,-100.0,,,,,,,,,F1,Paper YRFI tracking — Jun 14 slate. Rule 40/52 gated to PAPER.,[],"{""betBook"": ""Kalshi"", ""scheduledStartTime"": ""2026-06-14T17:05:00Z"", ""seriesTicker"": null}",POOR,"[""NO_EXACT_OR_GAME_IDENTITY"", ""MISSING_ENTRY_PRICE""]",REAL,True,,,,[]
2026-06-14-010,2026-06-14,,SEA@WSH,,,first_inning_run,YRFI,F1,YES,,,YES,PAPER,,,legacy_fallback,,,,,,,,,,,,FAIL_NO_TICKER,,,,,,Paper,settled,SUPPORTED,1.0,WIN,2.0,1.0,100.0,,,,,,,,,F1,Paper YRFI tracking — Jun 14 slate. Rule 40/52 gated to PAPER.,[],"{""betBook"": ""Kalshi"", ""scheduledStartTime"": ""2026-06-14T17:05:00Z"", ""seriesTicker"": null}",POOR,"[""NO_EXACT_OR_GAME_IDENTITY"", ""MISSING_ENTRY_PRICE""]",REAL,True,,,,[]
2026-06-14-011,2026-06-14,,NYY@TOR,,,first_inning_run,YRFI,F1,YES,,,YES,PAPER,,,legacy_fallback,,,,,,,,,,,,FAIL_NO_TICKER,,,,,,Paper,settled,SUPPORTED,1.0,LOSS,0.0,-1.0,-100.0,,,,,,,,,F1,Paper YRFI tracking — Jun 14 slate. Rule 40/52 gated to PAPER.,[],"{""betBook"": ""Kalshi"", ""scheduledStartTime"": ""2026-06-14T17:37:00Z"", ""seriesTicker"": null}",POOR,"[""NO_EXACT_OR_GAME_IDENTITY"", ""MISSING_ENTRY_PRICE""]",REAL,True,,,,[]
2026-06-14-012,2026-06-14,,AZ@CIN,,,first_inning_run,YRFI,F1,YES,,,YES,PAPER,,,legacy_fallback,,,,,,,,,,,,FAIL_NO_TICKER,,,,,,Paper,settled,SUPPORTED,1.0,WIN,2.0,1.0,100.0,,,,,,,,,F1,Paper YRFI tracking — Jun 14 slate. Rule 40/52 gated to PAPER.,[],"{""betBook"": ""Kalshi"", ""scheduledStartTime"": ""2026-06-14T17:40:00Z"", ""seriesTicker"": null}",POOR,"[""NO_EXACT_OR_GAME_IDENTITY"", ""MISSING_ENTRY_PRICE""]",REAL,True,,,,[]
2026-06-14-013,2026-06-14,,DET@CLE,,,first_inning_run,YRFI,F1,YES,,,YES,PAPER,,,legacy_fallback,,,,,,,,,,,,UNAVAILABLE,,,,,,Paper,void,SUPPORTED,1.0,VOID,1.0,0.0,0.0,,,,,,,,,F1,Paper YRFI tracking — Jun 14 slate. Rule 40/52 gated to PAPER.,[],"{""betBook"": ""Kalshi"", ""scheduledStartTime"": null, ""seriesTicker"": null}",POOR,"[""NO_EXACT_OR_GAME_IDENTITY"", ""MISSING_ENTRY_PRICE""]",REAL,True,,,,[]
2026-06-14-014,2026-06-14,,ATL@NYM,,,first_inning_run,YRFI,F1,YES,,,YES,PAPER,,,legacy_fallback,,,,,,,,,,,,FAIL_NO_TICKER,,,,,,Paper,settled,SUPPORTED,1.0,WIN,2.0,1.0,100.0,,,,,,,,,F1,Paper YRFI tracking — Jun 14 slate. Rule 40/52 gated to PAPER.,[],"{""betBook"": ""Kalshi"", ""scheduledStartTime"": ""2026-06-14T17:40:00Z"", ""seriesTicker"": null}",POOR,"[""NO_EXACT_OR_GAME_IDENTITY"", ""MISSING_ENTRY_PRICE""]",REAL,True,,,,[]
2026-06-14-015,2026-06-14,,HOU@KC,,,first_inning_run,YRFI,F1,YES,,,YES,PAPER,,,legacy_fallback,,,,,,,,,,,,FAIL_NO_TICKER,,,,,,Paper,settled,SUPPORTED,1.0,WIN,2.0,1.0,100.0,,,,,,,,,F1,Paper YRFI tracking — Jun 14 slate. Rule 40/52 gated to PAPER.,[],"{""betBook"": ""Kalshi"", ""scheduledStartTime"": ""2026-06-14T17:40:00Z"", ""seriesTicker"": null}",POOR,"[""NO_EXACT_OR_GAME_IDENTITY"", ""MISSING_ENTRY_PRICE""]",REAL,True,,,,[]
2026-06-14-016,2026-06-14,,STL@MIN,,,first_inning_run,YRFI,F1,YES,,,YES,PAPER,,,legacy_fallback,,,,,,,,,,,,FAIL_NO_TICKER,,,,,,Paper,settled,SUPPORTED,1.0,LOSS,0.0,-1.0,-100.0,,,,,,,,,F1,Paper YRFI tracking — Jun 14 slate. Rule 40/52 gated to PAPER.,[],"{""betBook"": ""Kalshi"", ""scheduledStartTime"": ""2026-06-14T17:40:00Z"", ""seriesTicker"": null}",POOR,"[""NO_EXACT_OR_GAME_IDENTITY"", ""MISSING_ENTRY_PRICE""]",REAL,True,,,,[]
2026-06-14-017,2026-06-14,,LAD@CWS,,,first_inning_run,YRFI,F1,YES,,,YES,PAPER,,,legacy_fallback,,,,,,,,,,,,FAIL_NO_TICKER,,,,,,Paper,settled,SUPPORTED,1.0,WIN,2.0,1.0,100.0,,,,,,,,,F1,Paper YRFI tracking — Jun 14 slate. Rule 40/52 gated to PAPER.,[],"{""betBook"": ""Kalshi"", ""scheduledStartTime"": ""2026-06-14T18:10:00Z"", ""seriesTicker"": null}",POOR,"[""NO_EXACT_OR_GAME_IDENTITY"", ""MISSING_ENTRY_PRICE""]",REAL,True,,,,[]
2026-06-14-018,2026-06-14,,PHI@MIL,,,first_inning_run,YRFI,F1,YES,,,YES,PAPER,,,legacy_fallback,,,,,,,,,,,,FAIL_NO_TICKER,,,,,,Paper,settled,SUPPORTED,1.0,WIN,2.0,1.0,100.0,,,,,,,,,F1,Paper YRFI tracking — Jun 14 slate. Rule 40/52 gated to PAPER.,[],"{""betBook"": ""Kalshi"", ""scheduledStartTime"": ""2026-06-14T18:10:00Z"", ""seriesTicker"": null}",POOR,"[""NO_EXACT_OR_GAME_IDENTITY"", ""MISSING_ENTRY_PRICE""]",REAL,True,,,,[]
2026-06-14-019,2026-06-14,,COL@ATH,,,first_inning_run,YRFI,F1,YES,,,YES,PAPER,,,legacy_fallback,,,,,,,,,,,,FAIL_NO_TICKER,,,,,,Paper,settled,SUPPORTED,1.0,WIN,2.0,1.0,100.0,,,,,,,,,F1,Paper YRFI tracking — Jun 14 slate. Rule 40/52 gated to PAPER.,[],"{""betBook"": ""Kalshi"", ""scheduledStartTime"": ""2026-06-14T19:05:00Z"", ""seriesTicker"": null}",POOR,"[""NO_EXACT_OR_GAME_IDENTITY"", ""MISSING_ENTRY_PRICE""]",REAL,True,,,,[]
2026-06-14-020,2026-06-14,,CHC@SF,,,first_inning_run,YRFI,F1,YES,,,YES,PAPER,,,legacy_fallback,,,,,,,,,,,,FAIL_NO_TICKER,,,,,,Paper,settled,SUPPORTED,1.0,LOSS,0.0,-1.0,-100.0,,,,,,,,,F1,Paper YRFI tracking — Jun 14 slate. Rule 40/52 gated to PAPER.,[],"{""betBook"": ""Kalshi"", ""scheduledStartTime"": ""2026-06-14T19:10:00Z"", ""seriesTicker"": null}",POOR,"[""NO_EXACT_OR_GAME_IDENTITY"", ""MISSING_ENTRY_PRICE""]",REAL,True,,,,[]
2026-06-14-021,2026-06-14,,TB@LAA,,,first_inning_run,YRFI,F1,YES,,,YES,PAPER,,,legacy_fallback,,,,,,,,,,,,FAIL_NO_TICKER,,,,,,Paper,settled,SUPPORTED,1.0,LOSS,0.0,-1.0,-100.0,,,,,,,,,F1,Paper YRFI tracking — Jun 14 slate. Rule 40/52 gated to PAPER.,[],"{""betBook"": ""Kalshi"", ""scheduledStartTime"": ""2026-06-14T20:07:00Z"", ""seriesTicker"": null}",POOR,"[""NO_EXACT_OR_GAME_IDENTITY"", ""MISSING_ENTRY_PRICE""]",REAL,True,,,,[]
2026-06-14-022,2026-06-14,,TEX@BOS,,,first_inning_run,YRFI,F1,YES,,,YES,PAPER,,,legacy_fallback,,,,,,,,,,,,FAIL_NO_TICKER,,,,,,Paper,settled,SUPPORTED,1.0,WIN,2.0,1.0,100.0,,,,,,,,,F1,Paper YRFI tracking — Jun 14 slate. Rule 40/52 gated to PAPER.,[],"{""betBook"": ""Kalshi"", ""scheduledStartTime"": ""2026-06-14T23:10:00Z"", ""seriesTicker"": null}",POOR,"[""NO_EXACT_OR_GAME_IDENTITY"", ""MISSING_ENTRY_PRICE""]",REAL,True,,,,[]
2026-06-14-023,2026-06-14,,NYY@TOR,,,team_total,Team Total,full_game,Home,,,Home,PAPER,,,legacy_fallback,,,,,,,,,,,,FAIL_NO_TICKER,,,,,,Paper,settled,SUPPORTED,1.0,LOSS,0.0,-1.0,-100.0,,,,,,,,,full_game,Paper TT tracking — Jun 14 slate. TOR Over 4.,[],"{""betBook"": ""Kalshi"", ""scheduledStartTime"": ""2026-06-14T17:37:00Z"", ""seriesTicker"": null}",POOR,"[""NO_EXACT_OR_GAME_IDENTITY"", ""MISSING_ENTRY_PRICE""]",REAL,True,,,,[]
2026-06-14-024,2026-06-14,,HOU@KC,,,team_total,Team Total,full_game,Away,,,Away,PAPER,,,legacy_fallback,,,,,,,,,,,,FAIL_NO_TICKER,,,,,,Paper,settled,SUPPORTED,1.0,LOSS,0.0,-1.0,-100.0,,,,,,,,,full_game,Paper TT tracking — Jun 14 slate. HOU Over 5.,[],"{""betBook"": ""Kalshi"", ""scheduledStartTime"": ""2026-06-14T17:40:00Z"", ""seriesTicker"": null}",POOR,"[""NO_EXACT_OR_GAME_IDENTITY"", ""MISSING_ENTRY_PRICE""]",REAL,True,,,,[]
2026-06-14-025,2026-06-14,,STL@MIN,,,team_total,Team Total,full_game,Away,,,Away,PAPER,,,legacy_fallback,,,,,,,,,,,,FAIL_NO_TICKER,,,,,,Paper,settled,SUPPORTED,1.0,LOSS,0.0,-1.0,-100.0,,,,,,,,,full_game,Paper TT tracking — Jun 14 slate. STL Over 5.,[],"{""betBook"": ""Kalshi"", ""scheduledStartTime"": ""2026-06-14T17:40:00Z"", ""seriesTicker"": null}",POOR,"[""NO_EXACT_OR_GAME_IDENTITY"", ""MISSING_ENTRY_PRICE""]",REAL,True,,,,[]
2026-06-14-026,2026-06-14,,LAD@CWS,,,team_total,Team Total,full_game,Home,,,Home,PAPER,,,legacy_fallback,,,,,,,,,,,,FAIL_NO_TICKER,,,,,,Paper,settled,SUPPORTED,1.0,WIN,2.0,1.0,100.0,,,,,,,,,full_game,Paper TT tracking — Jun 14 slate. CWS Over 4.,[],"{""betBook"": ""Kalshi"", ""scheduledStartTime"": ""2026-06-14T18:10:00Z"", ""seriesTicker"": null}",POOR,"[""NO_EXACT_OR_GAME_IDENTITY"", ""MISSING_ENTRY_PRICE""]",REAL,True,,,,[]
2026-06-14-027,2026-06-14,,PHI@MIL,,,team_total,Team Total,full_game,Away,,,Away,PAPER,,,legacy_fallback,,,,,,,,,,,,FAIL_NO_TICKER,,,,,,Paper,settled,SUPPORTED,1.0,LOSS,0.0,-1.0,-100.0,,,,,,,,,full_game,Paper TT tracking — Jun 14 slate. PHI Over 4.,[],"{""betBook"": ""Kalshi"", ""scheduledStartTime"": ""2026-06-14T18:10:00Z"", ""seriesTicker"": null}",POOR,"[""NO_EXACT_OR_GAME_IDENTITY"", ""MISSING_ENTRY_PRICE""]",REAL,True,,,,[]
2026-06-14-028,2026-06-14,,COL@ATH,,,team_total,Team Total,full_game,Away,,,Away,PAPER,,,legacy_fallback,,,,,,,,,,,,FAIL_NO_TICKER,,,,,,Paper,settled,SUPPORTED,1.0,WIN,2.0,1.0,100.0,,,,,,,,,full_game,Paper TT tracking — Jun 14 slate. COL Over 6.,[],"{""betBook"": ""Kalshi"", ""scheduledStartTime"": ""2026-06-14T19:05:00Z"", ""seriesTicker"": null}",POOR,"[""NO_EXACT_OR_GAME_IDENTITY"", ""MISSING_ENTRY_PRICE""]",REAL,True,,,,[]
2026-06-14-029,2026-06-14,,COL@ATH,,,team_total,Team Total,full_game,Home,,,Home,PAPER,,,legacy_fallback,,,,,,,,,,,,FAIL_NO_TICKER,,,,,,Paper,settled,SUPPORTED,1.0,WIN,2.0,1.0,100.0,,,,,,,,,full_game,Paper TT tracking — Jun 14 slate. ATH Over 8.,[],"{""betBook"": ""Kalshi"", ""scheduledStartTime"": ""2026-06-14T19:05:00Z"", ""seriesTicker"": null}",POOR,"[""NO_EXACT_OR_GAME_IDENTITY"", ""MISSING_ENTRY_PRICE""]",REAL,True,,,,[]
2026-06-14-030,2026-06-14,,CHC@SF,,,team_total,Team Total,full_game,Away,,,Away,PAPER,,,legacy_fallback,,,,,,,,,,,,FAIL_NO_TICKER,,,,,,Paper,settled,SUPPORTED,1.0,LOSS,0.0,-1.0,-100.0,,,,,,,,,full_game,Paper TT tracking — Jun 14 slate. CHC Over 4.,[],"{""betBook"": ""Kalshi"", ""scheduledStartTime"": ""2026-06-14T19:10:00Z"", ""seriesTicker"": null}",POOR,"[""NO_EXACT_OR_GAME_IDENTITY"", ""MISSING_ENTRY_PRICE""]",REAL,True,,,,[]
2026-06-14-031,2026-06-14,,CHC@SF,,,team_total,Team Total,full_game,Home,,,Home,PAPER,,,legacy_fallback,,,,,,,,,,,,FAIL_NO_TICKER,,,,,,Paper,settled,SUPPORTED,1.0,WIN,2.0,1.0,100.0,,,,,,,,,full_game,Paper TT tracking — Jun 14 slate. SF Over 4.,[],"{""betBook"": ""Kalshi"", ""scheduledStartTime"": ""2026-06-14T19:10:00Z"", ""seriesTicker"": null}",POOR,"[""NO_EXACT_OR_GAME_IDENTITY"", ""MISSING_ENTRY_PRICE""]",REAL,True,,,,[]
2026-06-14-032,2026-06-14,,TB@LAA,,,team_total,Team Total,full_game,Away,,,Away,PAPER,,,legacy_fallback,,,,,,,,,,,,FAIL_NO_TICKER,,,,,,Paper,settled,SUPPORTED,1.0,WIN,2.0,1.0,100.0,,,,,,,,,full_game,Paper TT tracking — Jun 14 slate. TB Over 5.,[],"{""betBook"": ""Kalshi"", ""scheduledStartTime"": ""2026-06-14T20:07:00Z"", ""seriesTicker"": null}",POOR,"[""NO_EXACT_OR_GAME_IDENTITY"", ""MISSING_ENTRY_PRICE""]",REAL,True,,,,[]
2026-06-14-033,2026-06-14,,TB@LAA,,,team_total,Team Total,full_game,Home,,,Home,PAPER,,,legacy_fallback,,,,,,,,,,,,FAIL_NO_TICKER,,,,,,Paper,settled,SUPPORTED,1.0,LOSS,0.0,-1.0,-100.0,,,,,,,,,full_game,Paper TT tracking — Jun 14 slate. LAA Over 5.,[],"{""betBook"": ""Kalshi"", ""scheduledStartTime"": ""2026-06-14T20:07:00Z"", ""seriesTicker"": null}",POOR,"[""NO_EXACT_OR_GAME_IDENTITY"", ""MISSING_ENTRY_PRICE""]",REAL,True,,,,[]
2026-06-14-034,2026-06-14,,TEX@BOS,,,team_total,Team Total,full_game,Away,,,Away,PAPER,,,legacy_fallback,,,,,,,,,,,,FAIL_NO_TICKER,,,,,,Paper,settled,SUPPORTED,1.0,WIN,2.0,1.0,100.0,,,,,,,,,full_game,Paper TT tracking — Jun 14 slate. TEX Over 5.,[],"{""betBook"": ""Kalshi"", ""scheduledStartTime"": ""2026-06-14T23:10:00Z"", ""seriesTicker"": null}",POOR,"[""NO_EXACT_OR_GAME_IDENTITY"", ""MISSING_ENTRY_PRICE""]",REAL,True,,,,[]
2026-06-14-035,2026-06-14,,TEX@BOS,,,team_total,Team Total,full_game,Home,,,Home,PAPER,,,legacy_fallback,,,,,,,,,,,,FAIL_NO_TICKER,,,,,,Paper,settled,SUPPORTED,1.0,LOSS,0.0,-1.0,-100.0,,,,,,,,,full_game,Paper TT tracking — Jun 14 slate. BOS Over 5.,[],"{""betBook"": ""Kalshi"", ""scheduledStartTime"": ""2026-06-14T23:10:00Z"", ""seriesTicker"": null}",POOR,"[""NO_EXACT_OR_GAME_IDENTITY"", ""MISSING_ENTRY_PRICE""]",REAL,True,,,,[]
2026-06-14-036,2026-06-14,,DET@CLE,,,team_total,Team Total,full_game,Away,,,Away,PAPER,,,legacy_fallback,,,,,,,,,,,,UNAVAILABLE,,,,,,Paper,void,SUPPORTED,1.0,VOID,1.0,0.0,0.0,,,,,,,,,full_game,Paper TT tracking — Jun 14 slate. DET Over 4.,[],"{""betBook"": ""Kalshi"", ""scheduledStartTime"": null, ""seriesTicker"": null}",POOR,"[""NO_EXACT_OR_GAME_IDENTITY"", ""MISSING_ENTRY_PRICE""]",REAL,True,,,,[]
2026-06-14-037,2026-06-14,,LAD@CWS,,,game_result,ML,full_game,Home,,,Home,PAPER,,,legacy_fallback,,,,,,,,,,,,FAIL_NO_TICKER,,,,,,Paper,settled,SUPPORTED,1.0,WIN,2.0,1.0,100.0,,,,,,,,,full_game,Paper ML tracking — Jun 14 slate. CWS ML. Rule 51 gated.,[],"{""betBook"": ""Kalshi"", ""scheduledStartTime"": ""2026-06-14T18:10:00Z"", ""seriesTicker"": null}",POOR,"[""NO_EXACT_OR_GAME_IDENTITY"", ""MISSING_ENTRY_PRICE""]",REAL,True,,,,[]
2026-06-14-038,2026-06-14,,COL@ATH,,,game_result,ML,full_game,Away,,,Away,PAPER,,,legacy_fallback,,,,,,,,,,,,FAIL_NO_TICKER,,,,,,Paper,settled,SUPPORTED,1.0,WIN,2.0,1.0,100.0,,,,,,,,,full_game,Paper ML tracking — Jun 14 slate. COL ML. Rule 51 gated.,[],"{""betBook"": ""Kalshi"", ""scheduledStartTime"": ""2026-06-14T19:05:00Z"", ""seriesTicker"": null}",POOR,"[""NO_EXACT_OR_GAME_IDENTITY"", ""MISSING_ENTRY_PRICE""]",REAL,True,,,,[]
2026-06-14-039,2026-06-14,,TB@LAA,,,game_result,ML,full_game,Away,,,Away,PAPER,,,legacy_fallback,,,,,,,,,,,,FAIL_NO_TICKER,,,,,,Paper,settled,SUPPORTED,1.0,WIN,2.0,1.0,100.0,,,,,,,,,full_game,Paper ML tracking — Jun 14 slate. TB ML. Rule 51 gated.,[],"{""betBook"": ""Kalshi"", ""scheduledStartTime"": ""2026-06-14T20:07:00Z"", ""seriesTicker"": null}",POOR,"[""NO_EXACT_OR_GAME_IDENTITY"", ""MISSING_ENTRY_PRICE""]",REAL,True,,,,[]
2026-06-17-110,2026-06-17,,KC@WSH,KXMLBTEAMTOTAL-26JUN171305KCWSH-WSH3,,team_total,TT_Home_Over,full_game,HOME,3,,HOME,data/slate.json,2026-06-17T22:45:46.170900+00:00,,exact_ticker,50.495,-102,,,,,,,,,,,,,50.5,7.028,,HIGH,pending,SUPPORTED,5.0,PENDING,,,,,,,,,,,,full_game,,,"{""betBook"": null, ""scheduledStartTime"": ""2026-06-17T17:06:00Z"", ""seriesTicker"": null}",CLEAN,[],REAL,True,,,,[]
2026-06-17-111,2026-06-17,,SF@ATL,KXMLBF5-26JUN171915SFATL-SF,,inning_result,F5_ML_Away,F5,AWAY,,,AWAY,data/slate.json,2026-06-17T22:45:46.170900+00:00,,exact_ticker,39.062,156,,,,,,,,,,,,,45.88,3.887,,MEDIUM,pending,SUPPORTED,4.5,PENDING,,,,,,,,,,,,F5,,,"{""betBook"": null, ""scheduledStartTime"": ""2026-06-17T18:05:00Z"", ""seriesTicker"": null}",CLEAN,[],REAL,True,,,,[]
2026-06-17-112,2026-06-17,,SF@ATL,KXMLBGAME-26JUN171915SFATL-SF,,game_result,ML_Away,full_game,AWAY,,,AWAY,data/slate.json,2026-06-17T22:45:46.170900+00:00,,exact_ticker,44.444,125,,,,,,,,,,,,,44.44,1.971,,MEDIUM,pending,SUPPORTED,3.0,PENDING,,,,,,,,,,,,full_game,,,"{""betBook"": null, ""scheduledStartTime"": ""2026-06-17T18:05:00Z"", ""seriesTicker"": null}",CLEAN,[],REAL,True,,,,[]
2026-06-17-113,2026-06-17,,TB@LAD,KXMLBF5-26JUN171510TBLAD-TB,,inning_result,F5_ML_Away,F5,AWAY,,,AWAY,data/slate.json,2026-06-17T22:45:46.170900+00:00,,exact_ticker,31.546,217,,,,,,,,,,,,,37.49,3.288,,MEDIUM,pending,SUPPORTED,4.5,PENDING,,,,,,,,,,,,F5,,,"{""betBook"": null, ""scheduledStartTime"": ""2026-06-17T19:11:00Z"", ""seriesTicker"": null}",CLEAN,[],REAL,True,,,,[]
2026-06-19-114,2026-06-19,,SD@TEX,KXMLBF5-26JUN192005SDTEX-SD,,inning_result,F5_ML_Away,F5,AWAY,,,AWAY,data/slate.json,2026-06-19T22:59:22.840694+00:00,,exact_ticker,30.488,228,,,,,,,,,,,,,36.69,3.425,,MEDIUM,pending,SUPPORTED,4.5,PENDING,,,,,,,,,,,,F5,,,"{""betBook"": null, ""scheduledStartTime"": ""2026-06-20T00:06:00Z"", ""seriesTicker"": null}",CLEAN,[],REAL,True,,,,[]
2026-06-19-115,2026-06-19,,SD@TEX,KXMLBGAME-26JUN192005SDTEX-SD,,game_result,ML_Away,full_game,AWAY,,,AWAY,data/slate.json,2026-06-19T22:59:22.840694+00:00,,exact_ticker,40.486,147,,,,,,,,,,,,,40.49,1.83,,MEDIUM,pending,SUPPORTED,3.0,PENDING,,,,,,,,,,,,full_game,,,"{""betBook"": null, ""scheduledStartTime"": ""2026-06-20T00:06:00Z"", ""seriesTicker"": null}",CLEAN,[],REAL,True,,,,[]
2026-06-19-116,2026-06-19,,STL@KC,KXMLBF5-26JUN192015STLKC-KC,,inning_result,F5_ML_Home,F5,HOME,,,HOME,data/slate.json,2026-06-19T22:59:22.840694+00:00,,exact_ticker,41.494,141,,,,,,,,,,,,,48.5,4.763,,MEDIUM,pending,SUPPORTED,4.5,PENDING,,,,,,,,,,,,F5,,,"{""betBook"": null, ""scheduledStartTime"": ""2026-06-20T00:16:00Z"", ""seriesTicker"": null}",CLEAN,[],REAL,True,,,,[]
2026-06-19-117,2026-06-19,,STL@KC,KXMLBGAME-26JUN192015STLKC-KC,,game_result,ML_Home,full_game,HOME,,,HOME,data/slate.json,2026-06-19T22:59:22.840694+00:00,,exact_ticker,47.393,111,,,,,,,,,,,,,47.39,2.081,,MEDIUM,pending,SUPPORTED,3.0,PENDING,,,,,,,,,,,,full_game,,,"{""betBook"": null, ""scheduledStartTime"": ""2026-06-20T00:16:00Z"", ""seriesTicker"": null}",CLEAN,[],REAL,True,,,,[]
2026-06-19-118,2026-06-19,,MIN@AZ,KXMLBF5-26JUN192145MINAZ-MIN,,inning_result,F5_ML_Away,F5,AWAY,,,AWAY,data/slate.json,2026-06-19T22:59:22.840694+00:00,,exact_ticker,33.003,203,,,,,,,,,,,,,39.08,3.153,,MEDIUM,pending,SUPPORTED,4.5,PENDING,,,,,,,,,,,,F5,,,"{""betBook"": null, ""scheduledStartTime"": ""2026-06-20T01:46:00Z"", ""seriesTicker"": null}",CLEAN,[],REAL,True,,,,[]
2026-06-19-119,2026-06-19,,CLE@HOU,KXMLBF5-26JUN192010CLEHOU-HOU,,inning_result,F5_ML_Home,F5,HOME,,,HOME,claude_session_2026-06-19,2026-06-19T23:05:59.320354+00:00,,exact_ticker,56.522,-130,,,,,,,,,,,,,56.5,7.27,,HIGH,pending,SUPPORTED,2.0,PENDING,,,,,,,,,,,,F5,,[],"{""betBook"": null, ""scheduledStartTime"": ""2026-06-20T00:10:00Z"", ""seriesTicker"": null}",CLEAN,[],REAL,True,,,,[]
2026-06-19-120,2026-06-19,,STL@KC,KXMLBF5-26JUN192015STLKC-KC,,inning_result,F5_ML_Home,F5,HOME,,,HOME,claude_session_2026-06-19,2026-06-19T23:05:59.320354+00:00,,exact_ticker,41.494,141,,,,,,,,,,,,,48.8,3.19,,HIGH,pending,SUPPORTED,2.0,PENDING,,,,,,,,,,,,F5,,[],"{""betBook"": null, ""scheduledStartTime"": ""2026-06-20T00:15:00Z"", ""seriesTicker"": null}",CLEAN,[],REAL,True,,,,[]
2026-06-19-121,2026-06-19,,BAL@LAD,KXMLBF5-26JUN192210BALLAD-BAL,,inning_result,F5_ML_Away,F5,AWAY,,,AWAY,claude_session_2026-06-19,2026-06-19T23:05:59.320354+00:00,,exact_ticker,30.96,223,,,,,,,,,,,,,36.2,3.11,,HIGH,pending,SUPPORTED,2.0,PENDING,,,,,,,,,,,,F5,,[],"{""betBook"": null, ""scheduledStartTime"": ""2026-06-20T02:10:00Z"", ""seriesTicker"": null}",CLEAN,[],REAL,True,,,,[]
2026-06-19-122,2026-06-19,,LAA@ATH,KXMLBF5-26JUN192140LAAATH-LAA,,inning_result,F5_ML_Away,F5,AWAY,,,AWAY,claude_session_2026-06-19,2026-06-19T23:05:59.320354+00:00,,exact_ticker,38.462,160,,,,,,,,,,,,,45.3,2.93,,MEDIUM,pending,SUPPORTED,1.5,PENDING,,,,,,,,,,,,F5,,[],"{""betBook"": null, ""scheduledStartTime"": ""2026-06-20T01:40:00Z"", ""seriesTicker"": null}",CLEAN,[],REAL,True,,,,[]
2026-06-19-123,2026-06-19,,SF@MIA,KXMLBF5-26JUN191910SFMIA-MIA,,inning_result,F5_ML_Home,F5,HOME,,,HOME,claude_session_2026-06-19,2026-06-19T23:05:59.320354+00:00,,exact_ticker,42.553,135,,,,,,,,,,,,,51.2,2.81,,MEDIUM,voided,SUPPORTED,0,VOID,0.0,0.0,0.0,,,,,,,,,F5,,[],"{""betBook"": null, ""scheduledStartTime"": ""2026-06-19T23:10:00Z"", ""seriesTicker"": null}",CLEAN,[],REAL,True,,,,[]
2026-06-19-124,2026-06-19,,SD@TEX,KXMLBF5-26JUN192005SDTEX-SD,,inning_result,F5_ML_Away,F5,AWAY,,,AWAY,claude_session_2026-06-19,2026-06-19T23:05:59.320354+00:00,,exact_ticker,29.499,239,,,,,,,,,,,,,35.9,2.58,,MEDIUM,pending,SUPPORTED,1.5,PENDING,,,,,,,,,,,,F5,,[],"{""betBook"": null, ""scheduledStartTime"": ""2026-06-20T00:05:00Z"", ""seriesTicker"": null}",CLEAN,[],REAL,True,,,,[]
2026-06-19-125,2026-06-19,,CWS@DET,KXMLBF5-26JUN191840CWSDET-DET,,inning_result,F5_ML_Home,F5,HOME,,,HOME,claude_session_2026-06-19,2026-06-19T23:05:59.320354+00:00,,exact_ticker,56.522,-130,,,,,,,,,,,,,66.5,2.24,,MEDIUM,pending,SUPPORTED,1.5,PENDING,,,,,,,,,,,,F5,,[],"{""betBook"": null, ""scheduledStartTime"": ""2026-06-19T22:40:00Z"", ""seriesTicker"": null}",CLEAN,[],REAL,True,,,,[]
2026-06-19-126,2026-06-19,,SF@MIA,KXMLBGAME-26JUN191910SFMIA-SF,,game_result,ML_Away,full_game,AWAY,,,AWAY,claude_session_2026-06-19,2026-06-19T23:05:59.320354+00:00,,exact_ticker,48.544,106,,,,,,,,,,,,,48.0,2.12,,MEDIUM,pending,SUPPORTED,0.5,PENDING,,,,,,,,,,,,full_game,,[],"{""betBook"": null, ""scheduledStartTime"": ""2026-06-19T23:10:00Z"", ""seriesTicker"": null}",CLEAN,[],REAL,True,,,,[]
2026-06-19-127,2026-06-19,,MIL@ATL,KXMLBF5-26JUN191915MILATL-MIL,,inning_result,F5_ML_Away,F5,AWAY,,,AWAY,claude_session_2026-06-19,2026-06-19T23:05:59.320354+00:00,,exact_ticker,53.488,-115,,,,,,,,,,,,,63.7,2.01,,MEDIUM,pending,SUPPORTED,1.5,PENDING,,,,,,,,,,,,F5,,[],"{""betBook"": null, ""scheduledStartTime"": ""2026-06-19T23:15:00Z"", ""seriesTicker"": null}",CLEAN,[],REAL,True,,,,[]
2026-06-19-128,2026-06-19,,TOR@CHC,KXMLBF5-26JUN191420TORCHC-CHC,,inning_result,F5_ML_Home,F5,HOME,,,HOME,claude_session_2026-06-19,2026-06-19T23:05:59.320354+00:00,,exact_ticker,44.444,125,,,,,,,,,,,,,52.9,1.84,,MEDIUM,pending,SUPPORTED,1.5,PENDING,,,,,,,,,,,,F5,,[],"{""betBook"": null, ""scheduledStartTime"": ""2026-06-19T18:20:00Z"", ""seriesTicker"": null}",CLEAN,[],REAL,True,,,,[]
2026-06-19-129,2026-06-19,,WSH@TB,N/A-Kal-TT-null,,team_total,TT_Over,full_game,AWAY,,,AWAY,claude_session_2026-06-19,2026-06-19T23:05:59.320354+00:00,,exact_ticker,55.947,-127,,,,,,,,,,,,,55.9,3.05,,PAPER,pending,SUPPORTED,0.5,PENDING,,,,,,,,,,,,full_game,,[],"{""betBook"": null, ""scheduledStartTime"": ""2026-06-19T23:10:00Z"", ""seriesTicker"": null}",CLEAN,[],REAL,True,,,,[]
2026-06-19-130,2026-06-19,,SD@TEX,N/A-Kal-TT-null,,team_total,TT_Over,full_game,AWAY,,,AWAY,claude_session_2026-06-19,2026-06-19T23:05:59.320354+00:00,,exact_ticker,44.843,123,,,,,,,,,,,,,44.8,2.3,,PAPER,pending,SUPPORTED,0.5,PENDING,,,,,,,,,,,,full_game,,[],"{""betBook"": null, ""scheduledStartTime"": ""2026-06-20T00:05:00Z"", ""seriesTicker"": null}",CLEAN,[],REAL,True,,,,[]
2026-06-19-131,2026-06-19,,MIN@AZ,N/A-Kal-TT-null,,team_total,TT_Over,full_game,AWAY,,,AWAY,claude_session_2026-06-19,2026-06-19T23:05:59.320354+00:00,,exact_ticker,52.83,-112,,,,,,,,,,,,,52.8,2.04,,PAPER,pending,SUPPORTED,0.5,PENDING,,,,,,,,,,,,full_game,,[],"{""betBook"": null, ""scheduledStartTime"": ""2026-06-20T01:45:00Z"", ""seriesTicker"": null}",CLEAN,[],REAL,True,,,,[]
2026-06-19-132,2026-06-19,,SD@TEX,KXMLBGAME-26JUN192005SDTEX-SD,,game_result,ML_Away,full_game,AWAY,,,AWAY,claude_session_2026-06-19,2026-06-19T23:05:59.320354+00:00,,exact_ticker,40.486,147,,,,,,,,,,,,,40.5,2.01,,PAPER,pending,SUPPORTED,0.5,PENDING,,,,,,,,,,,,full_game,,[],"{""betBook"": null, ""scheduledStartTime"": ""2026-06-20T00:05:00Z"", ""seriesTicker"": null}",CLEAN,[],REAL,True,,,,[]
2026-06-19-133,2026-06-19,,CLE@HOU,N/A-Kal-TT-null,,team_total,TT_Over,full_game,AWAY,,,AWAY,claude_session_2026-06-19,2026-06-19T23:05:59.320354+00:00,,exact_ticker,57.627,-136,,,,,,,,,,,,,57.6,1.51,,PAPER,pending,SUPPORTED,0.5,PENDING,,,,,,,,,,,,full_game,,[],"{""betBook"": null, ""scheduledStartTime"": ""2026-06-20T00:10:00Z"", ""seriesTicker"": null}",CLEAN,[],REAL,True,,,,[]
2026-06-19-134,2026-06-19,,MIN@AZ,KXMLBF5-26JUN192145MINAZ-MIN,,inning_result,F5_ML_Away,F5,AWAY,,,AWAY,claude_session_2026-06-19,2026-06-19T23:05:59.320354+00:00,,exact_ticker,33.445,199,,,,,,,,,,,,,39.4,1.4,,PAPER,pending,SUPPORTED,0.5,PENDING,,,,,,,,,,,,F5,,[],"{""betBook"": null, ""scheduledStartTime"": ""2026-06-20T01:45:00Z"", ""seriesTicker"": null}",CLEAN,[],REAL,True,,,,[]
2026-06-19-135,2026-06-19,,CLE@HOU,KXMLBGAME-26JUN192010CLEHOU-CLE,,game_result,ML_Away,full_game,AWAY,,,AWAY,claude_session_2026-06-19,2026-06-19T23:05:59.320354+00:00,,exact_ticker,46.512,115,,,,,,,,,,,,,46.5,1.25,,PAPER,pending,SUPPORTED,0.5,PENDING,,,,,,,,,,,,full_game,,[],"{""betBook"": null, ""scheduledStartTime"": ""2026-06-20T00:10:00Z"", ""seriesTicker"": null}",CLEAN,[],REAL,True,,,,[]
2026-06-19-136,2026-06-19,,BOS@SEA,KXMLBF5-26JUN192210BOSSEA-BOS,,inning_result,F5_ML_Away,F5,AWAY,,,AWAY,claude_session_2026-06-19,2026-06-19T23:05:59.320354+00:00,,exact_ticker,37.453,167,,,,,,,,,,,,,45.7,1.17,,PAPER,pending,SUPPORTED,0.5,PENDING,,,,,,,,,,,,F5,,[],"{""betBook"": null, ""scheduledStartTime"": ""2026-06-20T02:10:00Z"", ""seriesTicker"": null}",CLEAN,[],REAL,True,,,,[]
2026-06-19-137,2026-06-19,,PIT@COL,KXMLBF5-26JUN192040PITCOL-COL,,inning_result,F5_ML_Home,F5,HOME,,,HOME,claude_session_2026-06-19,2026-06-19T23:05:59.320354+00:00,,exact_ticker,39.526,153,,,,,,,,,,,,,45.9,1.15,,PAPER,pending,SUPPORTED,0.5,PENDING,,,,,,,,,,,,F5,,[],"{""betBook"": null, ""scheduledStartTime"": ""2026-06-20T00:40:00Z"", ""seriesTicker"": null}",CLEAN,[],REAL,True,,,,[]
2026-07-02-138,2026-07-02,,PIT@PHI,KXMLBF5-26JUL021235PITPHI-PHI,,inning_result,F5_ML_Home,F5,HOME,,,HOME,data/slate.json,2026-07-02T16:26:54.383638+00:00,,exact_ticker,46.512,115,,,,,,,,,,,,,53.16,4.576,,MEDIUM,pending,SUPPORTED,4.5,PENDING,,,,,,,,,,,,F5,,,"{""betBook"": null, ""scheduledStartTime"": ""2026-07-02T16:36:00Z"", ""seriesTicker"": null}",CLEAN,[],REAL,True,,,,[]
2026-07-05-139,2026-07-05,,BAL@CIN,KXMLBF5-26JUL051305BALCIN-BAL,,inning_result,F5_ML_Away,F5,AWAY,,,AWAY,data/slate.json,2026-07-05T16:12:33.450466+00:00,,exact_ticker,43.478,130,,,,,,,,,,,,,51.17,4.659,,MEDIUM,pending,SUPPORTED,4.5,PENDING,,,,,,,,,,,,F5,,,"{""betBook"": null, ""scheduledStartTime"": ""2026-07-05T17:05:00Z"", ""seriesTicker"": null}",CLEAN,[],REAL,True,,,,[]
2026-07-05-140,2026-07-05,,STL@CHC,KXMLBF5-26JUL051430STLCHC-STL,,inning_result,F5_ML_Away,F5,AWAY,,,AWAY,data/slate.json,2026-07-05T16:12:33.450466+00:00,,exact_ticker,36.496,174,,,,,,,,,,,,,42.68,3.372,,MEDIUM,pending,SUPPORTED,4.5,PENDING,,,,,,,,,,,,F5,,,"{""betBook"": null, ""scheduledStartTime"": ""2026-07-05T18:30:00Z"", ""seriesTicker"": null}",CLEAN,[],REAL,True,,,,[]
2026-07-05-141,2026-07-05,,STL@CHC,KXMLBTEAMTOTAL-26JUL051430STLCHC-STL4,,team_total,TT_Away_Over,full_game,AWAY,4,,AWAY,data/slate.json,2026-07-05T16:12:33.450466+00:00,,exact_ticker,50.495,-102,,,,,,,,,,,,,50.5,3.905,,HIGH,pending,SUPPORTED,5.0,PENDING,,,,,,,,,,,,full_game,,,"{""betBook"": null, ""scheduledStartTime"": ""2026-07-05T18:30:00Z"", ""seriesTicker"": null}",CLEAN,[],REAL,True,,,,[]
2026-07-05-142,2026-07-05,,DET@TEX,KXMLBF5-26JUL051530DETTEX-DET,,inning_result,F5_ML_Away,F5,AWAY,,,AWAY,data/slate.json,2026-07-05T16:12:33.450466+00:00,,exact_ticker,46.512,115,,,,,,,,,,,,,54.74,4.39,,MEDIUM,pending,SUPPORTED,4.5,PENDING,,,,,,,,,,,,F5,,,"{""betBook"": null, ""scheduledStartTime"": ""2026-07-05T19:31:00Z"", ""seriesTicker"": null}",CLEAN,[],REAL,True,,,,[]
2026-07-06-001,2026-07-06,,PHI@KC,KXMLBRFI-26JUL061410PHIKC,,first_inning_run,YRFI,F1,YRFI,,,YRFI,claude_session_2026-07-06,2026-07-06T16:11:58.383214+00:00,,exact_ticker,46.512,115,,,,,,,,,,,,,46.5,2.14,,PAPER,pending,SUPPORTED,1.0,PENDING,,,,,,,,,,,,F1,,"[""Rule 40 incomplete \u2014 first-inning xERA missing for away/home pitcherSavant.firstInningSplit; paper cap applied""]","{""betBook"": null, ""scheduledStartTime"": ""2026-07-06T18:11:00Z"", ""seriesTicker"": null}",CLEAN,[],REAL,True,,,,[]
2026-07-06-143,2026-07-06,,PHI@KC,KXMLBGAME-26JUL061410PHIKC-PHI,,game_result,ML_Away,full_game,AWAY,,,AWAY,data/slate.json,2026-07-06T16:06:41.412312+00:00,,exact_ticker,65.517,-190,,,,,,,,,,,,,65.52,1.652,,MEDIUM,pending,SUPPORTED,3.0,PENDING,,,,,,,,,,,,full_game,,,"{""betBook"": null, ""scheduledStartTime"": ""2026-07-06T18:11:00Z"", ""seriesTicker"": null}",CLEAN,[],REAL,True,,,,[]
2026-07-07-144,2026-07-07,,NYY@TB,KXMLBGAME-26JUL071840NYYTB-NYY,,game_result,ML_Away,full_game,AWAY,,,AWAY,data/slate.json,2026-07-07T21:59:10.985660+00:00,,exact_ticker,45.455,120,,,,,,,,,,,,,45.45,1.619,,MEDIUM,pending,SUPPORTED,3.0,PENDING,,,,,,,,,,,,full_game,,,"{""betBook"": null, ""scheduledStartTime"": ""2026-07-07T22:41:00Z"", ""seriesTicker"": null}",CLEAN,[],REAL,True,,,,[]
2026-07-09-145,2026-07-09,,CHC@BAL,KXMLBF5-26JUL091835CHCBAL-CHC,,inning_result,F5_ML_Away,F5,AWAY,,,AWAY,data/slate.json,2026-07-09T16:23:26.067184+00:00,,exact_ticker,39.062,156,,,,,,,,,,,,,45.18,3.61,,MEDIUM,pending,SUPPORTED,4.5,PENDING,,,,,,,,,,,,F5,,,"{""betBook"": null, ""scheduledStartTime"": ""2026-07-09T17:36:00Z"", ""seriesTicker"": null}",CLEAN,[],REAL,True,,,,[]
2026-07-12-146,2026-07-12,,NYY@WSH,KXMLBGAME-26JUL121335NYYWSH-WSH,,game_result,ML_Home,full_game,HOME,,,HOME,data/slate.json,2026-07-12T16:14:25.735557+00:00,,exact_ticker,51.456,-106,,,,,,,,,,,,,51.46,2.199,,MEDIUM,pending,SUPPORTED,3.0,PENDING,,,,,,,,,,,,full_game,,,"{""betBook"": null, ""scheduledStartTime"": ""2026-07-12T17:36:00Z"", ""seriesTicker"": null}",CLEAN,[],REAL,True,,,,[]
2026-07-12-147,2026-07-12,,BOS@NYM,KXMLBF5-26JUL121340BOSNYM-NYM,,inning_result,F5_ML_Home,F5,HOME,,,HOME,data/slate.json,2026-07-12T16:14:25.735557+00:00,,exact_ticker,38.462,160,,,,,,,,,,,,,45.49,3.416,,MEDIUM,pending,SUPPORTED,4.5,PENDING,,,,,,,,,,,,F5,,,"{""betBook"": null, ""scheduledStartTime"": ""2026-07-12T17:41:00Z"", ""seriesTicker"": null}",CLEAN,[],REAL,True,,,,[]
2026-07-12-148,2026-07-12,,SEA@TB,KXMLBGAME-26JUL121340SEATB-SEA,,game_result,ML_Away,full_game,AWAY,,,AWAY,data/slate.json,2026-07-12T16:14:25.735557+00:00,,exact_ticker,43.478,130,,,,,,,,,,,,,43.08,1.771,,MEDIUM,pending,SUPPORTED,3.0,PENDING,,,,,,,,,,,,full_game,,,"{""betBook"": null, ""scheduledStartTime"": ""2026-07-12T17:41:00Z"", ""seriesTicker"": null}",CLEAN,[],REAL,True,,,,[]
2026-07-21-149,2026-07-21,,DET@CHC,KXMLBGAME-26JUL212005DETCHC-DET,,game_result,ML_Away,full_game,AWAY,,,AWAY,data/slate.json,2026-07-21T21:58:45.123525+00:00,,exact_ticker,47.393,111,,,,,,,,,,,,,47.39,2.032,,MEDIUM,pending,SUPPORTED,3.0,PENDING,,,,,,,,,,,,full_game,,,"{""betBook"": null, ""scheduledStartTime"": ""2026-07-22T00:06:00Z"", ""seriesTicker"": null}",CLEAN,[],REAL,True,,,,[]
2026-07-21-150,2026-07-21,,MIA@HOU,KXMLBF5-26JUL212010MIAHOU-MIA,,inning_result,F5_ML_Away,F5,AWAY,,,AWAY,data/slate.json,2026-07-21T21:58:45.123525+00:00,,exact_ticker,39.526,153,,,,,,,,,,,,,46.51,4.176,,MEDIUM,pending,SUPPORTED,4.5,PENDING,,,,,,,,,,,,F5,,,"{""betBook"": null, ""scheduledStartTime"": ""2026-07-22T00:11:00Z"", ""seriesTicker"": null}",CLEAN,[],REAL,True,,,,[]
2026-07-21-151,2026-07-21,,MIA@HOU,KXMLBGAME-26JUL212010MIAHOU-MIA,,game_result,ML_Away,full_game,AWAY,,,AWAY,data/slate.json,2026-07-21T21:58:45.123525+00:00,,exact_ticker,47.393,111,,,,,,,,,,,,,46.98,1.957,,MEDIUM,pending,SUPPORTED,3.0,PENDING,,,,,,,,,,,,full_game,,,"{""betBook"": null, ""scheduledStartTime"": ""2026-07-22T00:11:00Z"", ""seriesTicker"": null}",CLEAN,[],REAL,True,,,,[]
2026-07-24-152,2026-07-24,,ATL@BAL,KXMLBF5-26JUL241905ATLBAL-ATL,,inning_result,F5_ML_Away,F5,AWAY,,,AWAY,data/slate.json,2026-07-24T21:54:10.186084+00:00,,exact_ticker,39.062,156,,,,,,,,,,,,,45.65,3.936,,MEDIUM,pending,SUPPORTED,4.5,PENDING,,,,,,,,,,,,F5,,,"{""betBook"": null, ""scheduledStartTime"": ""2026-07-24T23:06:00Z"", ""seriesTicker"": null}",CLEAN,[],REAL,True,,,,[]
2026-07-24-153,2026-07-24,,LAD@NYM,KXMLBGAME-26JUL241910LADNYM-NYM,,game_result,ML_Home,full_game,HOME,,,HOME,data/slate.json,2026-07-24T21:54:10.186084+00:00,,exact_ticker,45.455,120,,,,,,,,,,,,,45.45,2.094,,MEDIUM,pending,SUPPORTED,3.0,PENDING,,,,,,,,,,,,full_game,,,"{""betBook"": null, ""scheduledStartTime"": ""2026-07-24T23:11:00Z"", ""seriesTicker"": null}",CLEAN,[],REAL,True,,,,[]
2026-07-24-154,2026-07-24,,ATH@MIN,KXMLBGAME-26JUL242010ATHMIN-ATH,,game_result,ML_Away,full_game,AWAY,,,AWAY,data/slate.json,2026-07-24T21:54:10.186084+00:00,,exact_ticker,42.553,135,,,,,,,,,,,,,42.95,1.622,,MEDIUM,pending,SUPPORTED,3.0,PENDING,,,,,,,,,,,,full_game,,,"{""betBook"": null, ""scheduledStartTime"": ""2026-07-25T00:11:00Z"", ""seriesTicker"": null}",CLEAN,[],REAL,True,,,,[]
KXMLBF5-26JUL301910MIANYM-NYM,2026-07-30,,MIA@NYM,KXMLBF5-26JUL301910MIANYM-NYM,,inning_result,F5_ML_Home,F5,HOME,,,HOME,data/slate.json,2026-07-30T22:29:17.037057+00:00,,exact_ticker,,,,,,,,,,,,,,,52.93,4.82,,MEDIUM,pending,SUPPORTED,4.5,PENDING,,,,,,,,,,,,F5,,,"{""betBook"": null, ""scheduledStartTime"": ""2026-07-31T00:11:00Z"", ""seriesTicker"": null}",DEGRADED,"[""MISSING_ENTRY_PRICE""]",REAL,True,,,,[]
KXMLBF5-26JUL301915WSHATL-WSH,2026-07-30,,WSH@ATL,KXMLBF5-26JUL301915WSHATL-WSH,,inning_result,F5_ML_Away,F5,AWAY,,,AWAY,data/slate.json,2026-07-30T22:29:17.037057+00:00,,exact_ticker,,,,,,,,,,,,,,,43.44,4.05,,MEDIUM,pending,SUPPORTED,4.5,PENDING,,,,,,,,,,,,F5,,,"{""betBook"": null, ""scheduledStartTime"": ""2026-07-30T23:16:00Z"", ""seriesTicker"": null}",DEGRADED,"[""MISSING_ENTRY_PRICE""]",REAL,True,,,,[]
KXMLBGAME-26JUL301910MIANYM-NYM,2026-07-30,,MIA@NYM,KXMLBGAME-26JUL301910MIANYM-NYM,,game_result,ML_Home,full_game,HOME,,,HOME,data/slate.json,2026-07-30T22:29:17.037057+00:00,,exact_ticker,,,,,,,,,,,,,,,53.49,1.856,,MEDIUM,pending,SUPPORTED,3.0,PENDING,,,,,,,,,,,,full_game,,,"{""betBook"": null, ""scheduledStartTime"": ""2026-07-31T00:11:00Z"", ""seriesTicker"": null}",DEGRADED,"[""MISSING_ENTRY_PRICE""]",REAL,True,,,,[]
KXMLBF5-26JUL311915WSHATL-WSH,2026-07-31,,WSH@ATL,KXMLBF5-26JUL311915WSHATL-WSH,,inning_result,F5_ML_Away,F5,AWAY,,,AWAY,data/slate.json,2026-07-31T22:38:09.936062+00:00,,exact_ticker,,,,,,,,,,,,,,,54.06,4.232,,MEDIUM,pending,SUPPORTED,4.5,PENDING,,,,,,,,,,,,F5,,,"{""betBook"": null, ""scheduledStartTime"": ""2026-07-31T23:16:00Z"", ""seriesTicker"": null}",DEGRADED,"[""MISSING_ENTRY_PRICE""]",REAL,True,,,,[]
KXMLBF5-26JUL312040KCCOL-KC,2026-07-31,,KC@COL,KXMLBF5-26JUL312040KCCOL-KC,,inning_result,F5_ML_Away,F5,AWAY,,,AWAY,data/slate.json,2026-07-31T22:38:09.936062+00:00,,exact_ticker,,,,,,,,,,,,,,,50.55,4.446,,MEDIUM,pending,SUPPORTED,4.5,PENDING,,,,,,,,,,,,F5,,,"{""betBook"": null, ""scheduledStartTime"": ""2026-08-01T00:41:00Z"", ""seriesTicker"": null}",DEGRADED,"[""MISSING_ENTRY_PRICE""]",REAL,True,,,,[]
KXMLBF5-26JUL312140DETATH-DET,2026-07-31,,DET@ATH,KXMLBF5-26JUL312140DETATH-DET,,inning_result,F5_ML_Away,F5,AWAY,,,AWAY,data/slate.json,2026-07-31T22:38:09.936062+00:00,,exact_ticker,,,,,,,,,,,,,,,57.41,3.345,,MEDIUM,pending,SUPPORTED,4.5,PENDING,,,,,,,,,,,,F5,,,"{""betBook"": null, ""scheduledStartTime"": ""2026-08-01T01:41:00Z"", ""seriesTicker"": null}",DEGRADED,"[""MISSING_ENTRY_PRICE""]",REAL,True,,,,[]
KXMLBGAME-26JUL312040KCCOL-KC,2026-07-31,,KC@COL,KXMLBGAME-26JUL312040KCCOL-KC,,game_result,ML_Away,full_game,AWAY,,,AWAY,data/slate.json,2026-07-31T22:38:09.936062+00:00,,exact_ticker,,,,,,,,,,,,,,,50.5,1.763,,MEDIUM,pending,SUPPORTED,3.0,PENDING,,,,,,,,,,,,full_game,,,"{""betBook"": null, ""scheduledStartTime"": ""2026-08-01T00:41:00Z"", ""seriesTicker"": null}",DEGRADED,"[""MISSING_ENTRY_PRICE""]",REAL,True,,,,[]
KXMLBF5-26AUG011910TEXHOU-TEX,2026-08-01,,TEX@HOU,KXMLBF5-26AUG011910TEXHOU-TEX,,inning_result,F5_ML_Away,F5,AWAY,,,AWAY,data/slate.json,2026-08-01T22:10:51.660763+00:00,,exact_ticker,,,,,,,,,,,,,,,57.08,4.798,,MEDIUM,pending,SUPPORTED,4.5,PENDING,,,,,,,,,,,,F5,,,"{""betBook"": null, ""scheduledStartTime"": ""2026-08-01T23:11:00Z"", ""seriesTicker"": null}",DEGRADED,"[""MISSING_ENTRY_PRICE""]",REAL,True,,,,[]
KXMLBF5-26AUG012110BOSLAD-BOS,2026-08-01,,BOS@LAD,KXMLBF5-26AUG012110BOSLAD-BOS,,inning_result,F5_ML_Away,F5,AWAY,,,AWAY,data/slate.json,2026-08-01T22:10:51.660763+00:00,,exact_ticker,,,,,,,,,,,,,,,39.53,3.768,,MEDIUM,pending,SUPPORTED,4.5,PENDING,,,,,,,,,,,,F5,,,"{""betBook"": null, ""scheduledStartTime"": ""2026-08-02T01:11:00Z"", ""seriesTicker"": null}",DEGRADED,"[""MISSING_ENTRY_PRICE""]",REAL,True,,,,[]
KXMLBGAME-26AUG012110BOSLAD-BOS,2026-08-01,,BOS@LAD,KXMLBGAME-26AUG012110BOSLAD-BOS,,game_result,ML_Away,full_game,AWAY,,,AWAY,data/slate.json,2026-08-01T22:10:51.660763+00:00,,exact_ticker,,,,,,,,,,,,,,,38.46,2.327,,MEDIUM,pending,SUPPORTED,3.0,PENDING,,,,,,,,,,,,full_game,,,"{""betBook"": null, ""scheduledStartTime"": ""2026-08-02T01:11:00Z"", ""seriesTicker"": null}",DEGRADED,"[""MISSING_ENTRY_PRICE""]",REAL,True,,,,[]
KXMLBF5-26AUG021340CWSTB-CWS,2026-08-02,,CWS@TB,KXMLBF5-26AUG021340CWSTB-CWS,,inning_result,F5_ML_Away,F5,AWAY,,,AWAY,data/slate.json,2026-08-02T16:54:02.702400+00:00,,exact_ticker,,,,,,,,,,,,,,,33.96,3.092,,MEDIUM,pending,SUPPORTED,4.5,PENDING,,,,,,,,,,,,F5,,,"{""betBook"": null, ""scheduledStartTime"": ""2026-08-02T17:41:00Z"", ""seriesTicker"": null}",DEGRADED,"[""MISSING_ENTRY_PRICE""]",REAL,True,,,,[]
KXMLBF5-26AUG021340PITCIN-PIT,2026-08-02,,PIT@CIN,KXMLBF5-26AUG021340PITCIN-PIT,,inning_result,F5_ML_Away,F5,AWAY,,,AWAY,data/slate.json,2026-08-02T16:54:02.702400+00:00,,exact_ticker,,,,,,,,,,,,,,,31.82,1.593,,MEDIUM,pending,SUPPORTED,4.5,PENDING,,,,,,,,,,,,F5,,,"{""betBook"": null, ""scheduledStartTime"": ""2026-08-02T17:41:00Z"", ""seriesTicker"": null}",DEGRADED,"[""MISSING_ENTRY_PRICE""]",REAL,True,,,,[]
KXMLBGAME-26AUG032140SDAZ-SD,2026-08-03,,SD@AZ,KXMLBGAME-26AUG032140SDAZ-SD,,game_result,ML_Away,full_game,AWAY,,,AWAY,data/slate.json,2026-08-04T00:36:26.735512+00:00,,exact_ticker,,,,,,,,,,,,,,,48.54,1.671,,MEDIUM,pending,SUPPORTED,3.0,PENDING,,,,,,,,,,,,full_game,,,"{""betBook"": null, ""scheduledStartTime"": ""2026-08-04T01:41:00Z"", ""seriesTicker"": null}",DEGRADED,"[""MISSING_ENTRY_PRICE""]",REAL,True,,,,[]
KXMLBF5-26AUG041840ATHCIN-ATH,2026-08-04,,ATH@CIN,KXMLBF5-26AUG041840ATHCIN-ATH,,inning_result,F5_ML_Away,F5,AWAY,,,AWAY,data/slate.json,2026-08-04T21:27:35.790455+00:00,,exact_ticker,,,,,,,,,,,,,,,38.67,1.714,,MEDIUM,pending,SUPPORTED,4.5,PENDING,,,,,,,,,,,,F5,,,"{""betBook"": null, ""scheduledStartTime"": ""2026-08-04T22:40:00Z"", ""seriesTicker"": null}",DEGRADED,"[""MISSING_ENTRY_PRICE""]",REAL,True,,,,[]
KXMLBF5-26AUG041905STLNYY-STL,2026-08-04,,STL@NYY,KXMLBF5-26AUG041905STLNYY-STL,,inning_result,F5_ML_Away,F5,AWAY,,,AWAY,data/slate.json,2026-08-04T21:27:35.790455+00:00,,exact_ticker,,,,,,,,,,,,,,,30.92,2.035,,MEDIUM,pending,SUPPORTED,4.5,PENDING,,,,,,,,,,,,F5,,,"{""betBook"": null, ""scheduledStartTime"": ""2026-08-04T23:06:00Z"", ""seriesTicker"": null}",DEGRADED,"[""MISSING_ENTRY_PRICE""]",REAL,True,,,,[]
KXMLBF5-26AUG041910CWSBOS-CWS,2026-08-04,,CWS@BOS,KXMLBF5-26AUG041910CWSBOS-CWS,,inning_result,F5_ML_Away,F5,AWAY,,,AWAY,data/slate.json,2026-08-04T21:27:35.790455+00:00,,exact_ticker,,,,,,,,,,,,,,,38.33,2.316,,MEDIUM,pending,SUPPORTED,4.5,PENDING,,,,,,,,,,,,F5,,,"{""betBook"": null, ""scheduledStartTime"": ""2026-08-04T23:11:00Z"", ""seriesTicker"": null}",DEGRADED,"[""MISSING_ENTRY_PRICE""]",REAL,True,,,,[]
KXMLBGAME-26AUG041840ATHCIN-ATH,2026-08-04,,ATH@CIN,KXMLBGAME-26AUG041840ATHCIN-ATH,,game_result,ML_Away,full_game,AWAY,,,AWAY,data/slate.json,2026-08-04T21:27:35.790455+00:00,,exact_ticker,,,,,,,,,,,,,,,44.44,1.651,,MEDIUM,pending,SUPPORTED,3.0,PENDING,,,,,,,,,,,,full_game,,,"{""betBook"": null, ""scheduledStartTime"": ""2026-08-04T22:40:00Z"", ""seriesTicker"": null}",DEGRADED,"[""MISSING_ENTRY_PRICE""]",REAL,True,,,,[]
KXMLBF5-26AUG051840NYMCLE-NYM,2026-08-05,,NYM@CLE,KXMLBF5-26AUG051840NYMCLE-NYM,,inning_result,F5_ML_Away,F5,AWAY,,,AWAY,data/slate.json,2026-08-05T22:31:22.468199+00:00,,exact_ticker,,,,,,,,,,,,,,,42.75,2.274,,MEDIUM,pending,SUPPORTED,4.5,PENDING,,,,,,,,,,,,F5,,,"{""betBook"": null, ""scheduledStartTime"": ""2026-08-05T22:40:00Z"", ""seriesTicker"": null}",DEGRADED,"[""MISSING_ENTRY_PRICE""]",REAL,True,,,,[]
KXMLBF5-26AUG051840WSHPHI-WSH,2026-08-05,,WSH@PHI,KXMLBF5-26AUG051840WSHPHI-WSH,,inning_result,F5_ML_Away,F5,AWAY,,,AWAY,data/slate.json,2026-08-05T22:31:22.468199+00:00,,exact_ticker,,,,,,,,,,,,,,,34.11,2.858,,MEDIUM,pending,SUPPORTED,4.5,PENDING,,,,,,,,,,,,F5,,,"{""betBook"": null, ""scheduledStartTime"": ""2026-08-05T23:05:00Z"", ""seriesTicker"": null}",DEGRADED,"[""MISSING_ENTRY_PRICE""]",REAL,True,,,,[]
KXMLBF5-26AUG051940MINKC-KC,2026-08-05,,MIN@KC,KXMLBF5-26AUG051940MINKC-KC,,inning_result,F5_ML_Home,F5,HOME,,,HOME,data/slate.json,2026-08-05T22:31:22.468199+00:00,,exact_ticker,,,,,,,,,,,,,,,46.76,2.828,,MEDIUM,pending,SUPPORTED,4.5,PENDING,,,,,,,,,,,,F5,,,"{""betBook"": null, ""scheduledStartTime"": ""2026-08-05T23:41:00Z"", ""seriesTicker"": null}",DEGRADED,"[""MISSING_ENTRY_PRICE""]",REAL,True,,,,[]
KXMLBF5-26AUG052140DETSEA-DET,2026-08-05,,DET@SEA,KXMLBF5-26AUG052140DETSEA-DET,,inning_result,F5_ML_Away,F5,AWAY,,,AWAY,data/slate.json,2026-08-05T22:31:22.468199+00:00,,exact_ticker,,,,,,,,,,,,,,,34.49,2.775,,MEDIUM,pending,SUPPORTED,4.5,PENDING,,,,,,,,,,,,F5,,,"{""betBook"": null, ""scheduledStartTime"": ""2026-08-06T01:41:00Z"", ""seriesTicker"": null}",DEGRADED,"[""MISSING_ENTRY_PRICE""]",REAL,True,,,,[]
KXMLBGAME-26AUG051840NYMCLE-NYM,2026-08-05,,NYM@CLE,KXMLBGAME-26AUG051840NYMCLE-NYM,,game_result,ML_Away,full_game,AWAY,,,AWAY,data/slate.json,2026-08-05T22:31:22.468199+00:00,,exact_ticker,,,,,,,,,,,,,,,49.03,1.873,,MEDIUM,pending,SUPPORTED,3.0,PENDING,,,,,,,,,,,,full_game,,,"{""betBook"": null, ""scheduledStartTime"": ""2026-08-05T22:40:00Z"", ""seriesTicker"": null}",DEGRADED,"[""MISSING_ENTRY_PRICE""]",REAL,True,,,,[]
KXMLBGAME-26AUG051940MINKC-KC,2026-08-05,,MIN@KC,KXMLBGAME-26AUG051940MINKC-KC,,game_result,ML_Home,full_game,HOME,,,HOME,data/slate.json,2026-08-05T22:31:22.468199+00:00,,exact_ticker,,,,,,,,,,,,,,,53.02,1.403,,MEDIUM,pending,SUPPORTED,3.0,PENDING,,,,,,,,,,,,full_game,,,"{""betBook"": null, ""scheduledStartTime"": ""2026-08-05T23:41:00Z"", ""seriesTicker"": null}",DEGRADED,"[""MISSING_ENTRY_PRICE""]",REAL,True,,,,[]
KXMLBF5-26AUG062140SDAZ-SD,2026-08-06,,SD@AZ,KXMLBF5-26AUG062140SDAZ-SD,,inning_result,F5_ML_Away,F5,AWAY,,,AWAY,data/slate.json,2026-08-07T01:04:03.110723+00:00,,exact_ticker,,,,,,,,,,,,,,,42.09,1.454,,MEDIUM,pending,SUPPORTED,4.5,PENDING,,,,,,,,,,,,F5,,,"{""betBook"": null, ""scheduledStartTime"": ""2026-08-07T01:41:00Z"", ""seriesTicker"": null}",DEGRADED,"[""MISSING_ENTRY_PRICE""]",REAL,True,,,,[]
KXMLBGAME-26AUG061910CWSBOS-BOS,2026-08-06,,CWS@BOS,KXMLBGAME-26AUG061910CWSBOS-BOS,,game_result,ML_Home,full_game,HOME,,,HOME,data/slate.json,2026-08-06T22:27:27.301972+00:00,,exact_ticker,,,,,,,,,,,,,,,63.88,1.902,,MEDIUM,pending,SUPPORTED,3.0,PENDING,,,,,,,,,,,,full_game,,,"{""betBook"": null, ""scheduledStartTime"": ""2026-08-06T23:11:00Z"", ""seriesTicker"": null}",DEGRADED,"[""MISSING_ENTRY_PRICE""]",REAL,True,,,,[]
KXMLBF5-26AUG071940MINMIL-MIL,2026-08-07,,MIN@MIL,KXMLBF5-26AUG071940MINMIL-MIL,,inning_result,F5_ML_Home,F5,HOME,,,HOME,data/slate.json,2026-08-07T22:31:34.645772+00:00,,exact_ticker,,,,,,,,,,,,,,,53.33,2.527,,MEDIUM,pending,SUPPORTED,4.5,PENDING,,,,,,,,,,,,F5,,,"{""betBook"": null, ""scheduledStartTime"": ""2026-08-07T23:41:00Z"", ""seriesTicker"": null}",DEGRADED,"[""MISSING_ENTRY_PRICE""]",REAL,True,,,,[]
KXMLBF5-26AUG072010CHCKC-KC,2026-08-07,,CHC@KC,KXMLBF5-26AUG072010CHCKC-KC,,inning_result,F5_ML_Home,F5,HOME,,,HOME,data/slate.json,2026-08-07T22:31:34.645772+00:00,,exact_ticker,,,,,,,,,,,,,,,34.84,1.73,,MEDIUM,pending,SUPPORTED,4.5,PENDING,,,,,,,,,,,,F5,,,"{""betBook"": null, ""scheduledStartTime"": ""2026-08-08T00:11:00Z"", ""seriesTicker"": null}",DEGRADED,"[""MISSING_ENTRY_PRICE""]",REAL,True,,,,[]
KXMLBF5-26AUG072015BALTEX-BAL,2026-08-07,,BAL@TEX,KXMLBF5-26AUG072015BALTEX-BAL,,inning_result,F5_ML_Away,F5,AWAY,,,AWAY,data/slate.json,2026-08-07T22:31:34.645772+00:00,,exact_ticker,,,,,,,,,,,,,,,35.19,3.126,,MEDIUM,pending,SUPPORTED,4.5,PENDING,,,,,,,,,,,,F5,,,"{""betBook"": null, ""scheduledStartTime"": ""2026-08-08T00:16:00Z"", ""seriesTicker"": null}",DEGRADED,"[""MISSING_ENTRY_PRICE""]",REAL,True,,,,[]
KXMLBGAME-26AUG071845CINWSH-WSH,2026-08-07,,CIN@WSH,KXMLBGAME-26AUG071845CINWSH-WSH,,game_result,ML_Home,full_game,HOME,,,HOME,data/slate.json,2026-08-07T22:31:34.645772+00:00,,exact_ticker,,,,,,,,,,,,,,,53.02,2.029,,MEDIUM,pending,SUPPORTED,3.0,PENDING,,,,,,,,,,,,full_game,,,"{""betBook"": null, ""scheduledStartTime"": ""2026-08-07T23:21:00Z"", ""seriesTicker"": null}",DEGRADED,"[""MISSING_ENTRY_PRICE""]",REAL,True,,,,[]
2026-08-08-155,2026-08-08,,TOR@PHI,KXMLBF5-26AUG081805TORPHI-TOR,,inning_result,F5_ML_Away,F5,AWAY,,,AWAY,data/slate.json,2026-08-08T21:40:02.427012+00:00,,exact_ticker,34.483,190,,,,,,,,,,,,,34.11,2.891,,MEDIUM,pending,SUPPORTED,4.5,PENDING,,,,,,,,,,,,F5,,,"{""betBook"": null, ""scheduledStartTime"": ""2026-08-08T22:06:00Z"", ""seriesTicker"": null}",CLEAN,[],REAL,True,,,,[]
2026-08-08-156,2026-08-08,,CIN@WSH,KXMLBGAME-26AUG081845CINWSH-WSH,,game_result,ML_Home,full_game,HOME,,,HOME,data/slate.json,2026-08-08T21:40:02.427012+00:00,,exact_ticker,43.478,130,,,,,,,,,,,,,43.48,1.704,,MEDIUM,pending,SUPPORTED,3.0,PENDING,,,,,,,,,,,,full_game,,,"{""betBook"": null, ""scheduledStartTime"": ""2026-08-08T22:46:00Z"", ""seriesTicker"": null}",CLEAN,[],REAL,True,,,,[]
2026-08-08-157,2026-08-08,,LAD@AZ,KXMLBGAME-26AUG082010LADAZ-AZ,,game_result,ML_Home,full_game,HOME,,,HOME,data/slate.json,2026-08-08T21:40:02.427012+00:00,,exact_ticker,35.461,182,,,,,,,,,,,,,35.46,1.836,,MEDIUM,pending,SUPPORTED,3.0,PENDING,,,,,,,,,,,,full_game,,,"{""betBook"": null, ""scheduledStartTime"": ""2026-08-09T00:11:00Z"", ""seriesTicker"": null}",CLEAN,[],REAL,True,,,,[]
2026-08-09-158,2026-08-09,,ATH@BOS,KXMLBF5-26AUG091335ATHBOS-BOS,,inning_result,F5_ML_Home,F5,HOME,,,HOME,data/slate.json,2026-08-09T17:23:11.467477+00:00,,exact_ticker,55.556,-125,,,,,,,,,,,,,56.64,1.7,,MEDIUM,pending,SUPPORTED,4.5,PENDING,,,,,,,,,,,,F5,,,"{""betBook"": null, ""scheduledStartTime"": ""2026-08-09T17:35:00Z"", ""seriesTicker"": null}",CLEAN,[],REAL,True,,,,[]
2026-08-09-159,2026-08-09,,TOR@PHI,KXMLBF5-26AUG091335TORPHI-PHI,,inning_result,F5_ML_Home,F5,HOME,,,HOME,data/slate.json,2026-08-09T17:23:11.467477+00:00,,exact_ticker,58.506,-141,,,,,,,,,,,,,58.23,2.463,,MEDIUM,pending,SUPPORTED,4.5,PENDING,,,,,,,,,,,,F5,,,"{""betBook"": null, ""scheduledStartTime"": ""2026-08-09T17:36:00Z"", ""seriesTicker"": null}",CLEAN,[],REAL,True,,,,[]
2026-08-09-160,2026-08-09,,LAA@MIA,KXMLBF5-26AUG091340LAAMIA-MIA,,inning_result,F5_ML_Home,F5,HOME,,,HOME,data/slate.json,2026-08-09T17:23:11.467477+00:00,,exact_ticker,48.544,106,,,,,,,,,,,,,49.78,2.466,,MEDIUM,pending,SUPPORTED,4.5,PENDING,,,,,,,,,,,,F5,,,"{""betBook"": null, ""scheduledStartTime"": ""2026-08-09T17:40:00Z"", ""seriesTicker"": null}",CLEAN,[],REAL,True,,,,[]
2026-08-09-161,2026-08-09,,CLE@CWS,KXMLBF5-26AUG091410CLECWS-CWS,,inning_result,F5_ML_Home,F5,HOME,,,HOME,data/slate.json,2026-08-09T17:23:11.467477+00:00,,exact_ticker,39.062,156,,,,,,,,,,,,,39.45,2.854,,MEDIUM,pending,SUPPORTED,4.5,PENDING,,,,,,,,,,,,F5,,,"{""betBook"": null, ""scheduledStartTime"": ""2026-08-09T18:10:00Z"", ""seriesTicker"": null}",CLEAN,[],REAL,True,,,,[]
2026-08-09-162,2026-08-09,,MIN@MIL,KXMLBF5-26AUG091410MINMIL-MIN,,inning_result,F5_ML_Away,F5,AWAY,,,AWAY,data/slate.json,2026-08-09T17:23:11.467477+00:00,,exact_ticker,21.505,365,,,,,,,,,,,,,21.82,2.054,,MEDIUM,pending,SUPPORTED,4.5,PENDING,,,,,,,,,,,,F5,,,"{""betBook"": null, ""scheduledStartTime"": ""2026-08-09T18:10:00Z"", ""seriesTicker"": null}",CLEAN,[],REAL,True,,,,[]
2026-08-09-163,2026-08-09,,DET@SF,KXMLBGAME-26AUG091605DETSF-DET,,game_result,ML_Away,full_game,AWAY,,,AWAY,data/slate.json,2026-08-09T17:23:11.467477+00:00,,exact_ticker,53.488,-115,,,,,,,,,,,,,53.49,1.582,,MEDIUM,pending,SUPPORTED,3.0,PENDING,,,,,,,,,,,,full_game,,,"{""betBook"": null, ""scheduledStartTime"": ""2026-08-09T20:05:00Z"", ""seriesTicker"": null}",CLEAN,[],REAL,True,,,,[]
2026-08-10-164,2026-08-10,,PHI@STL,KXMLBGAME-26AUG101945PHISTL-STL,,game_result,ML_Home,full_game,HOME,,,HOME,data/slate.json,2026-08-10T22:48:06.106063+00:00,,exact_ticker,47.393,111,,,,,,,,,,,,,47.39,1.561,,MEDIUM,pending,SUPPORTED,3.0,PENDING,,,,,,,,,,,,full_game,,,"{""betBook"": null, ""scheduledStartTime"": ""2026-08-10T23:46:00Z"", ""seriesTicker"": null}",CLEAN,[],REAL,True,,,,[]
2026-08-10-165,2026-08-10,,COL@AZ,KXMLBF5-26AUG102140COLAZ-COL,,inning_result,F5_ML_Away,F5,AWAY,,,AWAY,data/slate.json,2026-08-10T22:48:06.106063+00:00,,exact_ticker,31.546,217,,,,,,,,,,,,,32.02,2.037,,MEDIUM,pending,SUPPORTED,4.5,PENDING,,,,,,,,,,,,F5,,,"{""betBook"": null, ""scheduledStartTime"": ""2026-08-11T01:40:00Z"", ""seriesTicker"": null}",CLEAN,[],REAL,True,,,,[]
2026-08-10-166,2026-08-10,,KC@LAD,KXMLBF5-26AUG102210KCLAD-KC,,inning_result,F5_ML_Away,F5,AWAY,,,AWAY,data/slate.json,2026-08-10T22:48:06.106063+00:00,,exact_ticker,25.51,292,,,,,,,,,,,,,25.38,1.821,,MEDIUM,pending,SUPPORTED,4.5,PENDING,,,,,,,,,,,,F5,,,"{""betBook"": null, ""scheduledStartTime"": ""2026-08-11T02:10:00Z"", ""seriesTicker"": null}",CLEAN,[],REAL,True,,,,[]
2026-08-16-167,2026-08-16,,BOS@PIT,KXMLBF5-26AUG161335BOSPIT-BOS,,inning_result,F5_ML_Away,F5,AWAY,,,AWAY,data/slate.json,2026-08-16T17:00:03.985420+00:00,,exact_ticker,43.478,130,,,,,,,,,,,,,43.71,2.179,,MEDIUM,pending,SUPPORTED,4.5,PENDING,,,,,,,,,,,,F5,,,"{""betBook"": null, ""scheduledStartTime"": ""2026-08-16T17:36:00Z"", ""seriesTicker"": null}",CLEAN,[],REAL,True,,,,[]
2026-08-18-168,2026-08-18,,MIA@PHI,KXMLBGAME-26AUG181840MIAPHI-MIA,,game_result,ML_Away,full_game,AWAY,,,AWAY,data/slate.json,2026-08-18T21:48:40.552883+00:00,,exact_ticker,33.445,199,,,,,,,,,,,,,33.44,2.045,,MEDIUM,pending,SUPPORTED,3.0,PENDING,,,,,,,,,,,,full_game,,,"{""betBook"": null, ""scheduledStartTime"": ""2026-08-18T22:41:00Z"", ""seriesTicker"": null}",CLEAN,[],REAL,True,,,,[]
2026-08-19-169,2026-08-19,,WSH@TEX,KXMLBF5-26AUG192005WSHTEX-WSH,,inning_result,F5_ML_Away,F5,AWAY,,,AWAY,data/slate.json,2026-08-19T21:43:43.426206+00:00,,exact_ticker,41.494,141,,,,,,,,,,,,,41.71,3.003,,MEDIUM,pending,SUPPORTED,4.5,PENDING,,,,,,,,,,,,F5,,,"{""betBook"": null, ""scheduledStartTime"": ""2026-08-20T00:06:00Z"", ""seriesTicker"": null}",CLEAN,[],REAL,True,,,,[]
2026-08-20-170,2026-08-20,,SF@CLE,KXMLBF5-26AUG201310SFCLE-SF,,inning_result,F5_ML_Away,F5,AWAY,,,AWAY,data/slate.json,2026-08-20T16:53:16.809581+00:00,,exact_ticker,29.499,239,,,,,,,,,,,,,29.35,2.08,,MEDIUM,pending,SUPPORTED,4.5,PENDING,,,,,,,,,,,,F5,,,"{""betBook"": null, ""scheduledStartTime"": ""2026-08-20T17:11:00Z"", ""seriesTicker"": null}",CLEAN,[],REAL,True,,,,[]
PAPER:2026-07-30:KXMLBF5SPREAD-26JUL302210SEALAD-SEA2,2026-07-30,823921,SEA @ LAD,KXMLBF5SPREAD-26JUL302210SEALAD-SEA2,,winning_margin,,F5,SEA,1.5,,SEA,PAPER_SPREAD_LEDGER,,,exact_ticker,24.0,,,24.0,23.5,,,,,,,,,37.309,24.0,13.309,,HIGH,PAPER_ONLY_REAL_MONEY_BLOCKED,SUPPORTED,,PENDING,,,,,,,,,,,,F5,,"[""NOT_YET_ACTIVATED_NO_HISTORICAL_PAPER_SAMPLE""]","{""alternateLine"": false, ""rank"": 28}",CLEAN,[],PAPER,False,5.0,,,"[""NOT_YET_ACTIVATED_NO_HISTORICAL_PAPER_SAMPLE""]"
PAPER:2026-07-30:KXMLBF5SPREAD-26JUL302210SEALAD-SEA3,2026-07-30,823921,SEA @ LAD,KXMLBF5SPREAD-26JUL302210SEALAD-SEA3,,winning_margin,,F5,SEA,2.5,,SEA,PAPER_SPREAD_LEDGER,,,exact_ticker,15.0,,,15.0,14.5,,,,,,,,,21.073,15.0,6.073,,HIGH,PAPER_ONLY_REAL_MONEY_BLOCKED,SUPPORTED,,PENDING,,,,,,,,,,,,F5,,"[""NOT_YET_ACTIVATED_NO_HISTORICAL_PAPER_SAMPLE""]","{""alternateLine"": true, ""rank"": 61}",CLEAN,[],PAPER,False,5.0,,,"[""NOT_YET_ACTIVATED_NO_HISTORICAL_PAPER_SAMPLE""]"
PAPER:2026-07-30:KXMLBSPREAD-26JUL301910PITCIN-PIT2,2026-07-30,824488,PIT @ CIN,KXMLBSPREAD-26JUL301910PITCIN-PIT2,,winning_margin,,full_game,PIT,1.5,,PIT,PAPER_SPREAD_LEDGER,,,exact_ticker,27.0,,,27.0,26.5,,,,,,,,,42.521,27.0,15.521,,HIGH,PAPER_ONLY_REAL_MONEY_BLOCKED,SUPPORTED,,PENDING,,,,,,,,,,,,full_game,,"[""RULE_81""]","{""alternateLine"": false, ""rank"": 19}",CLEAN,[],PAPER,False,5.0,,,"[""RULE_81""]"
PAPER:2026-07-30:KXMLBSPREAD-26JUL301910PITCIN-PIT3,2026-07-30,824488,PIT @ CIN,KXMLBSPREAD-26JUL301910PITCIN-PIT3,,winning_margin,,full_game,PIT,2.5,,PIT,PAPER_SPREAD_LEDGER,,,exact_ticker,16.0,,,16.0,15.5,,,,,,,,,29.255,16.0,13.255,,HIGH,PAPER_ONLY_REAL_MONEY_BLOCKED,SUPPORTED,,PENDING,,,,,,,,,,,,full_game,,"[""RULE_81""]","{""alternateLine"": true, ""rank"": 29}",CLEAN,[],PAPER,False,5.0,,,"[""RULE_81""]"
PAPER:2026-07-30:KXMLBSPREAD-26JUL301910PITCIN-PIT4,2026-07-30,824488,PIT @ CIN,KXMLBSPREAD-26JUL301910PITCIN-PIT4,,winning_margin,,full_game,PIT,3.5,,PIT,PAPER_SPREAD_LEDGER,,,exact_ticker,9.0,,,9.0,8.5,,,,,,,,,18.436,9.0,9.436,,HIGH,PAPER_ONLY_REAL_MONEY_BLOCKED,SUPPORTED,,PENDING,,,,,,,,,,,,full_game,,"[""RULE_81""]","{""alternateLine"": true, ""rank"": 44}",CLEAN,[],PAPER,False,5.0,,,"[""RULE_81""]"
PAPER:2026-07-30:KXMLBSPREAD-26JUL301915WSHATL-WSH2,2026-07-30,824894,WSH @ ATL,KXMLBSPREAD-26JUL301915WSHATL-WSH2,,winning_margin,,full_game,WSH,1.5,,WSH,PAPER_SPREAD_LEDGER,,,exact_ticker,7.0,,,7.0,6.5,,,,,,,,,37.276,7.0,30.276,,HIGH,PAPER_ONLY_REAL_MONEY_BLOCKED,SUPPORTED,,PENDING,,,,,,,,,,,,full_game,,"[""RULE_81""]","{""alternateLine"": false, ""rank"": 3}",CLEAN,[],PAPER,False,5.0,,,"[""RULE_81""]"
PAPER:2026-07-30:KXMLBSPREAD-26JUL301915WSHATL-WSH3,2026-07-30,824894,WSH @ ATL,KXMLBSPREAD-26JUL301915WSHATL-WSH3,,winning_margin,,full_game,WSH,2.5,,WSH,PAPER_SPREAD_LEDGER,,,exact_ticker,5.0,,,5.0,4.0,,,,,,,,,25.545,5.0,20.545,,HIGH,PAPER_ONLY_REAL_MONEY_BLOCKED,SUPPORTED,,PENDING,,,,,,,,,,,,full_game,,"[""RULE_81""]","{""alternateLine"": true, ""rank"": 13}",CLEAN,[],PAPER,False,5.0,,,"[""RULE_81""]"
PAPER:2026-07-30:KXMLBSPREAD-26JUL301915WSHATL-WSH4,2026-07-30,824894,WSH @ ATL,KXMLBSPREAD-26JUL301915WSHATL-WSH4,,winning_margin,,full_game,WSH,3.5,,WSH,PAPER_SPREAD_LEDGER,,,exact_ticker,3.0,,,3.0,2.0,,,,,,,,,16.173,3.0,13.173,,HIGH,PAPER_ONLY_REAL_MONEY_BLOCKED,SUPPORTED,,PENDING,,,,,,,,,,,,full_game,,"[""RULE_81""]","{""alternateLine"": true, ""rank"": 30}",CLEAN,[],PAPER,False,5.0,,,"[""RULE_81""]"
PAPER:2026-07-30:KXMLBSPREAD-26JUL301915WSHATL-WSH5,2026-07-30,824894,WSH @ ATL,KXMLBSPREAD-26JUL301915WSHATL-WSH5,,winning_margin,,full_game,WSH,4.5,,WSH,PAPER_SPREAD_LEDGER,,,exact_ticker,2.0,,,2.0,1.5,,,,,,,,,9.45,2.0,7.45,,HIGH,PAPER_ONLY_REAL_MONEY_BLOCKED,SUPPORTED,,PENDING,,,,,,,,,,,,full_game,,"[""RULE_81""]","{""alternateLine"": true, ""rank"": 53}",CLEAN,[],PAPER,False,5.0,,,"[""RULE_81""]"
PAPER:2026-07-30:KXMLBSPREAD-26JUL301915WSHATL-WSH6,2026-07-30,824894,WSH @ ATL,KXMLBSPREAD-26JUL301915WSHATL-WSH6,,winning_margin,,full_game,WSH,5.5,,WSH,PAPER_SPREAD_LEDGER,,,exact_ticker,3.0,,,3.0,2.0,,,,,,,,,5.098,3.0,2.098,,MEDIUM,PAPER_ONLY_REAL_MONEY_BLOCKED,SUPPORTED,,PENDING,,,,,,,,,,,,full_game,,"[""RULE_81""]","{""alternateLine"": true, ""rank"": 86}",CLEAN,[],PAPER,False,5.0,,,"[""RULE_81""]"
PAPER:2026-07-30:KXMLBSPREAD-26JUL302140SFSD-SF2,2026-07-30,823271,SF @ SD,KXMLBSPREAD-26JUL302140SFSD-SF2,,winning_margin,,full_game,SF,1.5,,SF,PAPER_SPREAD_LEDGER,,,exact_ticker,29.0,,,29.0,28.5,,,,,,,,,31.75,29.0,2.75,,MEDIUM,PAPER_ONLY_REAL_MONEY_BLOCKED,SUPPORTED,,PENDING,,,,,,,,,,,,full_game,,"[""RULE_81""]","{""alternateLine"": false, ""rank"": 82}",CLEAN,[],PAPER,False,5.0,,,"[""RULE_81""]"
PAPER:2026-07-30:KXMLBSPREAD-26JUL302210SEALAD-SEA2,2026-07-30,823921,SEA @ LAD,KXMLBSPREAD-26JUL302210SEALAD-SEA2,,winning_margin,,full_game,SEA,1.5,,SEA,PAPER_SPREAD_LEDGER,,,exact_ticker,30.0,,,30.0,29.5,,,,,,,,,41.703,30.0,11.703,,HIGH,PAPER_ONLY_REAL_MONEY_BLOCKED,SUPPORTED,,PENDING,,,,,,,,,,,,full_game,,"[""RULE_81""]","{""alternateLine"": false, ""rank"": 36}",CLEAN,[],PAPER,False,5.0,,,"[""RULE_81""]"
PAPER:2026-07-30:KXMLBSPREAD-26JUL302210SEALAD-SEA3,2026-07-30,823921,SEA @ LAD,KXMLBSPREAD-26JUL302210SEALAD-SEA3,,winning_margin,,full_game,SEA,2.5,,SEA,PAPER_SPREAD_LEDGER,,,exact_ticker,22.0,,,22.0,21.5,,,,,,,,,28.233,22.0,6.233,,HIGH,PAPER_ONLY_REAL_MONEY_BLOCKED,SUPPORTED,,PENDING,,,,,,,,,,,,full_game,,"[""RULE_81""]","{""alternateLine"": true, ""rank"": 60}",CLEAN,[],PAPER,False,5.0,,,"[""RULE_81""]"
PAPER:2026-07-30:KXMLBSPREAD-26JUL302210SEALAD-SEA4,2026-07-30,823921,SEA @ LAD,KXMLBSPREAD-26JUL302210SEALAD-SEA4,,winning_margin,,full_game,SEA,3.5,,SEA,PAPER_SPREAD_LEDGER,,,exact_ticker,16.0,,,16.0,15.5,,,,,,,,,17.43,16.0,1.43,,PAPER,PAPER_ONLY_REAL_MONEY_BLOCKED,SUPPORTED,,PENDING,,,,,,,,,,,,full_game,,"[""RULE_81""]","{""alternateLine"": true, ""rank"": 94}",CLEAN,[],PAPER,False,5.0,,,"[""RULE_81""]"
PAPER:2026-07-31:KXMLBF5SPREAD-26JUL311905PHIBAL-BAL2,2026-07-31,824809,PHI @ BAL,KXMLBF5SPREAD-26JUL311905PHIBAL-BAL2,,winning_margin,,F5,BAL,1.5,,BAL,PAPER_SPREAD_LEDGER,,,exact_ticker,32.0,,,32.0,31.5,,,,,,,,,39.227,32.0,7.227,,HIGH,PAPER_ONLY_REAL_MONEY_BLOCKED,SUPPORTED,,PENDING,,,,,,,,,,,,F5,,"[""NOT_YET_ACTIVATED_NO_HISTORICAL_PAPER_SAMPLE""]","{""alternateLine"": false, ""rank"": 69}",CLEAN,[],PAPER,False,5.0,,,"[""NOT_YET_ACTIVATED_NO_HISTORICAL_PAPER_SAMPLE""]"
PAPER:2026-07-31:KXMLBF5SPREAD-26JUL311905PHIBAL-BAL3,2026-07-31,824809,PHI @ BAL,KXMLBF5SPREAD-26JUL311905PHIBAL-BAL3,,winning_margin,,F5,BAL,2.5,,BAL,PAPER_SPREAD_LEDGER,,,exact_ticker,21.0,,,21.0,20.5,,,,,,,,,23.378,21.0,2.378,,MEDIUM,PAPER_ONLY_REAL_MONEY_BLOCKED,SUPPORTED,,PENDING,,,,,,,,,,,,F5,,"[""NOT_YET_ACTIVATED_NO_HISTORICAL_PAPER_SAMPLE""]","{""alternateLine"": true, ""rank"": 127}",CLEAN,[],PAPER,False,5.0,,,"[""NOT_YET_ACTIVATED_NO_HISTORICAL_PAPER_SAMPLE""]"
PAPER:2026-07-31:KXMLBF5SPREAD-26JUL311910AZCLE-AZ2,2026-07-31,824407,AZ @ CLE,KXMLBF5SPREAD-26JUL311910AZCLE-AZ2,,winning_margin,,F5,AZ,1.5,,AZ,PAPER_SPREAD_LEDGER,,,exact_ticker,26.0,,,26.0,25.5,,,,,,,,,29.851,26.0,3.851,,HIGH,PAPER_ONLY_REAL_MONEY_BLOCKED,SUPPORTED,,PENDING,,,,,,,,,,,,F5,,"[""NOT_YET_ACTIVATED_NO_HISTORICAL_PAPER_SAMPLE""]","{""alternateLine"": false, ""rank"": 107}",CLEAN,[],PAPER,False,5.0,,,"[""NOT_YET_ACTIVATED_NO_HISTORICAL_PAPER_SAMPLE""]"
PAPER:2026-07-31:KXMLBF5SPREAD-26JUL311910MIANYM-NYM2,2026-07-31,823593,MIA @ NYM,KXMLBF5SPREAD-26JUL311910MIANYM-NYM2,,winning_margin,,F5,NYM,1.5,,NYM,PAPER_SPREAD_LEDGER,,,exact_ticker,30.0,,,30.0,29.5,,,,,,,,,41.719,30.0,11.719,,HIGH,PAPER_ONLY_REAL_MONEY_BLOCKED,SUPPORTED,,PENDING,,,,,,,,,,,,F5,,"[""NOT_YET_ACTIVATED_NO_HISTORICAL_PAPER_SAMPLE""]","{""alternateLine"": false, ""rank"": 23}",CLEAN,[],PAPER,False,5.0,,,"[""NOT_YET_ACTIVATED_NO_HISTORICAL_PAPER_SAMPLE""]"
PAPER:2026-07-31:KXMLBF5SPREAD-26JUL311910MIANYM-NYM3,2026-07-31,823593,MIA @ NYM,KXMLBF5SPREAD-26JUL311910MIANYM-NYM3,,winning_margin,,F5,NYM,2.5,,NYM,PAPER_SPREAD_LEDGER,,,exact_ticker,20.0,,,20.0,19.5,,,,,,,,,23.042,20.0,3.042,,HIGH,PAPER_ONLY_REAL_MONEY_BLOCKED,SUPPORTED,,PENDING,,,,,,,,,,,,F5,,"[""NOT_YET_ACTIVATED_NO_HISTORICAL_PAPER_SAMPLE""]","{""alternateLine"": true, ""rank"": 120}",CLEAN,[],PAPER,False,5.0,,,"[""NOT_YET_ACTIVATED_NO_HISTORICAL_PAPER_SAMPLE""]"
PAPER:2026-07-31:KXMLBF5SPREAD-26JUL312138MILLAA-MIL2,2026-07-31,823999,MIL @ LAA,KXMLBF5SPREAD-26JUL312138MILLAA-MIL2,,winning_margin,,F5,MIL,1.5,,MIL,PAPER_SPREAD_LEDGER,,,exact_ticker,39.0,,,39.0,38.5,,,,,,,,,54.063,39.0,15.063,,HIGH,PAPER_ONLY_REAL_MONEY_BLOCKED,SUPPORTED,,PENDING,,,,,,,,,,,,F5,,"[""NOT_YET_ACTIVATED_NO_HISTORICAL_PAPER_SAMPLE""]","{""alternateLine"": false, ""rank"": 14}",CLEAN,[],PAPER,False,5.0,,,"[""NOT_YET_ACTIVATED_NO_HISTORICAL_PAPER_SAMPLE""]"
PAPER:2026-07-31:KXMLBF5SPREAD-26JUL312138MILLAA-MIL3,2026-07-31,823999,MIL @ LAA,KXMLBF5SPREAD-26JUL312138MILLAA-MIL3,,winning_margin,,F5,MIL,2.5,,MIL,PAPER_SPREAD_LEDGER,,,exact_ticker,28.0,,,28.0,26.5,,,,,,,,,35.616,28.0,7.616,,HIGH,PAPER_ONLY_REAL_MONEY_BLOCKED,SUPPORTED,,PENDING,,,,,,,,,,,,F5,,"[""NOT_YET_ACTIVATED_NO_HISTORICAL_PAPER_SAMPLE""]","{""alternateLine"": true, ""rank"": 63}",CLEAN,[],PAPER,False,5.0,,,"[""NOT_YET_ACTIVATED_NO_HISTORICAL_PAPER_SAMPLE""]"
PAPER:2026-07-31:KXMLBF5SPREAD-26JUL312145SFSD-SD2,2026-07-31,823272,SF @ SD,KXMLBF5SPREAD-26JUL312145SFSD-SD2,,winning_margin,,F5,SD,1.5,,SD,PAPER_SPREAD_LEDGER,,,exact_ticker,33.0,,,33.0,32.5,,,,,,,,,49.3,33.0,16.3,,HIGH,PAPER_ONLY_REAL_MONEY_BLOCKED,SUPPORTED,,PENDING,,,,,,,,,,,,F5,,"[""NOT_YET_ACTIVATED_NO_HISTORICAL_PAPER_SAMPLE""]","{""alternateLine"": false, ""rank"": 11}",CLEAN,[],PAPER,False,5.0,,,"[""NOT_YET_ACTIVATED_NO_HISTORICAL_PAPER_SAMPLE""]"
PAPER:2026-07-31:KXMLBF5SPREAD-26JUL312145SFSD-SD3,2026-07-31,823272,SF @ SD,KXMLBF5SPREAD-26JUL312145SFSD-SD3,,winning_margin,,F5,SD,2.5,,SD,PAPER_SPREAD_LEDGER,,,exact_ticker,23.0,,,23.0,22.5,,,,,,,,,31.525,23.0,8.525,,HIGH,PAPER_ONLY_REAL_MONEY_BLOCKED,SUPPORTED,,PENDING,,,,,,,,,,,,F5,,"[""NOT_YET_ACTIVATED_NO_HISTORICAL_PAPER_SAMPLE""]","{""alternateLine"": true, ""rank"": 50}",CLEAN,[],PAPER,False,5.0,,,"[""NOT_YET_ACTIVATED_NO_HISTORICAL_PAPER_SAMPLE""]"
PAPER:2026-07-31:KXMLBSPREAD-26JUL311905PHIBAL-BAL2,2026-07-31,824809,PHI @ BAL,KXMLBSPREAD-26JUL311905PHIBAL-BAL2,,winning_margin,,full_game,BAL,1.5,,BAL,PAPER_SPREAD_LEDGER,,,exact_ticker,36.0,,,36.0,35.5,,,,,,,,,42.565,36.0,6.565,,HIGH,PAPER_ONLY_REAL_MONEY_BLOCKED,SUPPORTED,,PENDING,,,,,,,,,,,,full_game,,"[""RULE_81""]","{""alternateLine"": false, ""rank"": 77}",CLEAN,[],PAPER,False,5.0,,,"[""RULE_81""]"
PAPER:2026-07-31:KXMLBSPREAD-26JUL311905PHIBAL-BAL3,2026-07-31,824809,PHI @ BAL,KXMLBSPREAD-26JUL311905PHIBAL-BAL3,,winning_margin,,full_game,BAL,2.5,,BAL,PAPER_SPREAD_LEDGER,,,exact_ticker,25.0,,,25.0,24.5,,,,,,,,,29.621,25.0,4.621,,HIGH,PAPER_ONLY_REAL_MONEY_BLOCKED,SUPPORTED,,PENDING,,,,,,,,,,,,full_game,,"[""RULE_81""]","{""alternateLine"": true, ""rank"": 94}",CLEAN,[],PAPER,False,5.0,,,"[""RULE_81""]"
PAPER:2026-07-31:KXMLBSPREAD-26JUL311915WSHATL-WSH2,2026-07-31,824892,WSH @ ATL,KXMLBSPREAD-26JUL311915WSHATL-WSH2,,winning_margin,,full_game,WSH,1.5,,WSH,PAPER_SPREAD_LEDGER,,,exact_ticker,36.0,,,36.0,35.5,,,,,,,,,38.018,36.0,2.018,,MEDIUM,PAPER_ONLY_REAL_MONEY_BLOCKED,SUPPORTED,,PENDING,,,,,,,,,,,,full_game,,"[""RULE_81""]","{""alternateLine"": false, ""rank"": 132}",CLEAN,[],PAPER,False,5.0,,,"[""RULE_81""]"
PAPER:2026-07-31:KXMLBSPREAD-26JUL312138MILLAA-MIL2,2026-07-31,823999,MIL @ LAA,KXMLBSPREAD-26JUL312138MILLAA-MIL2,,winning_margin,,full_game,MIL,1.5,,MIL,PAPER_SPREAD_LEDGER,,,exact_ticker,50.0,,,50.0,49.5,,,,,,,,,59.946,50.0,9.946,,HIGH,PAPER_ONLY_REAL_MONEY_BLOCKED,SUPPORTED,,PENDING,,,,,,,,,,,,full_game,,"[""RULE_81""]","{""alternateLine"": false, ""rank"": 39}",CLEAN,[],PAPER,False,5.0,,,"[""RULE_81""]"
PAPER:2026-07-31:KXMLBSPREAD-26JUL312138MILLAA-MIL3,2026-07-31,823999,MIL @ LAA,KXMLBSPREAD-26JUL312138MILLAA-MIL3,,winning_margin,,full_game,MIL,2.5,,MIL,PAPER_SPREAD_LEDGER,,,exact_ticker,39.0,,,39.0,38.5,,,,,,,,,45.912,39.0,6.912,,HIGH,PAPER_ONLY_REAL_MONEY_BLOCKED,SUPPORTED,,PENDING,,,,,,,,,,,,full_game,,"[""RULE_81""]","{""alternateLine"": true, ""rank"": 74}",CLEAN,[],PAPER,False,5.0,,,"[""RULE_81""]"
PAPER:2026-07-31:KXMLBSPREAD-26JUL312138MILLAA-MIL4,2026-07-31,823999,MIL @ LAA,KXMLBSPREAD-26JUL312138MILLAA-MIL4,,winning_margin,,full_game,MIL,3.5,,MIL,PAPER_SPREAD_LEDGER,,,exact_ticker,30.0,,,30.0,29.5,,,,,,,,,32.549,30.0,2.549,,MEDIUM,PAPER_ONLY_REAL_MONEY_BLOCKED,SUPPORTED,,PENDING,,,,,,,,,,,,full_game,,"[""RULE_81""]","{""alternateLine"": true, ""rank"": 125}",CLEAN,[],PAPER,False,5.0,,,"[""RULE_81""]"
PAPER:2026-07-31:KXMLBSPREAD-26JUL312140DETATH-DET2,2026-07-31,824975,DET @ ATH,KXMLBSPREAD-26JUL312140DETATH-DET2,,winning_margin,,full_game,DET,1.5,,DET,PAPER_SPREAD_LEDGER,,,exact_ticker,47.0,,,47.0,46.5,,,,,,,,,55.123,47.0,8.123,,HIGH,PAPER_ONLY_REAL_MONEY_BLOCKED,SUPPORTED,,PENDING,,,,,,,,,,,,full_game,,"[""RULE_81""]","{""alternateLine"": false, ""rank"": 57}",CLEAN,[],PAPER,False,5.0,,,"[""RULE_81""]"
PAPER:2026-07-31:KXMLBSPREAD-26JUL312140DETATH-DET3,2026-07-31,824975,DET @ ATH,KXMLBSPREAD-26JUL312140DETATH-DET3,,winning_margin,,full_game,DET,2.5,,DET,PAPER_SPREAD_LEDGER,,,exact_ticker,38.0,,,38.0,37.5,,,,,,,,,41.919,38.0,3.919,,HIGH,PAPER_ONLY_REAL_MONEY_BLOCKED,SUPPORTED,,PENDING,,,,,,,,,,,,full_game,,"[""RULE_81""]","{""alternateLine"": true, ""rank"": 104}",CLEAN,[],PAPER,False,5.0,,,"[""RULE_81""]"
PAPER:2026-07-31:KXMLBSPREAD-26JUL312145SFSD-SD2,2026-07-31,823272,SF @ SD,KXMLBSPREAD-26JUL312145SFSD-SD2,,winning_margin,,full_game,SD,1.5,,SD,PAPER_SPREAD_LEDGER,,,exact_ticker,40.0,,,40.0,39.5,,,,,,,,,51.682,40.0,11.682,,HIGH,PAPER_ONLY_REAL_MONEY_BLOCKED,SUPPORTED,,PENDING,,,,,,,,,,,,full_game,,"[""RULE_81""]","{""alternateLine"": false, ""rank"": 24}",CLEAN,[],PAPER,False,5.0,,,"[""RULE_81""]"
PAPER:2026-07-31:KXMLBSPREAD-26JUL312145SFSD-SD3,2026-07-31,823272,SF @ SD,KXMLBSPREAD-26JUL312145SFSD-SD3,,winning_margin,,full_game,SD,2.5,,SD,PAPER_SPREAD_LEDGER,,,exact_ticker,29.0,,,29.0,28.5,,,,,,,,,38.037,29.0,9.037,,HIGH,PAPER_ONLY_REAL_MONEY_BLOCKED,SUPPORTED,,PENDING,,,,,,,,,,,,full_game,,"[""RULE_81""]","{""alternateLine"": true, ""rank"": 44}",CLEAN,[],PAPER,False,5.0,,,"[""RULE_81""]"
PAPER:2026-07-31:KXMLBSPREAD-26JUL312145SFSD-SD4,2026-07-31,823272,SF @ SD,KXMLBSPREAD-26JUL312145SFSD-SD4,,winning_margin,,full_game,SD,3.5,,SD,PAPER_SPREAD_LEDGER,,,exact_ticker,21.0,,,21.0,20.5,,,,,,,,,25.878,21.0,4.878,,HIGH,PAPER_ONLY_REAL_MONEY_BLOCKED,SUPPORTED,,PENDING,,,,,,,,,,,,full_game,,"[""RULE_81""]","{""alternateLine"": true, ""rank"": 92}",CLEAN,[],PAPER,False,5.0,,,"[""RULE_81""]"
PAPER:2026-07-31:KXMLBSPREAD-26JUL312210MINSEA-SEA2,2026-07-31,823111,MIN @ SEA,KXMLBSPREAD-26JUL312210MINSEA-SEA2,,winning_margin,,full_game,SEA,1.5,,SEA,PAPER_SPREAD_LEDGER,,,exact_ticker,42.0,,,42.0,41.5,,,,,,,,,43.164,42.0,1.164,,PAPER,PAPER_ONLY_REAL_MONEY_BLOCKED,SUPPORTED,,PENDING,,,,,,,,,,,,full_game,,"[""RULE_81""]","{""alternateLine"": false, ""rank"": 143}",CLEAN,[],PAPER,False,5.0,,,"[""RULE_81""]"
PAPER:2026-08-01:KXMLBF3-26AUG011840PITCIN-PIT,2026-08-01,824485,PIT @ CIN,KXMLBF3-26AUG011840PITCIN-PIT,,inning_result,,F3,Away,,,Away,PAPER_SPREAD_LEDGER,,,exact_ticker,38.0,,,38.0,37.5,,,,,,,,,66.94,38.0,28.94,,HIGH,PAPER_ONLY_REAL_MONEY_BLOCKED,SUPPORTED,,PENDING,,,,,,,,,,,,F3,,"[""NOT_YET_ACTIVATED_NO_HISTORICAL_PAPER_SAMPLE""]","{""alternateLine"": null, ""rank"": 20}",CLEAN,[],PAPER,False,5.0,,,"[""NOT_YET_ACTIVATED_NO_HISTORICAL_PAPER_SAMPLE""]"
PAPER:2026-08-01:KXMLBF3-26AUG011905PHIBAL-BAL,2026-08-01,824808,PHI @ BAL,KXMLBF3-26AUG011905PHIBAL-BAL,,inning_result,,F3,Home,,,Home,PAPER_SPREAD_LEDGER,,,exact_ticker,32.0,,,32.0,31.5,,,,,,,,,43.136,32.0,11.136,,HIGH,PAPER_ONLY_REAL_MONEY_BLOCKED,SUPPORTED,,PENDING,,,,,,,,,,,,F3,,"[""NOT_YET_ACTIVATED_NO_HISTORICAL_PAPER_SAMPLE""]","{""alternateLine"": null, ""rank"": 68}",CLEAN,[],PAPER,False,5.0,,,"[""NOT_YET_ACTIVATED_NO_HISTORICAL_PAPER_SAMPLE""]"
PAPER:2026-08-01:KXMLBF3-26AUG011905PHIBAL-PHI,2026-08-01,824808,PHI @ BAL,KXMLBF3-26AUG011905PHIBAL-PHI,,inning_result,,F3,Away,,,Away,PAPER_SPREAD_LEDGER,,,exact_ticker,45.0,,,45.0,44.0,,,,,,,,,56.864,45.0,11.864,,HIGH,PAPER_ONLY_REAL_MONEY_BLOCKED,SUPPORTED,,PENDING,,,,,,,,,,,,F3,,"[""NOT_YET_ACTIVATED_NO_HISTORICAL_PAPER_SAMPLE""]","{""alternateLine"": null, ""rank"": 64}",CLEAN,[],PAPER,False,5.0,,,"[""NOT_YET_ACTIVATED_NO_HISTORICAL_PAPER_SAMPLE""]"
PAPER:2026-08-01:KXMLBF3-26AUG011905PHIBAL-TIE,2026-08-01,824808,PHI @ BAL,KXMLBF3-26AUG011905PHIBAL-TIE,,inning_result,,F3,Tie,,,Tie,PAPER_SPREAD_LEDGER,,,exact_ticker,25.0,,,25.0,24.0,,,,,,,,,29.794,25.0,4.794,,HIGH,PAPER_ONLY_REAL_MONEY_BLOCKED,SUPPORTED,,PENDING,,,,,,,,,,,,F3,,"[""NOT_YET_ACTIVATED_NO_HISTORICAL_PAPER_SAMPLE""]","{""alternateLine"": null, ""rank"": 156}",CLEAN,[],PAPER,False,5.0,,,"[""NOT_YET_ACTIVATED_NO_HISTORICAL_PAPER_SAMPLE""]"
PAPER:2026-08-01:KXMLBF3-26AUG011910TEXHOU-TEX,2026-08-01,824162,TEX @ HOU,KXMLBF3-26AUG011910TEXHOU-TEX,,inning_result,,F3,Away,,,Away,PAPER_SPREAD_LEDGER,,,exact_ticker,42.0,,,42.0,41.5,,,,,,,,,67.276,42.0,25.276,,HIGH,PAPER_ONLY_REAL_MONEY_BLOCKED,SUPPORTED,,PENDING,,,,,,,,,,,,F3,,"[""NOT_YET_ACTIVATED_NO_HISTORICAL_PAPER_SAMPLE""]","{""alternateLine"": null, ""rank"": 22}",CLEAN,[],PAPER,False,5.0,,,"[""NOT_YET_ACTIVATED_NO_HISTORICAL_PAPER_SAMPLE""]"
PAPER:2026-08-01:KXMLBF3-26AUG011915AZCLE-AZ,2026-08-01,824405,AZ @ CLE,KXMLBF3-26AUG011915AZCLE-AZ,,inning_result,,F3,Away,,,Away,PAPER_SPREAD_LEDGER,,,exact_ticker,31.0,,,31.0,30.5,,,,,,,,,32.84,31.0,1.84,,MEDIUM,PAPER_ONLY_REAL_MONEY_BLOCKED,SUPPORTED,,PENDING,,,,,,,,,,,,F3,,"[""NOT_YET_ACTIVATED_NO_HISTORICAL_PAPER_SAMPLE""]","{""alternateLine"": null, ""rank"": 213}",CLEAN,[],PAPER,False,5.0,,,"[""NOT_YET_ACTIVATED_NO_HISTORICAL_PAPER_SAMPLE""]"
PAPER:2026-08-01:KXMLBF3-26AUG011915AZCLE-CLE,2026-08-01,824405,AZ @ CLE,KXMLBF3-26AUG011915AZCLE-CLE,,inning_result,,F3,Home,,,Home,PAPER_SPREAD_LEDGER,,,exact_ticker,44.0,,,44.0,43.5,,,,,,,,,67.16,44.0,23.16,,HIGH,PAPER_ONLY_REAL_MONEY_BLOCKED,SUPPORTED,,PENDING,,,,,,,,,,,,F3,,"[""NOT_YET_ACTIVATED_NO_HISTORICAL_PAPER_SAMPLE""]","{""alternateLine"": null, ""rank"": 26}",CLEAN,[],PAPER,False,5.0,,,"[""NOT_YET_ACTIVATED_NO_HISTORICAL_PAPER_SAMPLE""]"
PAPER:2026-08-01:KXMLBF3-26AUG011915NYYCHC-CHC,2026-08-01,824649,NYY @ CHC,KXMLBF3-26AUG011915NYYCHC-CHC,,inning_result,,F3,Home,,,Home,PAPER_SPREAD_LEDGER,,,exact_ticker,34.0,,,34.0,33.5,,,,,,,,,41.229,34.0,7.229,,HIGH,PAPER_ONLY_REAL_MONEY_BLOCKED,SUPPORTED,,PENDING,,,,,,,,,,,,F3,,"[""NOT_YET_ACTIVATED_NO_HISTORICAL_PAPER_SAMPLE""]","{""alternateLine"": null, ""rank"": 113}",CLEAN,[],PAPER,False,5.0,,,"[""NOT_YET_ACTIVATED_NO_HISTORICAL_PAPER_SAMPLE""]"
PAPER:2026-08-01:KXMLBF3-26AUG011915NYYCHC-NYY,2026-08-01,824649,NYY @ CHC,KXMLBF3-26AUG011915NYYCHC-NYY,,inning_result,,F3,Away,,,Away,PAPER_SPREAD_LEDGER,,,exact_ticker,35.0,,,35.0,34.0,,,,,,,,,58.771,35.0,23.771,,HIGH,PAPER_ONLY_REAL_MONEY_BLOCKED,SUPPORTED,,PENDING,,,,,,,,,,,,F3,,"[""NOT_YET_ACTIVATED_NO_HISTORICAL_PAPER_SAMPLE""]","{""alternateLine"": null, ""rank"": 25}",CLEAN,[],PAPER,False,5.0,,,"[""NOT_YET_ACTIVATED_NO_HISTORICAL_PAPER_SAMPLE""]"
PAPER:2026-08-01:KXMLBF3-26AUG011915WSHATL-ATL,2026-08-01,824890,WSH @ ATL,KXMLBF3-26AUG011915WSHATL-ATL,,inning_result,,F3,Home,,,Home,PAPER_SPREAD_LEDGER,,,exact_ticker,47.0,,,47.0,46.5,,,,,,,,,57.689,47.0,10.689,,HIGH,PAPER_ONLY_REAL_MONEY_BLOCKED,SUPPORTED,,PENDING,,,,,,,,,,,,F3,,"[""NOT_YET_ACTIVATED_NO_HISTORICAL_PAPER_SAMPLE""]","{""alternateLine"": null, ""rank"": 73}",CLEAN,[],PAPER,False,5.0,,,"[""NOT_YET_ACTIVATED_NO_HISTORICAL_PAPER_SAMPLE""]"
PAPER:2026-08-01:KXMLBF3-26AUG011915WSHATL-TIE,2026-08-01,824890,WSH @ ATL,KXMLBF3-26AUG011915WSHATL-TIE,,inning_result,,F3,Tie,,,Tie,PAPER_SPREAD_LEDGER,,,exact_ticker,20.0,,,20.0,19.5,,,,,,,,,22.336,20.0,2.336,,MEDIUM,PAPER_ONLY_REAL_MONEY_BLOCKED,SUPPORTED,,PENDING,,,,,,,,,,,,F3,,"[""NOT_YET_ACTIVATED_NO_HISTORICAL_PAPER_SAMPLE""]","{""alternateLine"": null, ""rank"": 203}",CLEAN,[],PAPER,False,5.0,,,"[""NOT_YET_ACTIVATED_NO_HISTORICAL_PAPER_SAMPLE""]"
PAPER:2026-08-01:KXMLBF3-26AUG011915WSHATL-WSH,2026-08-01,824890,WSH @ ATL,KXMLBF3-26AUG011915WSHATL-WSH,,inning_result,,F3,Away,,,Away,PAPER_SPREAD_LEDGER,,,exact_ticker,34.0,,,34.0,33.0,,,,,,,,,42.311,34.0,8.311,,HIGH,PAPER_ONLY_REAL_MONEY_BLOCKED,SUPPORTED,,PENDING,,,,,,,,,,,,F3,,"[""NOT_YET_ACTIVATED_NO_HISTORICAL_PAPER_SAMPLE""]","{""alternateLine"": null, ""rank"": 95}",CLEAN,[],PAPER,False,5.0,,,"[""NOT_YET_ACTIVATED_NO_HISTORICAL_PAPER_SAMPLE""]"
PAPER:2026-08-01:KXMLBF3-26AUG012010KCCOL-KC,2026-08-01,824326,KC @ COL,KXMLBF3-26AUG012010KCCOL-KC,,inning_result,,F3,Away,,,Away,PAPER_SPREAD_LEDGER,,,exact_ticker,40.0,,,40.0,39.0,,,,,,,,,59.52,40.0,19.52,,HIGH,PAPER_ONLY_REAL_MONEY_BLOCKED,SUPPORTED,,PENDING,,,,,,,,,,,,F3,,"[""NOT_YET_ACTIVATED_NO_HISTORICAL_PAPER_SAMPLE""]","{""alternateLine"": null, ""rank"": 30}",CLEAN,[],PAPER,False,5.0,,,"[""NOT_YET_ACTIVATED_NO_HISTORICAL_PAPER_SAMPLE""]"
PAPER:2026-08-01:KXMLBF3-26AUG012010KCCOL-TIE,2026-08-01,824326,KC @ COL,KXMLBF3-26AUG012010KCCOL-TIE,,inning_result,,F3,Tie,,,Tie,PAPER_SPREAD_LEDGER,,,exact_ticker,19.0,,,19.0,18.5,,,,,,,,,23.34,19.0,4.34,,HIGH,PAPER_ONLY_REAL_MONEY_BLOCKED,SUPPORTED,,PENDING,,,,,,,,,,,,F3,,"[""NOT_YET_ACTIVATED_NO_HISTORICAL_PAPER_SAMPLE""]","{""alternateLine"": null, ""rank"": 165}",CLEAN,[],PAPER,False,5.0,,,"[""NOT_YET_ACTIVATED_NO_HISTORICAL_PAPER_SAMPLE""]"
PAPER:2026-08-01:KXMLBF3-26AUG012040SFSD-SD,2026-08-01,823269,SF @ SD,KXMLBF3-26AUG012040SFSD-SD,,inning_result,,F3,Home,,,Home,PAPER_SPREAD_LEDGER,,,exact_ticker,42.0,,,42.0,40.5,,,,,,,,,53.119,42.0,11.119,,HIGH,PAPER_ONLY_REAL_MONEY_BLOCKED,SUPPORTED,,PENDING,,,,,,,,,,,,F3,,"[""NOT_YET_ACTIVATED_NO_HISTORICAL_PAPER_SAMPLE""]","{""alternateLine"": null, ""rank"": 69}",CLEAN,[],PAPER,False,5.0,,,"[""NOT_YET_ACTIVATED_NO_HISTORICAL_PAPER_SAMPLE""]"
PAPER:2026-08-01:KXMLBF3-26AUG012040SFSD-SF,2026-08-01,823269,SF @ SD,KXMLBF3-26AUG012040SFSD-SF,,inning_result,,F3,Away,,,Away,PAPER_SPREAD_LEDGER,,,exact_ticker,37.0,,,37.0,35.5,,,,,,,,,46.881,37.0,9.881,,HIGH,PAPER_ONLY_REAL_MONEY_BLOCKED,SUPPORTED,,PENDING,,,,,,,,,,,,F3,,"[""NOT_YET_ACTIVATED_NO_HISTORICAL_PAPER_SAMPLE""]","{""alternateLine"": null, ""rank"": 81}",CLEAN,[],PAPER,False,5.0,,,"[""NOT_YET_ACTIVATED_NO_HISTORICAL_PAPER_SAMPLE""]"
PAPER:2026-08-01:KXMLBF3-26AUG012110BOSLAD-BOS,2026-08-01,823920,BOS @ LAD,KXMLBF3-26AUG012110BOSLAD-BOS,,inning_result,,F3,Away,,,Away,PAPER_SPREAD_LEDGER,,,exact_ticker,29.0,,,29.0,28.5,,,,,,,,,48.16,29.0,19.16,,HIGH,PAPER_ONLY_REAL_MONEY_BLOCKED,SUPPORTED,,PENDING,,,,,,,,,,,,F3,,"[""NOT_YET_ACTIVATED_NO_HISTORICAL_PAPER_SAMPLE""]","{""alternateLine"": null, ""rank"": 34}",CLEAN,[],PAPER,False,5.0,,,"[""NOT_YET_ACTIVATED_NO_HISTORICAL_PAPER_SAMPLE""]"
PAPER:2026-08-01:KXMLBF3-26AUG012110BOSLAD-LAD,2026-08-01,823920,BOS @ LAD,KXMLBF3-26AUG012110BOSLAD-LAD,,inning_result,,F3,Home,,,Home,PAPER_SPREAD_LEDGER,,,exact_ticker,43.0,,,43.0,42.5,,,,,,,,,51.84,43.0,8.84,,HIGH,PAPER_ONLY_REAL_MONEY_BLOCKED,SUPPORTED,,PENDING,,,,,,,,,,,,F3,,"[""NOT_YET_ACTIVATED_NO_HISTORICAL_PAPER_SAMPLE""]","{""alternateLine"": null, ""rank"": 90}",CLEAN,[],PAPER,False,5.0,,,"[""NOT_YET_ACTIVATED_NO_HISTORICAL_PAPER_SAMPLE""]"
PAPER:2026-08-01:KXMLBF3-26AUG012110BOSLAD-TIE,2026-08-01,823920,BOS @ LAD,KXMLBF3-26AUG012110BOSLAD-TIE,,inning_result,,F3,Tie,,,Tie,PAPER_SPREAD_LEDGER,,,exact_ticker,28.0,,,28.0,27.5,,,,,,,,,29.024,28.0,1.024,,PAPER,PAPER_ONLY_REAL_MONEY_BLOCKED,SUPPORTED,,PENDING,,,,,,,,,,,,F3,,"[""NOT_YET_ACTIVATED_NO_HISTORICAL_PAPER_SAMPLE""]","{""alternateLine"": null, ""rank"": 229}",CLEAN,[],PAPER,False,5.0,,,"[""NOT_YET_ACTIVATED_NO_HISTORICAL_PAPER_SAMPLE""]"
PAPER:2026-08-01:KXMLBF3-26AUG012138MILLAA-LAA,2026-08-01,824000,MIL @ LAA,KXMLBF3-26AUG012138MILLAA-LAA,,inning_result,,F3,Home,,,Home,PAPER_SPREAD_LEDGER,,,exact_ticker,36.0,,,36.0,35.5,,,,,,,,,54.014,36.0,18.014,,HIGH,PAPER_ONLY_REAL_MONEY_BLOCKED,SUPPORTED,,PENDING,,,,,,,,,,,,F3,,"[""NOT_YET_ACTIVATED_NO_HISTORICAL_PAPER_SAMPLE""]","{""alternateLine"": null, ""rank"": 38}",CLEAN,[],PAPER,False,5.0,,,"[""NOT_YET_ACTIVATED_NO_HISTORICAL_PAPER_SAMPLE""]"
PAPER:2026-08-01:KXMLBF3-26AUG012138MILLAA-MIL,2026-08-01,824000,MIL @ LAA,KXMLBF3-26AUG012138MILLAA-MIL,,inning_result,,F3,Away,,,Away,PAPER_SPREAD_LEDGER,,,exact_ticker,41.0,,,41.0,40.5,,,,,,,,,45.986,41.0,4.986,,HIGH,PAPER_ONLY_REAL_MONEY_BLOCKED,SUPPORTED,,PENDING,,,,,,,,,,,,F3,,"[""NOT_YET_ACTIVATED_NO_HISTORICAL_PAPER_SAMPLE""]","{""alternateLine"": null, ""rank"": 150}",CLEAN,[],PAPER,False,5.0,,,"[""NOT_YET_ACTIVATED_NO_HISTORICAL_PAPER_SAMPLE""]"
PAPER:2026-08-01:KXMLBF3-26AUG012138MILLAA-TIE,2026-08-01,824000,MIL @ LAA,KXMLBF3-26AUG012138MILLAA-TIE,,inning_result,,F3,Tie,,,Tie,PAPER_SPREAD_LEDGER,,,exact_ticker,23.0,,,23.0,22.5,,,,,,,,,26.014,23.0,3.014,,HIGH,PAPER_ONLY_REAL_MONEY_BLOCKED,SUPPORTED,,PENDING,,,,,,,,,,,,F3,,"[""NOT_YET_ACTIVATED_NO_HISTORICAL_PAPER_SAMPLE""]","{""alternateLine"": null, ""rank"": 186}",CLEAN,[],PAPER,False,5.0,,,"[""NOT_YET_ACTIVATED_NO_HISTORICAL_PAPER_SAMPLE""]"
PAPER:2026-08-01:KXMLBF3-26AUG012140DETATH-ATH,2026-08-01,824972,DET @ ATH,KXMLBF3-26AUG012140DETATH-ATH,,inning_result,,F3,Home,,,Home,PAPER_SPREAD_LEDGER,,,exact_ticker,35.0,,,35.0,34.5,,,,,,,,,40.933,35.0,5.933,,HIGH,PAPER_ONLY_REAL_MONEY_BLOCKED,SUPPORTED,,PENDING,,,,,,,,,,,,F3,,"[""NOT_YET_ACTIVATED_NO_HISTORICAL_PAPER_SAMPLE""]","{""alternateLine"": null, ""rank"": 136}",CLEAN,[],PAPER,False,5.0,,,"[""NOT_YET_ACTIVATED_NO_HISTORICAL_PAPER_SAMPLE""]"
PAPER:2026-08-01:KXMLBF3-26AUG012140DETATH-DET,2026-08-01,824972,DET @ ATH,KXMLBF3-26AUG012140DETATH-DET,,inning_result,,F3,Away,,,Away,PAPER_SPREAD_LEDGER,,,exact_ticker,46.0,,,46.0,45.0,,,,,,,,,59.067,46.0,13.067,,HIGH,PAPER_ONLY_REAL_MONEY_BLOCKED,SUPPORTED,,PENDING,,,,,,,,,,,,F3,,"[""NOT_YET_ACTIVATED_NO_HISTORICAL_PAPER_SAMPLE""]","{""alternateLine"": null, ""rank"": 56}",CLEAN,[],PAPER,False,5.0,,,"[""NOT_YET_ACTIVATED_NO_HISTORICAL_PAPER_SAMPLE""]"
PAPER:2026-08-01:KXMLBF3-26AUG012140DETATH-TIE,2026-08-01,824972,DET @ ATH,KXMLBF3-26AUG012140DETATH-TIE,,inning_result,,F3,Tie,,,Tie,PAPER_SPREAD_LEDGER,,,exact_ticker,19.0,,,19.0,18.5,,,,,,,,,25.12,19.0,6.12,,HIGH,PAPER_ONLY_REAL_MONEY_BLOCKED,SUPPORTED,,PENDING,,,,,,,,,,,,F3,,"[""NOT_YET_ACTIVATED_NO_HISTORICAL_PAPER_SAMPLE""]","{""alternateLine"": null, ""rank"": 134}",CLEAN,[],PAPER,False,5.0,,,"[""NOT_YET_ACTIVATED_NO_HISTORICAL_PAPER_SAMPLE""]"
PAPER:2026-08-01:KXMLBF5SPREAD-26AUG011840PITCIN-PIT2,2026-08-01,824485,PIT @ CIN,KXMLBF5SPREAD-26AUG011840PITCIN-PIT2,,winning_margin,,F5,PIT,1.5,,PIT,PAPER_SPREAD_LEDGER,,,exact_ticker,31.0,,,31.0,30.5,,,,,,,,,38.233,31.0,7.233,,HIGH,PAPER_ONLY_REAL_MONEY_BLOCKED,SUPPORTED,,PENDING,,,,,,,,,,,,F5,,"[""NOT_YET_ACTIVATED_NO_HISTORICAL_PAPER_SAMPLE""]","{""alternateLine"": false, ""rank"": 112}",CLEAN,[],PAPER,False,5.0,,,"[""NOT_YET_ACTIVATED_NO_HISTORICAL_PAPER_SAMPLE""]"
PAPER:2026-08-01:KXMLBF5SPREAD-26AUG011910TEXHOU-TEX2,2026-08-01,824162,TEX @ HOU,KXMLBF5SPREAD-26AUG011910TEXHOU-TEX2,,winning_margin,,F5,TEX,1.5,,TEX,PAPER_SPREAD_LEDGER,,,exact_ticker,35.0,,,35.0,34.5,,,,,,,,,36.52,35.0,1.52,,MEDIUM,PAPER_ONLY_REAL_MONEY_BLOCKED,SUPPORTED,,PENDING,,,,,,,,,,,,F5,,"[""NOT_YET_ACTIVATED_NO_HISTORICAL_PAPER_SAMPLE""]","{""alternateLine"": false, ""rank"": 218}",CLEAN,[],PAPER,False,5.0,,,"[""NOT_YET_ACTIVATED_NO_HISTORICAL_PAPER_SAMPLE""]"
PAPER:2026-08-01:KXMLBF5SPREAD-26AUG012010KCCOL-KC2,2026-08-01,824326,KC @ COL,KXMLBF5SPREAD-26AUG012010KCCOL-KC2,,winning_margin,,F5,KC,1.5,,KC,PAPER_SPREAD_LEDGER,,,exact_ticker,32.0,,,32.0,31.0,,,,,,,,,39.704,32.0,7.704,,HIGH,PAPER_ONLY_REAL_MONEY_BLOCKED,SUPPORTED,,PENDING,,,,,,,,,,,,F5,,"[""NOT_YET_ACTIVATED_NO_HISTORICAL_PAPER_SAMPLE""]","{""alternateLine"": false, ""rank"": 106}",CLEAN,[],PAPER,False,5.0,,,"[""NOT_YET_ACTIVATED_NO_HISTORICAL_PAPER_SAMPLE""]"
PAPER:2026-08-01:KXMLBF7-26AUG011840PITCIN-PIT,2026-08-01,824485,PIT @ CIN,KXMLBF7-26AUG011840PITCIN-PIT,,inning_result,,F7,Away,,,Away,PAPER_SPREAD_LEDGER,,,exact_ticker,48.0,,,48.0,46.5,,,,,,,,,69.478,48.0,21.478,,HIGH,PAPER_ONLY_REAL_MONEY_BLOCKED,SUPPORTED,,PENDING,,,,,,,,,,,,F7,,"[""NOT_YET_ACTIVATED_NO_HISTORICAL_PAPER_SAMPLE""]","{""alternateLine"": null, ""rank"": 27}",CLEAN,[],PAPER,False,5.0,,,"[""NOT_YET_ACTIVATED_NO_HISTORICAL_PAPER_SAMPLE""]"
PAPER:2026-08-01:KXMLBF7-26AUG011840PITCIN-TIE,2026-08-01,824485,PIT @ CIN,KXMLBF7-26AUG011840PITCIN-TIE,,inning_result,,F7,Tie,,,Tie,PAPER_SPREAD_LEDGER,,,exact_ticker,13.0,,,13.0,12.5,,,,,,,,,17.102,13.0,4.102,,HIGH,PAPER_ONLY_REAL_MONEY_BLOCKED,SUPPORTED,,PENDING,,,,,,,,,,,,F7,,"[""NOT_YET_ACTIVATED_NO_HISTORICAL_PAPER_SAMPLE""]","{""alternateLine"": null, ""rank"": 171}",CLEAN,[],PAPER,False,5.0,,,"[""NOT_YET_ACTIVATED_NO_HISTORICAL_PAPER_SAMPLE""]"
PAPER:2026-08-01:KXMLBF7-26AUG011905PHIBAL-BAL,2026-08-01,824808,PHI @ BAL,KXMLBF7-26AUG011905PHIBAL-BAL,,inning_result,,F7,Home,,,Home,PAPER_SPREAD_LEDGER,,,exact_ticker,38.0,,,38.0,37.0,,,,,,,,,42.85,38.0,4.85,,HIGH,PAPER_ONLY_REAL_MONEY_BLOCKED,SUPPORTED,,PENDING,,,,,,,,,,,,F7,,"[""NOT_YET_ACTIVATED_NO_HISTORICAL_PAPER_SAMPLE""]","{""alternateLine"": null, ""rank"": 153}",CLEAN,[],PAPER,False,5.0,,,"[""NOT_YET_ACTIVATED_NO_HISTORICAL_PAPER_SAMPLE""]"
PAPER:2026-08-01:KXMLBF7-26AUG011905PHIBAL-PHI,2026-08-01,824808,PHI @ BAL,KXMLBF7-26AUG011905PHIBAL-PHI,,inning_result,,F7,Away,,,Away,PAPER_SPREAD_LEDGER,,,exact_ticker,52.0,,,52.0,51.0,,,,,,,,,57.15,52.0,5.15,,HIGH,PAPER_ONLY_REAL_MONEY_BLOCKED,SUPPORTED,,PENDING,,,,,,,,,,,,F7,,"[""NOT_YET_ACTIVATED_NO_HISTORICAL_PAPER_SAMPLE""]","{""alternateLine"": null, ""rank"": 147}",CLEAN,[],PAPER,False,5.0,,,"[""NOT_YET_ACTIVATED_NO_HISTORICAL_PAPER_SAMPLE""]"
PAPER:2026-08-01:KXMLBF7-26AUG011905PHIBAL-TIE,2026-08-01,824808,PHI @ BAL,KXMLBF7-26AUG011905PHIBAL-TIE,,inning_result,,F7,Tie,,,Tie,PAPER_SPREAD_LEDGER,,,exact_ticker,13.0,,,13.0,12.5,,,,,,,,,20.107,13.0,7.107,,HIGH,PAPER_ONLY_REAL_MONEY_BLOCKED,SUPPORTED,,PENDING,,,,,,,,,,,,F7,,"[""NOT_YET_ACTIVATED_NO_HISTORICAL_PAPER_SAMPLE""]","{""alternateLine"": null, ""rank"": 116}",CLEAN,[],PAPER,False,5.0,,,"[""NOT_YET_ACTIVATED_NO_HISTORICAL_PAPER_SAMPLE""]"
PAPER:2026-08-01:KXMLBF7-26AUG011910TEXHOU-TEX,2026-08-01,824162,TEX @ HOU,KXMLBF7-26AUG011910TEXHOU-TEX,,inning_result,,F7,Away,,,Away,PAPER_SPREAD_LEDGER,,,exact_ticker,50.0,,,50.0,48.5,,,,,,,,,60.556,50.0,10.556,,HIGH,PAPER_ONLY_REAL_MONEY_BLOCKED,SUPPORTED,,PENDING,,,,,,,,,,,,F7,,"[""NOT_YET_ACTIVATED_NO_HISTORICAL_PAPER_SAMPLE""]","{""alternateLine"": null, ""rank"": 75}",CLEAN,[],PAPER,False,5.0,,,"[""NOT_YET_ACTIVATED_NO_HISTORICAL_PAPER_SAMPLE""]"
PAPER:2026-08-01:KXMLBF7-26AUG011910TEXHOU-TIE,2026-08-01,824162,TEX @ HOU,KXMLBF7-26AUG011910TEXHOU-TIE,,inning_result,,F7,Tie,,,Tie,PAPER_SPREAD_LEDGER,,,exact_ticker,13.0,,,13.0,12.5,,,,,,,,,17.974,13.0,4.974,,HIGH,PAPER_ONLY_REAL_MONEY_BLOCKED,SUPPORTED,,PENDING,,,,,,,,,,,,F7,,"[""NOT_YET_ACTIVATED_NO_HISTORICAL_PAPER_SAMPLE""]","{""alternateLine"": null, ""rank"": 151}",CLEAN,[],PAPER,False,5.0,,,"[""NOT_YET_ACTIVATED_NO_HISTORICAL_PAPER_SAMPLE""]"
PAPER:2026-08-01:KXMLBF7-26AUG011915AZCLE-AZ,2026-08-01,824405,AZ @ CLE,KXMLBF7-26AUG011915AZCLE-AZ,,inning_result,,F7,Away,,,Away,PAPER_SPREAD_LEDGER,,,exact_ticker,35.0,,,35.0,34.5,,,,,,,,,40.588,35.0,5.588,,HIGH,PAPER_ONLY_REAL_MONEY_BLOCKED,SUPPORTED,,PENDING,,,,,,,,,,,,F7,,"[""NOT_YET_ACTIVATED_NO_HISTORICAL_PAPER_SAMPLE""]","{""alternateLine"": null, ""rank"": 138}",CLEAN,[],PAPER,False,5.0,,,"[""NOT_YET_ACTIVATED_NO_HISTORICAL_PAPER_SAMPLE""]"
PAPER:2026-08-01:KXMLBF7-26AUG011915AZCLE-CLE,2026-08-01,824405,AZ @ CLE,KXMLBF7-26AUG011915AZCLE-CLE,,inning_result,,F7,Home,,,Home,PAPER_SPREAD_LEDGER,,,exact_ticker,55.0,,,55.0,54.0,,,,,,,,,59.412,55.0,4.412,,HIGH,PAPER_ONLY_REAL_MONEY_BLOCKED,SUPPORTED,,PENDING,,,,,,,,,,,,F7,,"[""NOT_YET_ACTIVATED_NO_HISTORICAL_PAPER_SAMPLE""]","{""alternateLine"": null, ""rank"": 164}",CLEAN,[],PAPER,False,5.0,,,"[""NOT_YET_ACTIVATED_NO_HISTORICAL_PAPER_SAMPLE""]"
PAPER:2026-08-01:KXMLBF7-26AUG011915AZCLE-TIE,2026-08-01,824405,AZ @ CLE,KXMLBF7-26AUG011915AZCLE-TIE,,inning_result,,F7,Tie,,,Tie,PAPER_SPREAD_LEDGER,,,exact_ticker,13.0,,,13.0,12.5,,,,,,,,,19.309,13.0,6.309,,HIGH,PAPER_ONLY_REAL_MONEY_BLOCKED,SUPPORTED,,PENDING,,,,,,,,,,,,F7,,"[""NOT_YET_ACTIVATED_NO_HISTORICAL_PAPER_SAMPLE""]","{""alternateLine"": null, ""rank"": 130}",CLEAN,[],PAPER,False,5.0,,,"[""NOT_YET_ACTIVATED_NO_HISTORICAL_PAPER_SAMPLE""]"
PAPER:2026-08-01:KXMLBF7-26AUG011915NYYCHC-CHC,2026-08-01,824649,NYY @ CHC,KXMLBF7-26AUG011915NYYCHC-CHC,,inning_result,,F7,Home,,,Home,PAPER_SPREAD_LEDGER,,,exact_ticker,43.0,,,43.0,42.5,,,,,,,,,58.432,43.0,15.432,,HIGH,PAPER_ONLY_REAL_MONEY_BLOCKED,SUPPORTED,,PENDING,,,,,,,,,,,,F7,,"[""NOT_YET_ACTIVATED_NO_HISTORICAL_PAPER_SAMPLE""]","{""alternateLine"": null, ""rank"": 43}",CLEAN,[],PAPER,False,5.0,,,"[""NOT_YET_ACTIVATED_NO_HISTORICAL_PAPER_SAMPLE""]"
PAPER:2026-08-01:KXMLBF7-26AUG011915NYYCHC-TIE,2026-08-01,824649,NYY @ CHC,KXMLBF7-26AUG011915NYYCHC-TIE,,inning_result,,F7,Tie,,,Tie,PAPER_SPREAD_LEDGER,,,exact_ticker,15.0,,,15.0,14.5,,,,,,,,,19.873,15.0,4.873,,HIGH,PAPER_ONLY_REAL_MONEY_BLOCKED,SUPPORTED,,PENDING,,,,,,,,,,,,F7,,"[""NOT_YET_ACTIVATED_NO_HISTORICAL_PAPER_SAMPLE""]","{""alternateLine"": null, ""rank"": 152}",CLEAN,[],PAPER,False,5.0,,,"[""NOT_YET_ACTIVATED_NO_HISTORICAL_PAPER_SAMPLE""]"
PAPER:2026-08-01:KXMLBF7-26AUG011915WSHATL-ATL,2026-08-01,824890,WSH @ ATL,KXMLBF7-26AUG011915WSHATL-ATL,,inning_result,,F7,Home,,,Home,PAPER_SPREAD_LEDGER,,,exact_ticker,54.0,,,54.0,53.0,,,,,,,,,72.083,54.0,18.083,,HIGH,PAPER_ONLY_REAL_MONEY_BLOCKED,SUPPORTED,,PENDING,,,,,,,,,,,,F7,,"[""NOT_YET_ACTIVATED_NO_HISTORICAL_PAPER_SAMPLE""]","{""alternateLine"": null, ""rank"": 36}",CLEAN,[],PAPER,False,5.0,,,"[""NOT_YET_ACTIVATED_NO_HISTORICAL_PAPER_SAMPLE""]"
PAPER:2026-08-01:KXMLBF7-26AUG011915WSHATL-TIE,2026-08-01,824890,WSH @ ATL,KXMLBF7-26AUG011915WSHATL-TIE,,inning_result,,F7,Tie,,,Tie,PAPER_SPREAD_LEDGER,,,exact_ticker,11.0,,,11.0,10.5,,,,,,,,,15.125,11.0,4.125,,HIGH,PAPER_ONLY_REAL_MONEY_BLOCKED,SUPPORTED,,PENDING,,,,,,,,,,,,F7,,"[""NOT_YET_ACTIVATED_NO_HISTORICAL_PAPER_SAMPLE""]","{""alternateLine"": null, ""rank"": 170}",CLEAN,[],PAPER,False,5.0,,,"[""NOT_YET_ACTIVATED_NO_HISTORICAL_PAPER_SAMPLE""]"
PAPER:2026-08-01:KXMLBF7-26AUG012010KCCOL-KC,2026-08-01,824326,KC @ COL,KXMLBF7-26AUG012010KCCOL-KC,,inning_result,,F7,Away,,,Away,PAPER_SPREAD_LEDGER,,,exact_ticker,43.0,,,43.0,41.5,,,,,,,,,72.815,43.0,29.815,,HIGH,PAPER_ONLY_REAL_MONEY_BLOCKED,SUPPORTED,,PENDING,,,,,,,,,,,,F7,,"[""NOT_YET_ACTIVATED_NO_HISTORICAL_PAPER_SAMPLE""]","{""alternateLine"": null, ""rank"": 18}",CLEAN,[],PAPER,False,5.0,,,"[""NOT_YET_ACTIVATED_NO_HISTORICAL_PAPER_SAMPLE""]"
PAPER:2026-08-01:KXMLBF7-26AUG012010KCCOL-TIE,2026-08-01,824326,KC @ COL,KXMLBF7-26AUG012010KCCOL-TIE,,inning_result,,F7,Tie,,,Tie,PAPER_SPREAD_LEDGER,,,exact_ticker,11.0,,,11.0,10.5,,,,,,,,,16.335,11.0,5.335,,HIGH,PAPER_ONLY_REAL_MONEY_BLOCKED,SUPPORTED,,PENDING,,,,,,,,,,,,F7,,"[""NOT_YET_ACTIVATED_NO_HISTORICAL_PAPER_SAMPLE""]","{""alternateLine"": null, ""rank"": 139}",CLEAN,[],PAPER,False,5.0,,,"[""NOT_YET_ACTIVATED_NO_HISTORICAL_PAPER_SAMPLE""]"
PAPER:2026-08-01:KXMLBF7-26AUG012040SFSD-SD,2026-08-01,823269,SF @ SD,KXMLBF7-26AUG012040SFSD-SD,,inning_result,,F7,Home,,,Home,PAPER_SPREAD_LEDGER,,,exact_ticker,51.0,,,51.0,49.5,,,,,,,,,53.846,51.0,2.846,,MEDIUM,PAPER_ONLY_REAL_MONEY_BLOCKED,SUPPORTED,,PENDING,,,,,,,,,,,,F7,,"[""NOT_YET_ACTIVATED_NO_HISTORICAL_PAPER_SAMPLE""]","{""alternateLine"": null, ""rank"": 190}",CLEAN,[],PAPER,False,5.0,,,"[""NOT_YET_ACTIVATED_NO_HISTORICAL_PAPER_SAMPLE""]"
PAPER:2026-08-01:KXMLBF7-26AUG012040SFSD-SF,2026-08-01,823269,SF @ SD,KXMLBF7-26AUG012040SFSD-SF,,inning_result,,F7,Away,,,Away,PAPER_SPREAD_LEDGER,,,exact_ticker,40.0,,,40.0,38.5,,,,,,,,,46.154,40.0,6.154,,HIGH,PAPER_ONLY_REAL_MONEY_BLOCKED,SUPPORTED,,PENDING,,,,,,,,,,,,F7,,"[""NOT_YET_ACTIVATED_NO_HISTORICAL_PAPER_SAMPLE""]","{""alternateLine"": null, ""rank"": 133}",CLEAN,[],PAPER,False,5.0,,,"[""NOT_YET_ACTIVATED_NO_HISTORICAL_PAPER_SAMPLE""]"
PAPER:2026-08-01:KXMLBF7-26AUG012040SFSD-TIE,2026-08-01,823269,SF @ SD,KXMLBF7-26AUG012040SFSD-TIE,,inning_result,,F7,Tie,,,Tie,PAPER_SPREAD_LEDGER,,,exact_ticker,13.0,,,13.0,12.5,,,,,,,,,18.207,13.0,5.207,,HIGH,PAPER_ONLY_REAL_MONEY_BLOCKED,SUPPORTED,,PENDING,,,,,,,,,,,,F7,,"[""NOT_YET_ACTIVATED_NO_HISTORICAL_PAPER_SAMPLE""]","{""alternateLine"": null, ""rank"": 143}",CLEAN,[],PAPER,False,5.0,,,"[""NOT_YET_ACTIVATED_NO_HISTORICAL_PAPER_SAMPLE""]"
PAPER:2026-08-01:KXMLBF7-26AUG012110BOSLAD-BOS,2026-08-01,823920,BOS @ LAD,KXMLBF7-26AUG012110BOSLAD-BOS,,inning_result,,F7,Away,,,Away,PAPER_SPREAD_LEDGER,,,exact_ticker,35.0,,,35.0,33.5,,,,,,,,,54.392,35.0,19.392,,HIGH,PAPER_ONLY_REAL_MONEY_BLOCKED,SUPPORTED,,PENDING,,,,,,,,,,,,F7,,"[""NOT_YET_ACTIVATED_NO_HISTORICAL_PAPER_SAMPLE""]","{""alternateLine"": null, ""rank"": 31}",CLEAN,[],PAPER,False,5.0,,,"[""NOT_YET_ACTIVATED_NO_HISTORICAL_PAPER_SAMPLE""]"
PAPER:2026-08-01:KXMLBF7-26AUG012110BOSLAD-TIE,2026-08-01,823920,BOS @ LAD,KXMLBF7-26AUG012110BOSLAD-TIE,,inning_result,,F7,Tie,,,Tie,PAPER_SPREAD_LEDGER,,,exact_ticker,14.0,,,14.0,13.0,,,,,,,,,18.844,14.0,4.844,,HIGH,PAPER_ONLY_REAL_MONEY_BLOCKED,SUPPORTED,,PENDING,,,,,,,,,,,,F7,,"[""NOT_YET_ACTIVATED_NO_HISTORICAL_PAPER_SAMPLE""]","{""alternateLine"": null, ""rank"": 154}",CLEAN,[],PAPER,False,5.0,,,"[""NOT_YET_ACTIVATED_NO_HISTORICAL_PAPER_SAMPLE""]"
PAPER:2026-08-01:KXMLBF7-26AUG012138MILLAA-LAA,2026-08-01,824000,MIL @ LAA,KXMLBF7-26AUG012138MILLAA-LAA,,inning_result,,F7,Home,,,Home,PAPER_SPREAD_LEDGER,,,exact_ticker,41.0,,,41.0,40.0,,,,,,,,,46.182,41.0,5.182,,HIGH,PAPER_ONLY_REAL_MONEY_BLOCKED,SUPPORTED,,PENDING,,,,,,,,,,,,F7,,"[""NOT_YET_ACTIVATED_NO_HISTORICAL_PAPER_SAMPLE""]","{""alternateLine"": null, ""rank"": 145}",CLEAN,[],PAPER,False,5.0,,,"[""NOT_YET_ACTIVATED_NO_HISTORICAL_PAPER_SAMPLE""]"
PAPER:2026-08-01:KXMLBF7-26AUG012138MILLAA-MIL,2026-08-01,824000,MIL @ LAA,KXMLBF7-26AUG012138MILLAA-MIL,,inning_result,,F7,Away,,,Away,PAPER_SPREAD_LEDGER,,,exact_ticker,47.0,,,47.0,46.5,,,,,,,,,53.818,47.0,6.818,,HIGH,PAPER_ONLY_REAL_MONEY_BLOCKED,SUPPORTED,,PENDING,,,,,,,,,,,,F7,,"[""NOT_YET_ACTIVATED_NO_HISTORICAL_PAPER_SAMPLE""]","{""alternateLine"": null, ""rank"": 120}",CLEAN,[],PAPER,False,5.0,,,"[""NOT_YET_ACTIVATED_NO_HISTORICAL_PAPER_SAMPLE""]"
PAPER:2026-08-01:KXMLBF7-26AUG012138MILLAA-TIE,2026-08-01,824000,MIL @ LAA,KXMLBF7-26AUG012138MILLAA-TIE,,inning_result,,F7,Tie,,,Tie,PAPER_SPREAD_LEDGER,,,exact_ticker,11.0,,,11.0,10.0,,,,,,,,,18.551,11.0,7.551,,HIGH,PAPER_ONLY_REAL_MONEY_BLOCKED,SUPPORTED,,PENDING,,,,,,,,,,,,F7,,"[""NOT_YET_ACTIVATED_NO_HISTORICAL_PAPER_SAMPLE""]","{""alternateLine"": null, ""rank"": 107}",CLEAN,[],PAPER,False,5.0,,,"[""NOT_YET_ACTIVATED_NO_HISTORICAL_PAPER_SAMPLE""]"
PAPER:2026-08-01:KXMLBF7-26AUG012140DETATH-ATH,2026-08-01,824972,DET @ ATH,KXMLBF7-26AUG012140DETATH-ATH,,inning_result,,F7,Home,,,Home,PAPER_SPREAD_LEDGER,,,exact_ticker,36.0,,,36.0,35.5,,,,,,,,,49.313,36.0,13.313,,HIGH,PAPER_ONLY_REAL_MONEY_BLOCKED,SUPPORTED,,PENDING,,,,,,,,,,,,F7,,"[""NOT_YET_ACTIVATED_NO_HISTORICAL_PAPER_SAMPLE""]","{""alternateLine"": null, ""rank"": 53}",CLEAN,[],PAPER,False,5.0,,,"[""NOT_YET_ACTIVATED_NO_HISTORICAL_PAPER_SAMPLE""]"
PAPER:2026-08-01:KXMLBF7-26AUG012140DETATH-TIE,2026-08-01,824972,DET @ ATH,KXMLBF7-26AUG012140DETATH-TIE,,inning_result,,F7,Tie,,,Tie,PAPER_SPREAD_LEDGER,,,exact_ticker,10.0,,,10.0,9.5,,,,,,,,,19.028,10.0,9.028,,HIGH,PAPER_ONLY_REAL_MONEY_BLOCKED,SUPPORTED,,PENDING,,,,,,,,,,,,F7,,"[""NOT_YET_ACTIVATED_NO_HISTORICAL_PAPER_SAMPLE""]","{""alternateLine"": null, ""rank"": 88}",CLEAN,[],PAPER,False,5.0,,,"[""NOT_YET_ACTIVATED_NO_HISTORICAL_PAPER_SAMPLE""]"
PAPER:2026-08-01:KXMLBSPREAD-26AUG011840PITCIN-PIT2,2026-08-01,824485,PIT @ CIN,KXMLBSPREAD-26AUG011840PITCIN-PIT2,,winning_margin,,full_game,PIT,1.5,,PIT,PAPER_SPREAD_LEDGER,,,exact_ticker,41.0,,,41.0,40.5,,,,,,,,,49.208,41.0,8.208,,HIGH,PAPER_ONLY_REAL_MONEY_BLOCKED,SUPPORTED,,PENDING,,,,,,,,,,,,full_game,,"[""RULE_81""]","{""alternateLine"": false, ""rank"": 99}",CLEAN,[],PAPER,False,5.0,,,"[""RULE_81""]"
PAPER:2026-08-01:KXMLBSPREAD-26AUG011840PITCIN-PIT3,2026-08-01,824485,PIT @ CIN,KXMLBSPREAD-26AUG011840PITCIN-PIT3,,winning_margin,,full_game,PIT,2.5,,PIT,PAPER_SPREAD_LEDGER,,,exact_ticker,31.0,,,31.0,30.5,,,,,,,,,35.418,31.0,4.418,,HIGH,PAPER_ONLY_REAL_MONEY_BLOCKED,SUPPORTED,,PENDING,,,,,,,,,,,,full_game,,"[""RULE_81""]","{""alternateLine"": true, ""rank"": 163}",CLEAN,[],PAPER,False,5.0,,,"[""RULE_81""]"
PAPER:2026-08-01:KXMLBSPREAD-26AUG011840PITCIN-PIT4,2026-08-01,824485,PIT @ CIN,KXMLBSPREAD-26AUG011840PITCIN-PIT4,,winning_margin,,full_game,PIT,3.5,,PIT,PAPER_SPREAD_LEDGER,,,exact_ticker,22.0,,,22.0,21.5,,,,,,,,,23.459,22.0,1.459,,PAPER,PAPER_ONLY_REAL_MONEY_BLOCKED,SUPPORTED,,PENDING,,,,,,,,,,,,full_game,,"[""RULE_81""]","{""alternateLine"": true, ""rank"": 220}",CLEAN,[],PAPER,False,5.0,,,"[""RULE_81""]"
PAPER:2026-08-01:KXMLBSPREAD-26AUG011910TEXHOU-TEX2,2026-08-01,824162,TEX @ HOU,KXMLBSPREAD-26AUG011910TEXHOU-TEX2,,winning_margin,,full_game,TEX,1.5,,TEX,PAPER_SPREAD_LEDGER,,,exact_ticker,41.0,,,41.0,40.5,,,,,,,,,44.504,41.0,3.504,,HIGH,PAPER_ONLY_REAL_MONEY_BLOCKED,SUPPORTED,,PENDING,,,,,,,,,,,,full_game,,"[""RULE_81""]","{""alternateLine"": false, ""rank"": 178}",CLEAN,[],PAPER,False,5.0,,,"[""RULE_81""]"
PAPER:2026-08-01:KXMLBSPREAD-26AUG011915NYYCHC-NYY2,2026-08-01,824649,NYY @ CHC,KXMLBSPREAD-26AUG011915NYYCHC-NYY2,,winning_margin,,full_game,NYY,1.5,,NYY,PAPER_SPREAD_LEDGER,,,exact_ticker,34.0,,,34.0,33.5,,,,,,,,,39.254,34.0,5.254,,HIGH,PAPER_ONLY_REAL_MONEY_BLOCKED,SUPPORTED,,PENDING,,,,,,,,,,,,full_game,,"[""RULE_81""]","{""alternateLine"": false, ""rank"": 141}",CLEAN,[],PAPER,False,5.0,,,"[""RULE_81""]"
PAPER:2026-08-01:KXMLBSPREAD-26AUG011915NYYCHC-NYY3,2026-08-01,824649,NYY @ CHC,KXMLBSPREAD-26AUG011915NYYCHC-NYY3,,winning_margin,,full_game,NYY,2.5,,NYY,PAPER_SPREAD_LEDGER,,,exact_ticker,24.0,,,24.0,23.5,,,,,,,,,25.978,24.0,1.978,,MEDIUM,PAPER_ONLY_REAL_MONEY_BLOCKED,SUPPORTED,,PENDING,,,,,,,,,,,,full_game,,"[""RULE_81""]","{""alternateLine"": true, ""rank"": 209}",CLEAN,[],PAPER,False,5.0,,,"[""RULE_81""]"
PAPER:2026-08-02:KXMLBF3-26AUG021335PHIBAL-BAL,2026-08-02,824807,PHI @ BAL,KXMLBF3-26AUG021335PHIBAL-BAL,,inning_result,,F3,Home,,,Home,PAPER_SPREAD_LEDGER,,,exact_ticker,31.0,,,31.0,30.5,,,,,,,,,39.565,31.0,8.565,,HIGH,PAPER_ONLY_REAL_MONEY_BLOCKED,SUPPORTED,,PENDING,,,,,,,,,,,,F3,,"[""NOT_YET_ACTIVATED_NO_HISTORICAL_PAPER_SAMPLE""]","{""alternateLine"": null, ""rank"": 85}",CLEAN,[],PAPER,False,5.0,,,"[""NOT_YET_ACTIVATED_NO_HISTORICAL_PAPER_SAMPLE""]"
PAPER:2026-08-02:KXMLBF3-26AUG021335PHIBAL-PHI,2026-08-02,824807,PHI @ BAL,KXMLBF3-26AUG021335PHIBAL-PHI,,inning_result,,F3,Away,,,Away,PAPER_SPREAD_LEDGER,,,exact_ticker,43.0,,,43.0,42.0,,,,,,,,,60.435,43.0,17.435,,HIGH,PAPER_ONLY_REAL_MONEY_BLOCKED,SUPPORTED,,PENDING,,,,,,,,,,,,F3,,"[""NOT_YET_ACTIVATED_NO_HISTORICAL_PAPER_SAMPLE""]","{""alternateLine"": null, ""rank"": 19}",CLEAN,[],PAPER,False,5.0,,,"[""NOT_YET_ACTIVATED_NO_HISTORICAL_PAPER_SAMPLE""]"
PAPER:2026-08-02:KXMLBF3-26AUG021335WSHATL-WSH,2026-08-02,824891,WSH @ ATL,KXMLBF3-26AUG021335WSHATL-WSH,,inning_result,,F3,Away,,,Away,PAPER_SPREAD_LEDGER,,,exact_ticker,39.0,,,39.0,38.5,,,,,,,,,73.945,39.0,34.945,,HIGH,PAPER_ONLY_REAL_MONEY_BLOCKED,SUPPORTED,,PENDING,,,,,,,,,,,,F3,,"[""NOT_YET_ACTIVATED_NO_HISTORICAL_PAPER_SAMPLE""]","{""alternateLine"": null, ""rank"": 1}",CLEAN,[],PAPER,False,5.0,,,"[""NOT_YET_ACTIVATED_NO_HISTORICAL_PAPER_SAMPLE""]"
PAPER:2026-08-02:KXMLBF3-26AUG021337STLTOR-STL,2026-08-02,822783,STL @ TOR,KXMLBF3-26AUG021337STLTOR-STL,,inning_result,,F3,Away,,,Away,PAPER_SPREAD_LEDGER,,,exact_ticker,40.0,,,40.0,39.0,,,,,,,,,55.965,40.0,15.965,,HIGH,PAPER_ONLY_REAL_MONEY_BLOCKED,SUPPORTED,,PENDING,,,,,,,,,,,,F3,,"[""NOT_YET_ACTIVATED_NO_HISTORICAL_PAPER_SAMPLE""]","{""alternateLine"": null, ""rank"": 29}",CLEAN,[],PAPER,False,5.0,,,"[""NOT_YET_ACTIVATED_NO_HISTORICAL_PAPER_SAMPLE""]"
PAPER:2026-08-02:KXMLBF3-26AUG021337STLTOR-TIE,2026-08-02,822783,STL @ TOR,KXMLBF3-26AUG021337STLTOR-TIE,,inning_result,,F3,Tie,,,Tie,PAPER_SPREAD_LEDGER,,,exact_ticker,22.0,,,22.0,21.0,,,,,,,,,23.647,22.0,1.647,,MEDIUM,PAPER_ONLY_REAL_MONEY_BLOCKED,SUPPORTED,,PENDING,,,,,,,,,,,,F3,,"[""NOT_YET_ACTIVATED_NO_HISTORICAL_PAPER_SAMPLE""]","{""alternateLine"": null, ""rank"": 200}",CLEAN,[],PAPER,False,5.0,,,"[""NOT_YET_ACTIVATED_NO_HISTORICAL_PAPER_SAMPLE""]"
PAPER:2026-08-02:KXMLBF3-26AUG021337STLTOR-TOR,2026-08-02,822783,STL @ TOR,KXMLBF3-26AUG021337STLTOR-TOR,,inning_result,,F3,Home,,,Home,PAPER_SPREAD_LEDGER,,,exact_ticker,39.0,,,39.0,38.5,,,,,,,,,44.035,39.0,5.035,,HIGH,PAPER_ONLY_REAL_MONEY_BLOCKED,SUPPORTED,,PENDING,,,,,,,,,,,,F3,,"[""NOT_YET_ACTIVATED_NO_HISTORICAL_PAPER_SAMPLE""]","{""alternateLine"": null, ""rank"": 142}",CLEAN,[],PAPER,False,5.0,,,"[""NOT_YET_ACTIVATED_NO_HISTORICAL_PAPER_SAMPLE""]"
PAPER:2026-08-02:KXMLBF3-26AUG021340AZCLE-AZ,2026-08-02,824404,AZ @ CLE,KXMLBF3-26AUG021340AZCLE-AZ,,inning_result,,F3,Away,,,Away,PAPER_SPREAD_LEDGER,,,exact_ticker,30.0,,,30.0,29.5,,,,,,,,,34.568,30.0,4.568,,HIGH,PAPER_ONLY_REAL_MONEY_BLOCKED,SUPPORTED,,PENDING,,,,,,,,,,,,F3,,"[""NOT_YET_ACTIVATED_NO_HISTORICAL_PAPER_SAMPLE""]","{""alternateLine"": null, ""rank"": 152}",CLEAN,[],PAPER,False,5.0,,,"[""NOT_YET_ACTIVATED_NO_HISTORICAL_PAPER_SAMPLE""]"
PAPER:2026-08-02:KXMLBF3-26AUG021340AZCLE-CLE,2026-08-02,824404,AZ @ CLE,KXMLBF3-26AUG021340AZCLE-CLE,,inning_result,,F3,Home,,,Home,PAPER_SPREAD_LEDGER,,,exact_ticker,45.0,,,45.0,44.5,,,,,,,,,65.432,45.0,20.432,,HIGH,PAPER_ONLY_REAL_MONEY_BLOCKED,SUPPORTED,,PENDING,,,,,,,,,,,,F3,,"[""NOT_YET_ACTIVATED_NO_HISTORICAL_PAPER_SAMPLE""]","{""alternateLine"": null, ""rank"": 11}",CLEAN,[],PAPER,False,5.0,,,"[""NOT_YET_ACTIVATED_NO_HISTORICAL_PAPER_SAMPLE""]"
PAPER:2026-08-02:KXMLBF3-26AUG021340CWSTB-CWS,2026-08-02,822943,CWS @ TB,KXMLBF3-26AUG021340CWSTB-CWS,,inning_result,,F3,Away,,,Away,PAPER_SPREAD_LEDGER,,,exact_ticker,32.0,,,32.0,31.0,,,,,,,,,51.046,32.0,19.046,,HIGH,PAPER_ONLY_REAL_MONEY_BLOCKED,SUPPORTED,,PENDING,,,,,,,,,,,,F3,,"[""NOT_YET_ACTIVATED_NO_HISTORICAL_PAPER_SAMPLE""]","{""alternateLine"": null, ""rank"": 14}",CLEAN,[],PAPER,False,5.0,,,"[""NOT_YET_ACTIVATED_NO_HISTORICAL_PAPER_SAMPLE""]"
PAPER:2026-08-02:KXMLBF3-26AUG021340CWSTB-TB,2026-08-02,822943,CWS @ TB,KXMLBF3-26AUG021340CWSTB-TB,,inning_result,,F3,Home,,,Home,PAPER_SPREAD_LEDGER,,,exact_ticker,41.0,,,41.0,40.5,,,,,,,,,48.954,41.0,7.954,,HIGH,PAPER_ONLY_REAL_MONEY_BLOCKED,SUPPORTED,,PENDING,,,,,,,,,,,,F3,,"[""NOT_YET_ACTIVATED_NO_HISTORICAL_PAPER_SAMPLE""]","{""alternateLine"": null, ""rank"": 93}",CLEAN,[],PAPER,False,5.0,,,"[""NOT_YET_ACTIVATED_NO_HISTORICAL_PAPER_SAMPLE""]"
PAPER:2026-08-02:KXMLBF3-26AUG021340PITCIN-CIN,2026-08-02,824483,PIT @ CIN,KXMLBF3-26AUG021340PITCIN-CIN,,inning_result,,F3,Home,,,Home,PAPER_SPREAD_LEDGER,,,exact_ticker,46.0,,,46.0,45.5,,,,,,,,,54.658,46.0,8.658,,HIGH,PAPER_ONLY_REAL_MONEY_BLOCKED,SUPPORTED,,PENDING,,,,,,,,,,,,F3,,"[""NOT_YET_ACTIVATED_NO_HISTORICAL_PAPER_SAMPLE""]","{""alternateLine"": null, ""rank"": 84}",CLEAN,[],PAPER,False,5.0,,,"[""NOT_YET_ACTIVATED_NO_HISTORICAL_PAPER_SAMPLE""]"
PAPER:2026-08-02:KXMLBF3-26AUG021340PITCIN-PIT,2026-08-02,824483,PIT @ CIN,KXMLBF3-26AUG021340PITCIN-PIT,,inning_result,,F3,Away,,,Away,PAPER_SPREAD_LEDGER,,,exact_ticker,30.0,,,30.0,29.5,,,,,,,,,45.342,30.0,15.342,,HIGH,PAPER_ONLY_REAL_MONEY_BLOCKED,SUPPORTED,,PENDING,,,,,,,,,,,,F3,,"[""NOT_YET_ACTIVATED_NO_HISTORICAL_PAPER_SAMPLE""]","{""alternateLine"": null, ""rank"": 31}",CLEAN,[],PAPER,False,5.0,,,"[""NOT_YET_ACTIVATED_NO_HISTORICAL_PAPER_SAMPLE""]"
PAPER:2026-08-02:KXMLBF3-26AUG021340PITCIN-TIE,2026-08-02,824483,PIT @ CIN,KXMLBF3-26AUG021340PITCIN-TIE,,inning_result,,F3,Tie,,,Tie,PAPER_SPREAD_LEDGER,,,exact_ticker,24.0,,,24.0,23.0,,,,,,,,,27.087,24.0,3.087,,HIGH,PAPER_ONLY_REAL_MONEY_BLOCKED,SUPPORTED,,PENDING,,,,,,,,,,,,F3,,"[""NOT_YET_ACTIVATED_NO_HISTORICAL_PAPER_SAMPLE""]","{""alternateLine"": null, ""rank"": 179}",CLEAN,[],PAPER,False,5.0,,,"[""NOT_YET_ACTIVATED_NO_HISTORICAL_PAPER_SAMPLE""]"
PAPER:2026-08-02:KXMLBF3-26AUG021410TEXHOU-HOU,2026-08-02,824163,TEX @ HOU,KXMLBF3-26AUG021410TEXHOU-HOU,,inning_result,,F3,Home,,,Home,PAPER_SPREAD_LEDGER,,,exact_ticker,41.0,,,41.0,40.0,,,,,,,,,58.55,41.0,17.55,,HIGH,PAPER_ONLY_REAL_MONEY_BLOCKED,SUPPORTED,,PENDING,,,,,,,,,,,,F3,,"[""NOT_YET_ACTIVATED_NO_HISTORICAL_PAPER_SAMPLE""]","{""alternateLine"": null, ""rank"": 18}",CLEAN,[],PAPER,False,5.0,,,"[""NOT_YET_ACTIVATED_NO_HISTORICAL_PAPER_SAMPLE""]"
PAPER:2026-08-02:KXMLBF3-26AUG021410TEXHOU-TEX,2026-08-02,824163,TEX @ HOU,KXMLBF3-26AUG021410TEXHOU-TEX,,inning_result,,F3,Away,,,Away,PAPER_SPREAD_LEDGER,,,exact_ticker,36.0,,,36.0,35.0,,,,,,,,,41.45,36.0,5.45,,HIGH,PAPER_ONLY_REAL_MONEY_BLOCKED,SUPPORTED,,PENDING,,,,,,,,,,,,F3,,"[""NOT_YET_ACTIVATED_NO_HISTORICAL_PAPER_SAMPLE""]","{""alternateLine"": null, ""rank"": 137}",CLEAN,[],PAPER,False,5.0,,,"[""NOT_YET_ACTIVATED_NO_HISTORICAL_PAPER_SAMPLE""]"
PAPER:2026-08-02:KXMLBF3-26AUG021410TEXHOU-TIE,2026-08-02,824163,TEX @ HOU,KXMLBF3-26AUG021410TEXHOU-TIE,,inning_result,,F3,Tie,,,Tie,PAPER_SPREAD_LEDGER,,,exact_ticker,23.0,,,23.0,22.5,,,,,,,,,26.063,23.0,3.063,,HIGH,PAPER_ONLY_REAL_MONEY_BLOCKED,SUPPORTED,,PENDING,,,,,,,,,,,,F3,,"[""NOT_YET_ACTIVATED_NO_HISTORICAL_PAPER_SAMPLE""]","{""alternateLine"": null, ""rank"": 180}",CLEAN,[],PAPER,False,5.0,,,"[""NOT_YET_ACTIVATED_NO_HISTORICAL_PAPER_SAMPLE""]"
PAPER:2026-08-02:KXMLBF3-26AUG021420NYYCHC-CHC,2026-08-02,824648,NYY @ CHC,KXMLBF3-26AUG021420NYYCHC-CHC,,inning_result,,F3,Home,,,Home,PAPER_SPREAD_LEDGER,,,exact_ticker,32.0,,,32.0,31.5,,,,,,,,,45.045,32.0,13.045,,HIGH,PAPER_ONLY_REAL_MONEY_BLOCKED,SUPPORTED,,PENDING,,,,,,,,,,,,F3,,"[""NOT_YET_ACTIVATED_NO_HISTORICAL_PAPER_SAMPLE""]","{""alternateLine"": null, ""rank"": 44}",CLEAN,[],PAPER,False,5.0,,,"[""NOT_YET_ACTIVATED_NO_HISTORICAL_PAPER_SAMPLE""]"
PAPER:2026-08-02:KXMLBF3-26AUG021420NYYCHC-NYY,2026-08-02,824648,NYY @ CHC,KXMLBF3-26AUG021420NYYCHC-NYY,,inning_result,,F3,Away,,,Away,PAPER_SPREAD_LEDGER,,,exact_ticker,38.0,,,38.0,37.5,,,,,,,,,54.955,38.0,16.955,,HIGH,PAPER_ONLY_REAL_MONEY_BLOCKED,SUPPORTED,,PENDING,,,,,,,,,,,,F3,,"[""NOT_YET_ACTIVATED_NO_HISTORICAL_PAPER_SAMPLE""]","{""alternateLine"": null, ""rank"": 25}",CLEAN,[],PAPER,False,5.0,,,"[""NOT_YET_ACTIVATED_NO_HISTORICAL_PAPER_SAMPLE""]"
PAPER:2026-08-02:KXMLBF3-26AUG021510KCCOL-COL,2026-08-02,824323,KC @ COL,KXMLBF3-26AUG021510KCCOL-COL,,inning_result,,F3,Home,,,Home,PAPER_SPREAD_LEDGER,,,exact_ticker,43.0,,,43.0,42.0,,,,,,,,,48.026,43.0,5.026,,HIGH,PAPER_ONLY_REAL_MONEY_BLOCKED,SUPPORTED,,PENDING,,,,,,,,,,,,F3,,"[""NOT_YET_ACTIVATED_NO_HISTORICAL_PAPER_SAMPLE""]","{""alternateLine"": null, ""rank"": 143}",CLEAN,[],PAPER,False,5.0,,,"[""NOT_YET_ACTIVATED_NO_HISTORICAL_PAPER_SAMPLE""]"
PAPER:2026-08-02:KXMLBF3-26AUG021510KCCOL-KC,2026-08-02,824323,KC @ COL,KXMLBF3-26AUG021510KCCOL-KC,,inning_result,,F3,Away,,,Away,PAPER_SPREAD_LEDGER,,,exact_ticker,39.0,,,39.0,38.0,,,,,,,,,51.974,39.0,12.974,,HIGH,PAPER_ONLY_REAL_MONEY_BLOCKED,SUPPORTED,,PENDING,,,,,,,,,,,,F3,,"[""NOT_YET_ACTIVATED_NO_HISTORICAL_PAPER_SAMPLE""]","{""alternateLine"": null, ""rank"": 45}",CLEAN,[],PAPER,False,5.0,,,"[""NOT_YET_ACTIVATED_NO_HISTORICAL_PAPER_SAMPLE""]"
PAPER:2026-08-02:KXMLBF3-26AUG021510KCCOL-TIE,2026-08-02,824323,KC @ COL,KXMLBF3-26AUG021510KCCOL-TIE,,inning_result,,F3,Tie,,,Tie,PAPER_SPREAD_LEDGER,,,exact_ticker,19.0,,,19.0,18.5,,,,,,,,,24.6,19.0,5.6,,HIGH,PAPER_ONLY_REAL_MONEY_BLOCKED,SUPPORTED,,PENDING,,,,,,,,,,,,F3,,"[""NOT_YET_ACTIVATED_NO_HISTORICAL_PAPER_SAMPLE""]","{""alternateLine"": null, ""rank"": 134}",CLEAN,[],PAPER,False,5.0,,,"[""NOT_YET_ACTIVATED_NO_HISTORICAL_PAPER_SAMPLE""]"
PAPER:2026-08-02:KXMLBF3-26AUG021515MILLAA-LAA,2026-08-02,823996,MIL @ LAA,KXMLBF3-26AUG021515MILLAA-LAA,,inning_result,,F3,Home,,,Home,PAPER_SPREAD_LEDGER,,,exact_ticker,24.0,,,24.0,22.5,,,,,,,,,34.234,24.0,10.234,,HIGH,PAPER_ONLY_REAL_MONEY_BLOCKED,SUPPORTED,,PENDING,,,,,,,,,,,,F3,,"[""NOT_YET_ACTIVATED_NO_HISTORICAL_PAPER_SAMPLE""]","{""alternateLine"": null, ""rank"": 71}",CLEAN,[],PAPER,False,5.0,,,"[""NOT_YET_ACTIVATED_NO_HISTORICAL_PAPER_SAMPLE""]"
PAPER:2026-08-02:KXMLBF3-26AUG021515MILLAA-MIL,2026-08-02,823996,MIL @ LAA,KXMLBF3-26AUG021515MILLAA-MIL,,inning_result,,F3,Away,,,Away,PAPER_SPREAD_LEDGER,,,exact_ticker,49.0,,,49.0,48.0,,,,,,,,,65.766,49.0,16.766,,HIGH,PAPER_ONLY_REAL_MONEY_BLOCKED,SUPPORTED,,PENDING,,,,,,,,,,,,F3,,"[""NOT_YET_ACTIVATED_NO_HISTORICAL_PAPER_SAMPLE""]","{""alternateLine"": null, ""rank"": 26}",CLEAN,[],PAPER,False,5.0,,,"[""NOT_YET_ACTIVATED_NO_HISTORICAL_PAPER_SAMPLE""]"
PAPER:2026-08-02:KXMLBF3-26AUG021605DETATH-DET,2026-08-02,824971,DET @ ATH,KXMLBF3-26AUG021605DETATH-DET,,inning_result,,F3,Away,,,Away,PAPER_SPREAD_LEDGER,,,exact_ticker,38.0,,,38.0,37.5,,,,,,,,,57.431,38.0,19.431,,HIGH,PAPER_ONLY_REAL_MONEY_BLOCKED,SUPPORTED,,PENDING,,,,,,,,,,,,F3,,"[""NOT_YET_ACTIVATED_NO_HISTORICAL_PAPER_SAMPLE""]","{""alternateLine"": null, ""rank"": 13}",CLEAN,[],PAPER,False,5.0,,,"[""NOT_YET_ACTIVATED_NO_HISTORICAL_PAPER_SAMPLE""]"
PAPER:2026-08-02:KXMLBF3-26AUG021605DETATH-TIE,2026-08-02,824971,DET @ ATH,KXMLBF3-26AUG021605DETATH-TIE,,inning_result,,F3,Tie,,,Tie,PAPER_SPREAD_LEDGER,,,exact_ticker,20.0,,,20.0,19.5,,,,,,,,,26.247,20.0,6.247,,HIGH,PAPER_ONLY_REAL_MONEY_BLOCKED,SUPPORTED,,PENDING,,,,,,,,,,,,F3,,"[""NOT_YET_ACTIVATED_NO_HISTORICAL_PAPER_SAMPLE""]","{""alternateLine"": null, ""rank"": 122}",CLEAN,[],PAPER,False,5.0,,,"[""NOT_YET_ACTIVATED_NO_HISTORICAL_PAPER_SAMPLE""]"
PAPER:2026-08-02:KXMLBF3-26AUG021610MINSEA-MIN,2026-08-02,823107,MIN @ SEA,KXMLBF3-26AUG021610MINSEA-MIN,,inning_result,,F3,Away,,,Away,PAPER_SPREAD_LEDGER,,,exact_ticker,33.0,,,33.0,32.0,,,,,,,,,48.241,33.0,15.241,,HIGH,PAPER_ONLY_REAL_MONEY_BLOCKED,SUPPORTED,,PENDING,,,,,,,,,,,,F3,,"[""NOT_YET_ACTIVATED_NO_HISTORICAL_PAPER_SAMPLE""]","{""alternateLine"": null, ""rank"": 33}",CLEAN,[],PAPER,False,5.0,,,"[""NOT_YET_ACTIVATED_NO_HISTORICAL_PAPER_SAMPLE""]"
PAPER:2026-08-02:KXMLBF3-26AUG021610MINSEA-SEA,2026-08-02,823107,MIN @ SEA,KXMLBF3-26AUG021610MINSEA-SEA,,inning_result,,F3,Home,,,Home,PAPER_SPREAD_LEDGER,,,exact_ticker,41.0,,,41.0,40.0,,,,,,,,,51.759,41.0,10.759,,HIGH,PAPER_ONLY_REAL_MONEY_BLOCKED,SUPPORTED,,PENDING,,,,,,,,,,,,F3,,"[""NOT_YET_ACTIVATED_NO_HISTORICAL_PAPER_SAMPLE""]","{""alternateLine"": null, ""rank"": 67}",CLEAN,[],PAPER,False,5.0,,,"[""NOT_YET_ACTIVATED_NO_HISTORICAL_PAPER_SAMPLE""]"
PAPER:2026-08-02:KXMLBF3-26AUG021610SFSD-SD,2026-08-02,823270,SF @ SD,KXMLBF3-26AUG021610SFSD-SD,,inning_result,,F3,Home,,,Home,PAPER_SPREAD_LEDGER,,,exact_ticker,41.0,,,41.0,40.0,,,,,,,,,44.624,41.0,3.624,,HIGH,PAPER_ONLY_REAL_MONEY_BLOCKED,SUPPORTED,,PENDING,,,,,,,,,,,,F3,,"[""NOT_YET_ACTIVATED_NO_HISTORICAL_PAPER_SAMPLE""]","{""alternateLine"": null, ""rank"": 165}",CLEAN,[],PAPER,False,5.0,,,"[""NOT_YET_ACTIVATED_NO_HISTORICAL_PAPER_SAMPLE""]"
PAPER:2026-08-02:KXMLBF3-26AUG021610SFSD-SF,2026-08-02,823270,SF @ SD,KXMLBF3-26AUG021610SFSD-SF,,inning_result,,F3,Away,,,Away,PAPER_SPREAD_LEDGER,,,exact_ticker,35.0,,,35.0,34.0,,,,,,,,,55.376,35.0,20.376,,HIGH,PAPER_ONLY_REAL_MONEY_BLOCKED,SUPPORTED,,PENDING,,,,,,,,,,,,F3,,"[""NOT_YET_ACTIVATED_NO_HISTORICAL_PAPER_SAMPLE""]","{""alternateLine"": null, ""rank"": 12}",CLEAN,[],PAPER,False,5.0,,,"[""NOT_YET_ACTIVATED_NO_HISTORICAL_PAPER_SAMPLE""]"
PAPER:2026-08-02:KXMLBF3-26AUG021610SFSD-TIE,2026-08-02,823270,SF @ SD,KXMLBF3-26AUG021610SFSD-TIE,,inning_result,,F3,Tie,,,Tie,PAPER_SPREAD_LEDGER,,,exact_ticker,25.0,,,25.0,24.5,,,,,,,,,27.209,25.0,2.209,,MEDIUM,PAPER_ONLY_REAL_MONEY_BLOCKED,SUPPORTED,,PENDING,,,,,,,,,,,,F3,,"[""NOT_YET_ACTIVATED_NO_HISTORICAL_PAPER_SAMPLE""]","{""alternateLine"": null, ""rank"": 192}",CLEAN,[],PAPER,False,5.0,,,"[""NOT_YET_ACTIVATED_NO_HISTORICAL_PAPER_SAMPLE""]"
PAPER:2026-08-02:KXMLBF3-26AUG021920BOSLAD-BOS,2026-08-02,823919,BOS @ LAD,KXMLBF3-26AUG021920BOSLAD-BOS,,inning_result,,F3,Away,,,Away,PAPER_SPREAD_LEDGER,,,exact_ticker,31.0,,,31.0,30.0,,,,,,,,,60.536,31.0,29.536,,HIGH,PAPER_ONLY_REAL_MONEY_BLOCKED,SUPPORTED,,PENDING,,,,,,,,,,,,F3,,"[""NOT_YET_ACTIVATED_NO_HISTORICAL_PAPER_SAMPLE""]","{""alternateLine"": null, ""rank"": 3}",CLEAN,[],PAPER,False,5.0,,,"[""NOT_YET_ACTIVATED_NO_HISTORICAL_PAPER_SAMPLE""]"
PAPER:2026-08-02:KXMLBF3-26AUG021920BOSLAD-TIE,2026-08-02,823919,BOS @ LAD,KXMLBF3-26AUG021920BOSLAD-TIE,,inning_result,,F3,Tie,,,Tie,PAPER_SPREAD_LEDGER,,,exact_ticker,25.0,,,25.0,23.5,,,,,,,,,26.806,25.0,1.806,,MEDIUM,PAPER_ONLY_REAL_MONEY_BLOCKED,SUPPORTED,,PENDING,,,,,,,,,,,,F3,,"[""NOT_YET_ACTIVATED_NO_HISTORICAL_PAPER_SAMPLE""]","{""alternateLine"": null, ""rank"": 199}",CLEAN,[],PAPER,False,5.0,,,"[""NOT_YET_ACTIVATED_NO_HISTORICAL_PAPER_SAMPLE""]"
PAPER:2026-08-02:KXMLBF5SPREAD-26AUG021335WSHATL-WSH2,2026-08-02,824891,WSH @ ATL,KXMLBF5SPREAD-26AUG021335WSHATL-WSH2,,winning_margin,,F5,WSH,1.5,,WSH,PAPER_SPREAD_LEDGER,,,exact_ticker,31.0,,,31.0,30.5,,,,,,,,,41.715,31.0,10.715,,HIGH,PAPER_ONLY_REAL_MONEY_BLOCKED,SUPPORTED,,PENDING,,,,,,,,,,,,F5,,"[""NOT_YET_ACTIVATED_NO_HISTORICAL_PAPER_SAMPLE""]","{""alternateLine"": false, ""rank"": 69}",CLEAN,[],PAPER,False,5.0,,,"[""NOT_YET_ACTIVATED_NO_HISTORICAL_PAPER_SAMPLE""]"
PAPER:2026-08-02:KXMLBF5SPREAD-26AUG021335WSHATL-WSH3,2026-08-02,824891,WSH @ ATL,KXMLBF5SPREAD-26AUG021335WSHATL-WSH3,,winning_margin,,F5,WSH,2.5,,WSH,PAPER_SPREAD_LEDGER,,,exact_ticker,20.0,,,20.0,19.5,,,,,,,,,24.574,20.0,4.574,,HIGH,PAPER_ONLY_REAL_MONEY_BLOCKED,SUPPORTED,,PENDING,,,,,,,,,,,,F5,,"[""NOT_YET_ACTIVATED_NO_HISTORICAL_PAPER_SAMPLE""]","{""alternateLine"": true, ""rank"": 151}",CLEAN,[],PAPER,False,5.0,,,"[""NOT_YET_ACTIVATED_NO_HISTORICAL_PAPER_SAMPLE""]"
PAPER:2026-08-02:KXMLBF5SPREAD-26AUG021340CWSTB-CWS2,2026-08-02,822943,CWS @ TB,KXMLBF5SPREAD-26AUG021340CWSTB-CWS2,,winning_margin,,F5,CWS,1.5,,CWS,PAPER_SPREAD_LEDGER,,,exact_ticker,22.0,,,22.0,21.5,,,,,,,,,26.741,22.0,4.741,,HIGH,PAPER_ONLY_REAL_MONEY_BLOCKED,SUPPORTED,,PENDING,,,,,,,,,,,,F5,,"[""NOT_YET_ACTIVATED_NO_HISTORICAL_PAPER_SAMPLE""]","{""alternateLine"": false, ""rank"": 148}",CLEAN,[],PAPER,False,5.0,,,"[""NOT_YET_ACTIVATED_NO_HISTORICAL_PAPER_SAMPLE""]"
PAPER:2026-08-02:KXMLBF5SPREAD-26AUG021610SFSD-SF2,2026-08-02,823270,SF @ SD,KXMLBF5SPREAD-26AUG021610SFSD-SF2,,winning_margin,,F5,SF,1.5,,SF,PAPER_SPREAD_LEDGER,,,exact_ticker,25.0,,,25.0,24.0,,,,,,,,,26.224,25.0,1.224,,PAPER,PAPER_ONLY_REAL_MONEY_BLOCKED,SUPPORTED,,PENDING,,,,,,,,,,,,F5,,"[""NOT_YET_ACTIVATED_NO_HISTORICAL_PAPER_SAMPLE""]","{""alternateLine"": false, ""rank"": 206}",CLEAN,[],PAPER,False,5.0,,,"[""NOT_YET_ACTIVATED_NO_HISTORICAL_PAPER_SAMPLE""]"
PAPER:2026-08-02:KXMLBF5SPREAD-26AUG021920BOSLAD-BOS2,2026-08-02,823919,BOS @ LAD,KXMLBF5SPREAD-26AUG021920BOSLAD-BOS2,,winning_margin,,F5,BOS,1.5,,BOS,PAPER_SPREAD_LEDGER,,,exact_ticker,22.0,,,22.0,21.5,,,,,,,,,24.08,22.0,2.08,,MEDIUM,PAPER_ONLY_REAL_MONEY_BLOCKED,SUPPORTED,,PENDING,,,,,,,,,,,,F5,,"[""NOT_YET_ACTIVATED_NO_HISTORICAL_PAPER_SAMPLE""]","{""alternateLine"": false, ""rank"": 197}",CLEAN,[],PAPER,False,5.0,,,"[""NOT_YET_ACTIVATED_NO_HISTORICAL_PAPER_SAMPLE""]"
PAPER:2026-08-02:KXMLBF7-26AUG021335PHIBAL-PHI,2026-08-02,824807,PHI @ BAL,KXMLBF7-26AUG021335PHIBAL-PHI,,inning_result,,F7,Away,,,Away,PAPER_SPREAD_LEDGER,,,exact_ticker,49.0,,,49.0,48.5,,,,,,,,,61.932,49.0,12.932,,HIGH,PAPER_ONLY_REAL_MONEY_BLOCKED,SUPPORTED,,PENDING,,,,,,,,,,,,F7,,"[""NOT_YET_ACTIVATED_NO_HISTORICAL_PAPER_SAMPLE""]","{""alternateLine"": null, ""rank"": 46}",CLEAN,[],PAPER,False,5.0,,,"[""NOT_YET_ACTIVATED_NO_HISTORICAL_PAPER_SAMPLE""]"
PAPER:2026-08-02:KXMLBF7-26AUG021335PHIBAL-TIE,2026-08-02,824807,PHI @ BAL,KXMLBF7-26AUG021335PHIBAL-TIE,,inning_result,,F7,Tie,,,Tie,PAPER_SPREAD_LEDGER,,,exact_ticker,12.0,,,12.0,11.5,,,,,,,,,18.337,12.0,6.337,,HIGH,PAPER_ONLY_REAL_MONEY_BLOCKED,SUPPORTED,,PENDING,,,,,,,,,,,,F7,,"[""NOT_YET_ACTIVATED_NO_HISTORICAL_PAPER_SAMPLE""]","{""alternateLine"": null, ""rank"": 119}",CLEAN,[],PAPER,False,5.0,,,"[""NOT_YET_ACTIVATED_NO_HISTORICAL_PAPER_SAMPLE""]"
PAPER:2026-08-02:KXMLBF7-26AUG021335WSHATL-TIE,2026-08-02,824891,WSH @ ATL,KXMLBF7-26AUG021335WSHATL-TIE,,inning_result,,F7,Tie,,,Tie,PAPER_SPREAD_LEDGER,,,exact_ticker,11.0,,,11.0,10.5,,,,,,,,,17.275,11.0,6.275,,HIGH,PAPER_ONLY_REAL_MONEY_BLOCKED,SUPPORTED,,PENDING,,,,,,,,,,,,F7,,"[""NOT_YET_ACTIVATED_NO_HISTORICAL_PAPER_SAMPLE""]","{""alternateLine"": null, ""rank"": 121}",CLEAN,[],PAPER,False,5.0,,,"[""NOT_YET_ACTIVATED_NO_HISTORICAL_PAPER_SAMPLE""]"
PAPER:2026-08-02:KXMLBF7-26AUG021335WSHATL-WSH,2026-08-02,824891,WSH @ ATL,KXMLBF7-26AUG021335WSHATL-WSH,,inning_result,,F7,Away,,,Away,PAPER_SPREAD_LEDGER,,,exact_ticker,44.0,,,44.0,43.5,,,,,,,,,73.708,44.0,29.708,,HIGH,PAPER_ONLY_REAL_MONEY_BLOCKED,SUPPORTED,,PENDING,,,,,,,,,,,,F7,,"[""NOT_YET_ACTIVATED_NO_HISTORICAL_PAPER_SAMPLE""]","{""alternateLine"": null, ""rank"": 2}",CLEAN,[],PAPER,False,5.0,,,"[""NOT_YET_ACTIVATED_NO_HISTORICAL_PAPER_SAMPLE""]"
PAPER:2026-08-02:KXMLBF7-26AUG021337STLTOR-STL,2026-08-02,822783,STL @ TOR,KXMLBF7-26AUG021337STLTOR-STL,,inning_result,,F7,Away,,,Away,PAPER_SPREAD_LEDGER,,,exact_ticker,42.0,,,42.0,41.0,,,,,,,,,52.854,42.0,10.854,,HIGH,PAPER_ONLY_REAL_MONEY_BLOCKED,SUPPORTED,,PENDING,,,,,,,,,,,,F7,,"[""NOT_YET_ACTIVATED_NO_HISTORICAL_PAPER_SAMPLE""]","{""alternateLine"": null, ""rank"": 66}",CLEAN,[],PAPER,False,5.0,,,"[""NOT_YET_ACTIVATED_NO_HISTORICAL_PAPER_SAMPLE""]"
PAPER:2026-08-02:KXMLBF7-26AUG021337STLTOR-TIE,2026-08-02,822783,STL @ TOR,KXMLBF7-26AUG021337STLTOR-TIE,,inning_result,,F7,Tie,,,Tie,PAPER_SPREAD_LEDGER,,,exact_ticker,13.0,,,13.0,12.5,,,,,,,,,20.899,13.0,7.899,,HIGH,PAPER_ONLY_REAL_MONEY_BLOCKED,SUPPORTED,,PENDING,,,,,,,,,,,,F7,,"[""NOT_YET_ACTIVATED_NO_HISTORICAL_PAPER_SAMPLE""]","{""alternateLine"": null, ""rank"": 95}",CLEAN,[],PAPER,False,5.0,,,"[""NOT_YET_ACTIVATED_NO_HISTORICAL_PAPER_SAMPLE""]"
PAPER:2026-08-02:KXMLBF7-26AUG021337STLTOR-TOR,2026-08-02,822783,STL @ TOR,KXMLBF7-26AUG021337STLTOR-TOR,,inning_result,,F7,Home,,,Home,PAPER_SPREAD_LEDGER,,,exact_ticker,45.0,,,45.0,44.5,,,,,,,,,47.146,45.0,2.146,,MEDIUM,PAPER_ONLY_REAL_MONEY_BLOCKED,SUPPORTED,,PENDING,,,,,,,,,,,,F7,,"[""NOT_YET_ACTIVATED_NO_HISTORICAL_PAPER_SAMPLE""]","{""alternateLine"": null, ""rank"": 195}",CLEAN,[],PAPER,False,5.0,,,"[""NOT_YET_ACTIVATED_NO_HISTORICAL_PAPER_SAMPLE""]"
PAPER:2026-08-02:KXMLBF7-26AUG021340AZCLE-CLE,2026-08-02,824404,AZ @ CLE,KXMLBF7-26AUG021340AZCLE-CLE,,inning_result,,F7,Home,,,Home,PAPER_SPREAD_LEDGER,,,exact_ticker,56.0,,,56.0,55.0,,,,,,,,,74.062,56.0,18.062,,HIGH,PAPER_ONLY_REAL_MONEY_BLOCKED,SUPPORTED,,PENDING,,,,,,,,,,,,F7,,"[""NOT_YET_ACTIVATED_NO_HISTORICAL_PAPER_SAMPLE""]","{""alternateLine"": null, ""rank"": 17}",CLEAN,[],PAPER,False,5.0,,,"[""NOT_YET_ACTIVATED_NO_HISTORICAL_PAPER_SAMPLE""]"
PAPER:2026-08-02:KXMLBF7-26AUG021340AZCLE-TIE,2026-08-02,824404,AZ @ CLE,KXMLBF7-26AUG021340AZCLE-TIE,,inning_result,,F7,Tie,,,Tie,PAPER_SPREAD_LEDGER,,,exact_ticker,13.0,,,13.0,12.5,,,,,,,,,15.786,13.0,2.786,,MEDIUM,PAPER_ONLY_REAL_MONEY_BLOCKED,SUPPORTED,,PENDING,,,,,,,,,,,,F7,,"[""NOT_YET_ACTIVATED_NO_HISTORICAL_PAPER_SAMPLE""]","{""alternateLine"": null, ""rank"": 185}",CLEAN,[],PAPER,False,5.0,,,"[""NOT_YET_ACTIVATED_NO_HISTORICAL_PAPER_SAMPLE""]"
PAPER:2026-08-02:KXMLBF7-26AUG021340CWSTB-CWS,2026-08-02,822943,CWS @ TB,KXMLBF7-26AUG021340CWSTB-CWS,,inning_result,,F7,Away,,,Away,PAPER_SPREAD_LEDGER,,,exact_ticker,36.0,,,36.0,35.5,,,,,,,,,59.036,36.0,23.036,,HIGH,PAPER_ONLY_REAL_MONEY_BLOCKED,SUPPORTED,,PENDING,,,,,,,,,,,,F7,,"[""NOT_YET_ACTIVATED_NO_HISTORICAL_PAPER_SAMPLE""]","{""alternateLine"": null, ""rank"": 6}",CLEAN,[],PAPER,False,5.0,,,"[""NOT_YET_ACTIVATED_NO_HISTORICAL_PAPER_SAMPLE""]"
PAPER:2026-08-02:KXMLBF7-26AUG021340CWSTB-TIE,2026-08-02,822943,CWS @ TB,KXMLBF7-26AUG021340CWSTB-TIE,,inning_result,,F7,Tie,,,Tie,PAPER_SPREAD_LEDGER,,,exact_ticker,13.0,,,13.0,12.5,,,,,,,,,19.843,13.0,6.843,,HIGH,PAPER_ONLY_REAL_MONEY_BLOCKED,SUPPORTED,,PENDING,,,,,,,,,,,,F7,,"[""NOT_YET_ACTIVATED_NO_HISTORICAL_PAPER_SAMPLE""]","{""alternateLine"": null, ""rank"": 110}",CLEAN,[],PAPER,False,5.0,,,"[""NOT_YET_ACTIVATED_NO_HISTORICAL_PAPER_SAMPLE""]"
PAPER:2026-08-02:KXMLBF7-26AUG021340PITCIN-PIT,2026-08-02,824483,PIT @ CIN,KXMLBF7-26AUG021340PITCIN-PIT,,inning_result,,F7,Away,,,Away,PAPER_SPREAD_LEDGER,,,exact_ticker,36.0,,,36.0,35.5,,,,,,,,,49.928,36.0,13.928,,HIGH,PAPER_ONLY_REAL_MONEY_BLOCKED,SUPPORTED,,PENDING,,,,,,,,,,,,F7,,"[""NOT_YET_ACTIVATED_NO_HISTORICAL_PAPER_SAMPLE""]","{""alternateLine"": null, ""rank"": 40}",CLEAN,[],PAPER,False,5.0,,,"[""NOT_YET_ACTIVATED_NO_HISTORICAL_PAPER_SAMPLE""]"
PAPER:2026-08-02:KXMLBF7-26AUG021340PITCIN-TIE,2026-08-02,824483,PIT @ CIN,KXMLBF7-26AUG021340PITCIN-TIE,,inning_result,,F7,Tie,,,Tie,PAPER_SPREAD_LEDGER,,,exact_ticker,13.0,,,13.0,12.5,,,,,,,,,20.448,13.0,7.448,,HIGH,PAPER_ONLY_REAL_MONEY_BLOCKED,SUPPORTED,,PENDING,,,,,,,,,,,,F7,,"[""NOT_YET_ACTIVATED_NO_HISTORICAL_PAPER_SAMPLE""]","{""alternateLine"": null, ""rank"": 101}",CLEAN,[],PAPER,False,5.0,,,"[""NOT_YET_ACTIVATED_NO_HISTORICAL_PAPER_SAMPLE""]"
PAPER:2026-08-02:KXMLBF7-26AUG021410TEXHOU-HOU,2026-08-02,824163,TEX @ HOU,KXMLBF7-26AUG021410TEXHOU-HOU,,inning_result,,F7,Home,,,Home,PAPER_SPREAD_LEDGER,,,exact_ticker,47.0,,,47.0,46.5,,,,,,,,,54.146,47.0,7.146,,HIGH,PAPER_ONLY_REAL_MONEY_BLOCKED,SUPPORTED,,PENDING,,,,,,,,,,,,F7,,"[""NOT_YET_ACTIVATED_NO_HISTORICAL_PAPER_SAMPLE""]","{""alternateLine"": null, ""rank"": 105}",CLEAN,[],PAPER,False,5.0,,,"[""NOT_YET_ACTIVATED_NO_HISTORICAL_PAPER_SAMPLE""]"
PAPER:2026-08-02:KXMLBF7-26AUG021410TEXHOU-TEX,2026-08-02,824163,TEX @ HOU,KXMLBF7-26AUG021410TEXHOU-TEX,,inning_result,,F7,Away,,,Away,PAPER_SPREAD_LEDGER,,,exact_ticker,40.0,,,40.0,38.5,,,,,,,,,45.854,40.0,5.854,,HIGH,PAPER_ONLY_REAL_MONEY_BLOCKED,SUPPORTED,,PENDING,,,,,,,,,,,,F7,,"[""NOT_YET_ACTIVATED_NO_HISTORICAL_PAPER_SAMPLE""]","{""alternateLine"": null, ""rank"": 130}",CLEAN,[],PAPER,False,5.0,,,"[""NOT_YET_ACTIVATED_NO_HISTORICAL_PAPER_SAMPLE""]"
PAPER:2026-08-02:KXMLBF7-26AUG021410TEXHOU-TIE,2026-08-02,824163,TEX @ HOU,KXMLBF7-26AUG021410TEXHOU-TIE,,inning_result,,F7,Tie,,,Tie,PAPER_SPREAD_LEDGER,,,exact_ticker,13.0,,,13.0,12.5,,,,,,,,,19.386,13.0,6.386,,HIGH,PAPER_ONLY_REAL_MONEY_BLOCKED,SUPPORTED,,PENDING,,,,,,,,,,,,F7,,"[""NOT_YET_ACTIVATED_NO_HISTORICAL_PAPER_SAMPLE""]","{""alternateLine"": null, ""rank"": 115}",CLEAN,[],PAPER,False,5.0,,,"[""NOT_YET_ACTIVATED_NO_HISTORICAL_PAPER_SAMPLE""]"
PAPER:2026-08-02:KXMLBF7-26AUG021420NYYCHC-CHC,2026-08-02,824648,NYY @ CHC,KXMLBF7-26AUG021420NYYCHC-CHC,,inning_result,,F7,Home,,,Home,PAPER_SPREAD_LEDGER,,,exact_ticker,38.0,,,38.0,37.5,,,,,,,,,43.862,38.0,5.862,,HIGH,PAPER_ONLY_REAL_MONEY_BLOCKED,SUPPORTED,,PENDING,,,,,,,,,,,,F7,,"[""NOT_YET_ACTIVATED_NO_HISTORICAL_PAPER_SAMPLE""]","{""alternateLine"": null, ""rank"": 129}",CLEAN,[],PAPER,False,5.0,,,"[""NOT_YET_ACTIVATED_NO_HISTORICAL_PAPER_SAMPLE""]"
PAPER:2026-08-02:KXMLBF7-26AUG021420NYYCHC-NYY,2026-08-02,824648,NYY @ CHC,KXMLBF7-26AUG021420NYYCHC-NYY,,inning_result,,F7,Away,,,Away,PAPER_SPREAD_LEDGER,,,exact_ticker,48.0,,,48.0,46.0,,,,,,,,,56.138,48.0,8.138,,HIGH,PAPER_ONLY_REAL_MONEY_BLOCKED,SUPPORTED,,PENDING,,,,,,,,,,,,F7,,"[""NOT_YET_ACTIVATED_NO_HISTORICAL_PAPER_SAMPLE""]","{""alternateLine"": null, ""rank"": 91}",CLEAN,[],PAPER,False,5.0,,,"[""NOT_YET_ACTIVATED_NO_HISTORICAL_PAPER_SAMPLE""]"
PAPER:2026-08-02:KXMLBF7-26AUG021420NYYCHC-TIE,2026-08-02,824648,NYY @ CHC,KXMLBF7-26AUG021420NYYCHC-TIE,,inning_result,,F7,Tie,,,Tie,PAPER_SPREAD_LEDGER,,,exact_ticker,15.0,,,15.0,13.5,,,,,,,,,19.213,15.0,4.213,,HIGH,PAPER_ONLY_REAL_MONEY_BLOCKED,SUPPORTED,,PENDING,,,,,,,,,,,,F7,,"[""NOT_YET_ACTIVATED_NO_HISTORICAL_PAPER_SAMPLE""]","{""alternateLine"": null, ""rank"": 155}",CLEAN,[],PAPER,False,5.0,,,"[""NOT_YET_ACTIVATED_NO_HISTORICAL_PAPER_SAMPLE""]"
PAPER:2026-08-02:KXMLBF7-26AUG021510KCCOL-KC,2026-08-02,824323,KC @ COL,KXMLBF7-26AUG021510KCCOL-KC,,inning_result,,F7,Away,,,Away,PAPER_SPREAD_LEDGER,,,exact_ticker,42.0,,,42.0,41.0,,,,,,,,,59.231,42.0,17.231,,HIGH,PAPER_ONLY_REAL_MONEY_BLOCKED,SUPPORTED,,PENDING,,,,,,,,,,,,F7,,"[""NOT_YET_ACTIVATED_NO_HISTORICAL_PAPER_SAMPLE""]","{""alternateLine"": null, ""rank"": 22}",CLEAN,[],PAPER,False,5.0,,,"[""NOT_YET_ACTIVATED_NO_HISTORICAL_PAPER_SAMPLE""]"
PAPER:2026-08-02:KXMLBF7-26AUG021510KCCOL-TIE,2026-08-02,824323,KC @ COL,KXMLBF7-26AUG021510KCCOL-TIE,,inning_result,,F7,Tie,,,Tie,PAPER_SPREAD_LEDGER,,,exact_ticker,11.0,,,11.0,10.5,,,,,,,,,17.522,11.0,6.522,,HIGH,PAPER_ONLY_REAL_MONEY_BLOCKED,SUPPORTED,,PENDING,,,,,,,,,,,,F7,,"[""NOT_YET_ACTIVATED_NO_HISTORICAL_PAPER_SAMPLE""]","{""alternateLine"": null, ""rank"": 112}",CLEAN,[],PAPER,False,5.0,,,"[""NOT_YET_ACTIVATED_NO_HISTORICAL_PAPER_SAMPLE""]"
PAPER:2026-08-02:KXMLBF7-26AUG021515MILLAA-LAA,2026-08-02,823996,MIL @ LAA,KXMLBF7-26AUG021515MILLAA-LAA,,inning_result,,F7,Home,,,Home,PAPER_SPREAD_LEDGER,,,exact_ticker,26.0,,,26.0,25.5,,,,,,,,,38.259,26.0,12.259,,HIGH,PAPER_ONLY_REAL_MONEY_BLOCKED,SUPPORTED,,PENDING,,,,,,,,,,,,F7,,"[""NOT_YET_ACTIVATED_NO_HISTORICAL_PAPER_SAMPLE""]","{""alternateLine"": null, ""rank"": 51}",CLEAN,[],PAPER,False,5.0,,,"[""NOT_YET_ACTIVATED_NO_HISTORICAL_PAPER_SAMPLE""]"
PAPER:2026-08-02:KXMLBF7-26AUG021515MILLAA-TIE,2026-08-02,823996,MIL @ LAA,KXMLBF7-26AUG021515MILLAA-TIE,,inning_result,,F7,Tie,,,Tie,PAPER_SPREAD_LEDGER,,,exact_ticker,13.0,,,13.0,12.5,,,,,,,,,18.926,13.0,5.926,,HIGH,PAPER_ONLY_REAL_MONEY_BLOCKED,SUPPORTED,,PENDING,,,,,,,,,,,,F7,,"[""NOT_YET_ACTIVATED_NO_HISTORICAL_PAPER_SAMPLE""]","{""alternateLine"": null, ""rank"": 126}",CLEAN,[],PAPER,False,5.0,,,"[""NOT_YET_ACTIVATED_NO_HISTORICAL_PAPER_SAMPLE""]"
PAPER:2026-08-02:KXMLBF7-26AUG021605DETATH-DET,2026-08-02,824971,DET @ ATH,KXMLBF7-26AUG021605DETATH-DET,,inning_result,,F7,Away,,,Away,PAPER_SPREAD_LEDGER,,,exact_ticker,45.0,,,45.0,44.0,,,,,,,,,56.32,45.0,11.32,,HIGH,PAPER_ONLY_REAL_MONEY_BLOCKED,SUPPORTED,,PENDING,,,,,,,,,,,,F7,,"[""NOT_YET_ACTIVATED_NO_HISTORICAL_PAPER_SAMPLE""]","{""alternateLine"": null, ""rank"": 59}",CLEAN,[],PAPER,False,5.0,,,"[""NOT_YET_ACTIVATED_NO_HISTORICAL_PAPER_SAMPLE""]"
PAPER:2026-08-02:KXMLBF7-26AUG021605DETATH-TIE,2026-08-02,824971,DET @ ATH,KXMLBF7-26AUG021605DETATH-TIE,,inning_result,,F7,Tie,,,Tie,PAPER_SPREAD_LEDGER,,,exact_ticker,11.0,,,11.0,10.5,,,,,,,,,18.502,11.0,7.502,,HIGH,PAPER_ONLY_REAL_MONEY_BLOCKED,SUPPORTED,,PENDING,,,,,,,,,,,,F7,,"[""NOT_YET_ACTIVATED_NO_HISTORICAL_PAPER_SAMPLE""]","{""alternateLine"": null, ""rank"": 100}",CLEAN,[],PAPER,False,5.0,,,"[""NOT_YET_ACTIVATED_NO_HISTORICAL_PAPER_SAMPLE""]"
PAPER:2026-08-02:KXMLBF7-26AUG021610MINSEA-MIN,2026-08-02,823107,MIN @ SEA,KXMLBF7-26AUG021610MINSEA-MIN,,inning_result,,F7,Away,,,Away,PAPER_SPREAD_LEDGER,,,exact_ticker,38.0,,,38.0,37.0,,,,,,,,,47.367,38.0,9.367,,HIGH,PAPER_ONLY_REAL_MONEY_BLOCKED,SUPPORTED,,PENDING,,,,,,,,,,,,F7,,"[""NOT_YET_ACTIVATED_NO_HISTORICAL_PAPER_SAMPLE""]","{""alternateLine"": null, ""rank"": 81}",CLEAN,[],PAPER,False,5.0,,,"[""NOT_YET_ACTIVATED_NO_HISTORICAL_PAPER_SAMPLE""]"
PAPER:2026-08-02:KXMLBF7-26AUG021610MINSEA-SEA,2026-08-02,823107,MIN @ SEA,KXMLBF7-26AUG021610MINSEA-SEA,,inning_result,,F7,Home,,,Home,PAPER_SPREAD_LEDGER,,,exact_ticker,50.0,,,50.0,49.0,,,,,,,,,52.633,50.0,2.633,,MEDIUM,PAPER_ONLY_REAL_MONEY_BLOCKED,SUPPORTED,,PENDING,,,,,,,,,,,,F7,,"[""NOT_YET_ACTIVATED_NO_HISTORICAL_PAPER_SAMPLE""]","{""alternateLine"": null, ""rank"": 188}",CLEAN,[],PAPER,False,5.0,,,"[""NOT_YET_ACTIVATED_NO_HISTORICAL_PAPER_SAMPLE""]"
PAPER:2026-08-02:KXMLBF7-26AUG021610MINSEA-TIE,2026-08-02,823107,MIN @ SEA,KXMLBF7-26AUG021610MINSEA-TIE,,inning_result,,F7,Tie,,,Tie,PAPER_SPREAD_LEDGER,,,exact_ticker,14.0,,,14.0,13.0,,,,,,,,,19.904,14.0,5.904,,HIGH,PAPER_ONLY_REAL_MONEY_BLOCKED,SUPPORTED,,PENDING,,,,,,,,,,,,F7,,"[""NOT_YET_ACTIVATED_NO_HISTORICAL_PAPER_SAMPLE""]","{""alternateLine"": null, ""rank"": 127}",CLEAN,[],PAPER,False,5.0,,,"[""NOT_YET_ACTIVATED_NO_HISTORICAL_PAPER_SAMPLE""]"
PAPER:2026-08-02:KXMLBF7-26AUG021610SFSD-SF,2026-08-02,823270,SF @ SD,KXMLBF7-26AUG021610SFSD-SF,,inning_result,,F7,Away,,,Away,PAPER_SPREAD_LEDGER,,,exact_ticker,38.0,,,38.0,37.0,,,,,,,,,60.369,38.0,22.369,,HIGH,PAPER_ONLY_REAL_MONEY_BLOCKED,SUPPORTED,,PENDING,,,,,,,,,,,,F7,,"[""NOT_YET_ACTIVATED_NO_HISTORICAL_PAPER_SAMPLE""]","{""alternateLine"": null, ""rank"": 7}",CLEAN,[],PAPER,False,5.0,,,"[""NOT_YET_ACTIVATED_NO_HISTORICAL_PAPER_SAMPLE""]"
PAPER:2026-08-02:KXMLBF7-26AUG021610SFSD-TIE,2026-08-02,823270,SF @ SD,KXMLBF7-26AUG021610SFSD-TIE,,inning_result,,F7,Tie,,,Tie,PAPER_SPREAD_LEDGER,,,exact_ticker,13.0,,,13.0,12.5,,,,,,,,,19.431,13.0,6.431,,HIGH,PAPER_ONLY_REAL_MONEY_BLOCKED,SUPPORTED,,PENDING,,,,,,,,,,,,F7,,"[""NOT_YET_ACTIVATED_NO_HISTORICAL_PAPER_SAMPLE""]","{""alternateLine"": null, ""rank"": 113}",CLEAN,[],PAPER,False,5.0,,,"[""NOT_YET_ACTIVATED_NO_HISTORICAL_PAPER_SAMPLE""]"
PAPER:2026-08-02:KXMLBF7-26AUG021920BOSLAD-BOS,2026-08-02,823919,BOS @ LAD,KXMLBF7-26AUG021920BOSLAD-BOS,,inning_result,,F7,Away,,,Away,PAPER_SPREAD_LEDGER,,,exact_ticker,34.0,,,34.0,33.0,,,,,,,,,50.714,34.0,16.714,,HIGH,PAPER_ONLY_REAL_MONEY_BLOCKED,SUPPORTED,,PENDING,,,,,,,,,,,,F7,,"[""NOT_YET_ACTIVATED_NO_HISTORICAL_PAPER_SAMPLE""]","{""alternateLine"": null, ""rank"": 27}",CLEAN,[],PAPER,False,5.0,,,"[""NOT_YET_ACTIVATED_NO_HISTORICAL_PAPER_SAMPLE""]"
PAPER:2026-08-02:KXMLBF7-26AUG021920BOSLAD-TIE,2026-08-02,823919,BOS @ LAD,KXMLBF7-26AUG021920BOSLAD-TIE,,inning_result,,F7,Tie,,,Tie,PAPER_SPREAD_LEDGER,,,exact_ticker,13.0,,,13.0,12.5,,,,,,,,,20.919,13.0,7.919,,HIGH,PAPER_ONLY_REAL_MONEY_BLOCKED,SUPPORTED,,PENDING,,,,,,,,,,,,F7,,"[""NOT_YET_ACTIVATED_NO_HISTORICAL_PAPER_SAMPLE""]","{""alternateLine"": null, ""rank"": 94}",CLEAN,[],PAPER,False,5.0,,,"[""NOT_YET_ACTIVATED_NO_HISTORICAL_PAPER_SAMPLE""]"
PAPER:2026-08-02:KXMLBSPREAD-26AUG021335WSHATL-WSH2,2026-08-02,824891,WSH @ ATL,KXMLBSPREAD-26AUG021335WSHATL-WSH2,,winning_margin,,full_game,WSH,1.5,,WSH,PAPER_SPREAD_LEDGER,,,exact_ticker,36.0,,,36.0,35.5,,,,,,,,,44.262,36.0,8.262,,HIGH,PAPER_ONLY_REAL_MONEY_BLOCKED,SUPPORTED,,PENDING,,,,,,,,,,,,full_game,,"[""RULE_81""]","{""alternateLine"": false, ""rank"": 90}",CLEAN,[],PAPER,False,5.0,,,"[""RULE_81""]"
PAPER:2026-08-02:KXMLBSPREAD-26AUG021335WSHATL-WSH3,2026-08-02,824891,WSH @ ATL,KXMLBSPREAD-26AUG021335WSHATL-WSH3,,winning_margin,,full_game,WSH,2.5,,WSH,PAPER_SPREAD_LEDGER,,,exact_ticker,26.0,,,26.0,25.5,,,,,,,,,31.325,26.0,5.325,,HIGH,PAPER_ONLY_REAL_MONEY_BLOCKED,SUPPORTED,,PENDING,,,,,,,,,,,,full_game,,"[""RULE_81""]","{""alternateLine"": true, ""rank"": 139}",CLEAN,[],PAPER,False,5.0,,,"[""RULE_81""]"
PAPER:2026-08-02:KXMLBSPREAD-26AUG021340CWSTB-CWS2,2026-08-02,822943,CWS @ TB,KXMLBSPREAD-26AUG021340CWSTB-CWS2,,winning_margin,,full_game,CWS,1.5,,CWS,PAPER_SPREAD_LEDGER,,,exact_ticker,30.0,,,30.0,29.5,,,,,,,,,32.206,30.0,2.206,,MEDIUM,PAPER_ONLY_REAL_MONEY_BLOCKED,SUPPORTED,,PENDING,,,,,,,,,,,,full_game,,"[""RULE_81""]","{""alternateLine"": false, ""rank"": 193}",CLEAN,[],PAPER,False,5.0,,,"[""RULE_81""]"
PAPER:2026-08-02:KXMLBSPREAD-26AUG021605DETATH-DET2,2026-08-02,824971,DET @ ATH,KXMLBSPREAD-26AUG021605DETATH-DET2,,winning_margin,,full_game,DET,1.5,,DET,PAPER_SPREAD_LEDGER,,,exact_ticker,43.0,,,43.0,42.5,,,,,,,,,46.456,43.0,3.456,,HIGH,PAPER_ONLY_REAL_MONEY_BLOCKED,SUPPORTED,,PENDING,,,,,,,,,,,,full_game,,"[""RULE_81""]","{""alternateLine"": false, ""rank"": 171}",CLEAN,[],PAPER,False,5.0,,,"[""RULE_81""]"
PAPER:2026-08-02:KXMLBSPREAD-26AUG021920BOSLAD-BOS2,2026-08-02,823919,BOS @ LAD,KXMLBSPREAD-26AUG021920BOSLAD-BOS2,,winning_margin,,full_game,BOS,1.5,,BOS,PAPER_SPREAD_LEDGER,,,exact_ticker,29.0,,,29.0,28.5,,,,,,,,,36.784,29.0,7.784,,HIGH,PAPER_ONLY_REAL_MONEY_BLOCKED,SUPPORTED,,PENDING,,,,,,,,,,,,full_game,,"[""RULE_81""]","{""alternateLine"": false, ""rank"": 96}",CLEAN,[],PAPER,False,5.0,,,"[""RULE_81""]"
PAPER:2026-08-02:KXMLBSPREAD-26AUG021920BOSLAD-BOS3,2026-08-02,823919,BOS @ LAD,KXMLBSPREAD-26AUG021920BOSLAD-BOS3,,winning_margin,,full_game,BOS,2.5,,BOS,PAPER_SPREAD_LEDGER,,,exact_ticker,20.0,,,20.0,19.5,,,,,,,,,23.942,20.0,3.942,,HIGH,PAPER_ONLY_REAL_MONEY_BLOCKED,SUPPORTED,,PENDING,,,,,,,,,,,,full_game,,"[""RULE_81""]","{""alternateLine"": true, ""rank"": 160}",CLEAN,[],PAPER,False,5.0,,,"[""RULE_81""]"
PAPER:2026-08-03:KXMLBF3-26AUG032040TBCOL-COL,2026-08-03,824324,TB @ COL,KXMLBF3-26AUG032040TBCOL-COL,,inning_result,,F3,Home,,,Home,PAPER_SPREAD_LEDGER,,,exact_ticker,33.0,,,33.0,32.0,,,,,,,,,49.576,33.0,16.576,,HIGH,PAPER_ONLY_REAL_MONEY_BLOCKED,SUPPORTED,,PENDING,,,,,,,,,,,,F3,,"[""NOT_YET_ACTIVATED_NO_HISTORICAL_PAPER_SAMPLE""]","{""alternateLine"": null, ""rank"": 36}",CLEAN,[],PAPER,False,5.0,,,"[""NOT_YET_ACTIVATED_NO_HISTORICAL_PAPER_SAMPLE""]"
PAPER:2026-08-03:KXMLBF3-26AUG032040TBCOL-TB,2026-08-03,824324,TB @ COL,KXMLBF3-26AUG032040TBCOL-TB,,inning_result,,F3,Away,,,Away,PAPER_SPREAD_LEDGER,,,exact_ticker,48.0,,,48.0,47.0,,,,,,,,,50.424,48.0,2.424,,MEDIUM,PAPER_ONLY_REAL_MONEY_BLOCKED,SUPPORTED,,PENDING,,,,,,,,,,,,F3,,"[""NOT_YET_ACTIVATED_NO_HISTORICAL_PAPER_SAMPLE""]","{""alternateLine"": null, ""rank"": 114}",CLEAN,[],PAPER,False,5.0,,,"[""NOT_YET_ACTIVATED_NO_HISTORICAL_PAPER_SAMPLE""]"
PAPER:2026-08-03:KXMLBF3-26AUG032040TBCOL-TIE,2026-08-03,824324,TB @ COL,KXMLBF3-26AUG032040TBCOL-TIE,,inning_result,,F3,Tie,,,Tie,PAPER_SPREAD_LEDGER,,,exact_ticker,20.0,,,20.0,19.0,,,,,,,,,25.207,20.0,5.207,,HIGH,PAPER_ONLY_REAL_MONEY_BLOCKED,SUPPORTED,,PENDING,,,,,,,,,,,,F3,,"[""NOT_YET_ACTIVATED_NO_HISTORICAL_PAPER_SAMPLE""]","{""alternateLine"": null, ""rank"": 90}",CLEAN,[],PAPER,False,5.0,,,"[""NOT_YET_ACTIVATED_NO_HISTORICAL_PAPER_SAMPLE""]"
PAPER:2026-08-03:KXMLBF3-26AUG032140SDAZ-AZ,2026-08-03,825095,SD @ AZ,KXMLBF3-26AUG032140SDAZ-AZ,,inning_result,,F3,Home,,,Home,PAPER_SPREAD_LEDGER,,,exact_ticker,37.0,,,37.0,36.5,,,,,,,,,46.721,37.0,9.721,,HIGH,PAPER_ONLY_REAL_MONEY_BLOCKED,SUPPORTED,,PENDING,,,,,,,,,,,,F3,,"[""NOT_YET_ACTIVATED_NO_HISTORICAL_PAPER_SAMPLE""]","{""alternateLine"": null, ""rank"": 62}",CLEAN,[],PAPER,False,5.0,,,"[""NOT_YET_ACTIVATED_NO_HISTORICAL_PAPER_SAMPLE""]"
PAPER:2026-08-03:KXMLBF3-26AUG032140SDAZ-SD,2026-08-03,825095,SD @ AZ,KXMLBF3-26AUG032140SDAZ-SD,,inning_result,,F3,Away,,,Away,PAPER_SPREAD_LEDGER,,,exact_ticker,40.0,,,40.0,39.5,,,,,,,,,53.279,40.0,13.279,,HIGH,PAPER_ONLY_REAL_MONEY_BLOCKED,SUPPORTED,,PENDING,,,,,,,,,,,,F3,,"[""NOT_YET_ACTIVATED_NO_HISTORICAL_PAPER_SAMPLE""]","{""alternateLine"": null, ""rank"": 48}",CLEAN,[],PAPER,False,5.0,,,"[""NOT_YET_ACTIVATED_NO_HISTORICAL_PAPER_SAMPLE""]"
PAPER:2026-08-03:KXMLBF3-26AUG032140SDAZ-TIE,2026-08-03,825095,SD @ AZ,KXMLBF3-26AUG032140SDAZ-TIE,,inning_result,,F3,Tie,,,Tie,PAPER_SPREAD_LEDGER,,,exact_ticker,23.0,,,23.0,22.5,,,,,,,,,25.699,23.0,2.699,,MEDIUM,PAPER_ONLY_REAL_MONEY_BLOCKED,SUPPORTED,,PENDING,,,,,,,,,,,,F3,,"[""NOT_YET_ACTIVATED_NO_HISTORICAL_PAPER_SAMPLE""]","{""alternateLine"": null, ""rank"": 110}",CLEAN,[],PAPER,False,5.0,,,"[""NOT_YET_ACTIVATED_NO_HISTORICAL_PAPER_SAMPLE""]"
PAPER:2026-08-03:KXMLBF7-26AUG032040TBCOL-COL,2026-08-03,824324,TB @ COL,KXMLBF7-26AUG032040TBCOL-COL,,inning_result,,F7,Home,,,Home,PAPER_SPREAD_LEDGER,,,exact_ticker,35.0,,,35.0,34.0,,,,,,,,,48.946,35.0,13.946,,HIGH,PAPER_ONLY_REAL_MONEY_BLOCKED,SUPPORTED,,PENDING,,,,,,,,,,,,F7,,"[""NOT_YET_ACTIVATED_NO_HISTORICAL_PAPER_SAMPLE""]","{""alternateLine"": null, ""rank"": 44}",CLEAN,[],PAPER,False,5.0,,,"[""NOT_YET_ACTIVATED_NO_HISTORICAL_PAPER_SAMPLE""]"
PAPER:2026-08-03:KXMLBF7-26AUG032040TBCOL-TIE,2026-08-03,824324,TB @ COL,KXMLBF7-26AUG032040TBCOL-TIE,,inning_result,,F7,Tie,,,Tie,PAPER_SPREAD_LEDGER,,,exact_ticker,10.0,,,10.0,9.0,,,,,,,,,19.619,10.0,9.619,,HIGH,PAPER_ONLY_REAL_MONEY_BLOCKED,SUPPORTED,,PENDING,,,,,,,,,,,,F7,,"[""NOT_YET_ACTIVATED_NO_HISTORICAL_PAPER_SAMPLE""]","{""alternateLine"": null, ""rank"": 63}",CLEAN,[],PAPER,False,5.0,,,"[""NOT_YET_ACTIVATED_NO_HISTORICAL_PAPER_SAMPLE""]"
PAPER:2026-08-03:KXMLBF7-26AUG032140SDAZ-AZ,2026-08-03,825095,SD @ AZ,KXMLBF7-26AUG032140SDAZ-AZ,,inning_result,,F7,Home,,,Home,PAPER_SPREAD_LEDGER,,,exact_ticker,47.0,,,47.0,45.5,,,,,,,,,48.053,47.0,1.053,,PAPER,PAPER_ONLY_REAL_MONEY_BLOCKED,SUPPORTED,,PENDING,,,,,,,,,,,,F7,,"[""NOT_YET_ACTIVATED_NO_HISTORICAL_PAPER_SAMPLE""]","{""alternateLine"": null, ""rank"": 120}",CLEAN,[],PAPER,False,5.0,,,"[""NOT_YET_ACTIVATED_NO_HISTORICAL_PAPER_SAMPLE""]"
PAPER:2026-08-03:KXMLBF7-26AUG032140SDAZ-SD,2026-08-03,825095,SD @ AZ,KXMLBF7-26AUG032140SDAZ-SD,,inning_result,,F7,Away,,,Away,PAPER_SPREAD_LEDGER,,,exact_ticker,43.0,,,43.0,42.0,,,,,,,,,51.947,43.0,8.947,,HIGH,PAPER_ONLY_REAL_MONEY_BLOCKED,SUPPORTED,,PENDING,,,,,,,,,,,,F7,,"[""NOT_YET_ACTIVATED_NO_HISTORICAL_PAPER_SAMPLE""]","{""alternateLine"": null, ""rank"": 66}",CLEAN,[],PAPER,False,5.0,,,"[""NOT_YET_ACTIVATED_NO_HISTORICAL_PAPER_SAMPLE""]"
PAPER:2026-08-03:KXMLBF7-26AUG032140SDAZ-TIE,2026-08-03,825095,SD @ AZ,KXMLBF7-26AUG032140SDAZ-TIE,,inning_result,,F7,Tie,,,Tie,PAPER_SPREAD_LEDGER,,,exact_ticker,13.0,,,13.0,12.5,,,,,,,,,18.617,13.0,5.617,,HIGH,PAPER_ONLY_REAL_MONEY_BLOCKED,SUPPORTED,,PENDING,,,,,,,,,,,,F7,,"[""NOT_YET_ACTIVATED_NO_HISTORICAL_PAPER_SAMPLE""]","{""alternateLine"": null, ""rank"": 84}",CLEAN,[],PAPER,False,5.0,,,"[""NOT_YET_ACTIVATED_NO_HISTORICAL_PAPER_SAMPLE""]"
PAPER:2026-08-03:KXMLBSPREAD-26AUG032040TBCOL-COL2,2026-08-03,824324,TB @ COL,KXMLBSPREAD-26AUG032040TBCOL-COL2,,winning_margin,,full_game,COL,1.5,,COL,PAPER_SPREAD_LEDGER,,,exact_ticker,25.0,,,25.0,24.5,,,,,,,,,30.402,25.0,5.402,,HIGH,PAPER_ONLY_REAL_MONEY_BLOCKED,SUPPORTED,,PENDING,,,,,,,,,,,,full_game,,"[""RULE_81""]","{""alternateLine"": false, ""rank"": 87}",CLEAN,[],PAPER,False,5.0,,,"[""RULE_81""]"
PAPER:2026-08-03:KXMLBSPREAD-26AUG032040TBCOL-COL3,2026-08-03,824324,TB @ COL,KXMLBSPREAD-26AUG032040TBCOL-COL3,,winning_margin,,full_game,COL,2.5,,COL,PAPER_SPREAD_LEDGER,,,exact_ticker,18.0,,,18.0,17.5,,,,,,,,,19.537,18.0,1.537,,MEDIUM,PAPER_ONLY_REAL_MONEY_BLOCKED,SUPPORTED,,PENDING,,,,,,,,,,,,full_game,,"[""RULE_81""]","{""alternateLine"": true, ""rank"": 116}",CLEAN,[],PAPER,False,5.0,,,"[""RULE_81""]"
PAPER:2026-08-04:KXMLBF3-26AUG041835LAABAL-BAL,2026-08-04,824805,LAA @ BAL,KXMLBF3-26AUG041835LAABAL-BAL,,inning_result,,F3,Home,,,Home,PAPER_SPREAD_LEDGER,,,exact_ticker,46.0,,,46.0,45.5,,,,,,,,,52.168,46.0,6.168,,HIGH,PAPER_ONLY_REAL_MONEY_BLOCKED,SUPPORTED,,PENDING,,,,,,,,,,,,F3,,"[""NOT_YET_ACTIVATED_NO_HISTORICAL_PAPER_SAMPLE""]","{""alternateLine"": null, ""rank"": 116}",CLEAN,[],PAPER,False,5.0,,,"[""NOT_YET_ACTIVATED_NO_HISTORICAL_PAPER_SAMPLE""]"
PAPER:2026-08-04:KXMLBF3-26AUG041835LAABAL-LAA,2026-08-04,824805,LAA @ BAL,KXMLBF3-26AUG041835LAABAL-LAA,,inning_result,,F3,Away,,,Away,PAPER_SPREAD_LEDGER,,,exact_ticker,34.0,,,34.0,33.5,,,,,,,,,47.832,34.0,13.832,,HIGH,PAPER_ONLY_REAL_MONEY_BLOCKED,SUPPORTED,,PENDING,,,,,,,,,,,,F3,,"[""NOT_YET_ACTIVATED_NO_HISTORICAL_PAPER_SAMPLE""]","{""alternateLine"": null, ""rank"": 41}",CLEAN,[],PAPER,False,5.0,,,"[""NOT_YET_ACTIVATED_NO_HISTORICAL_PAPER_SAMPLE""]"
PAPER:2026-08-04:KXMLBF3-26AUG041835LAABAL-TIE,2026-08-04,824805,LAA @ BAL,KXMLBF3-26AUG041835LAABAL-TIE,,inning_result,,F3,Tie,,,Tie,PAPER_SPREAD_LEDGER,,,exact_ticker,21.0,,,21.0,20.5,,,,,,,,,22.562,21.0,1.562,,MEDIUM,PAPER_ONLY_REAL_MONEY_BLOCKED,SUPPORTED,,PENDING,,,,,,,,,,,,F3,,"[""NOT_YET_ACTIVATED_NO_HISTORICAL_PAPER_SAMPLE""]","{""alternateLine"": null, ""rank"": 199}",CLEAN,[],PAPER,False,5.0,,,"[""NOT_YET_ACTIVATED_NO_HISTORICAL_PAPER_SAMPLE""]"
PAPER:2026-08-04:KXMLBF3-26AUG041840ATHCIN-ATH,2026-08-04,824484,ATH @ CIN,KXMLBF3-26AUG041840ATHCIN-ATH,,inning_result,,F3,Away,,,Away,PAPER_SPREAD_LEDGER,,,exact_ticker,36.0,,,36.0,35.0,,,,,,,,,54.491,36.0,18.491,,HIGH,PAPER_ONLY_REAL_MONEY_BLOCKED,SUPPORTED,,PENDING,,,,,,,,,,,,F3,,"[""NOT_YET_ACTIVATED_NO_HISTORICAL_PAPER_SAMPLE""]","{""alternateLine"": null, ""rank"": 27}",CLEAN,[],PAPER,False,5.0,,,"[""NOT_YET_ACTIVATED_NO_HISTORICAL_PAPER_SAMPLE""]"
PAPER:2026-08-04:KXMLBF3-26AUG041840ATHCIN-CIN,2026-08-04,824484,ATH @ CIN,KXMLBF3-26AUG041840ATHCIN-CIN,,inning_result,,F3,Home,,,Home,PAPER_SPREAD_LEDGER,,,exact_ticker,41.0,,,41.0,40.0,,,,,,,,,45.509,41.0,4.509,,HIGH,PAPER_ONLY_REAL_MONEY_BLOCKED,SUPPORTED,,PENDING,,,,,,,,,,,,F3,,"[""NOT_YET_ACTIVATED_NO_HISTORICAL_PAPER_SAMPLE""]","{""alternateLine"": null, ""rank"": 150}",CLEAN,[],PAPER,False,5.0,,,"[""NOT_YET_ACTIVATED_NO_HISTORICAL_PAPER_SAMPLE""]"
PAPER:2026-08-04:KXMLBF3-26AUG041840NYMCLE-CLE,2026-08-04,824403,NYM @ CLE,KXMLBF3-26AUG041840NYMCLE-CLE,,inning_result,,F3,Home,,,Home,PAPER_SPREAD_LEDGER,,,exact_ticker,40.0,,,40.0,39.5,,,,,,,,,54.998,40.0,14.998,,HIGH,PAPER_ONLY_REAL_MONEY_BLOCKED,SUPPORTED,,PENDING,,,,,,,,,,,,F3,,"[""NOT_YET_ACTIVATED_NO_HISTORICAL_PAPER_SAMPLE""]","{""alternateLine"": null, ""rank"": 39}",CLEAN,[],PAPER,False,5.0,,,"[""NOT_YET_ACTIVATED_NO_HISTORICAL_PAPER_SAMPLE""]"
PAPER:2026-08-04:KXMLBF3-26AUG041840NYMCLE-NYM,2026-08-04,824403,NYM @ CLE,KXMLBF3-26AUG041840NYMCLE-NYM,,inning_result,,F3,Away,,,Away,PAPER_SPREAD_LEDGER,,,exact_ticker,33.0,,,33.0,32.5,,,,,,,,,45.002,33.0,12.002,,HIGH,PAPER_ONLY_REAL_MONEY_BLOCKED,SUPPORTED,,PENDING,,,,,,,,,,,,F3,,"[""NOT_YET_ACTIVATED_NO_HISTORICAL_PAPER_SAMPLE""]","{""alternateLine"": null, ""rank"": 52}",CLEAN,[],PAPER,False,5.0,,,"[""NOT_YET_ACTIVATED_NO_HISTORICAL_PAPER_SAMPLE""]"
PAPER:2026-08-04:KXMLBF3-26AUG041840WSHPHI-TIE,2026-08-04,823432,WSH @ PHI,KXMLBF3-26AUG041840WSHPHI-TIE,,inning_result,,F3,Tie,,,Tie,PAPER_SPREAD_LEDGER,,,exact_ticker,21.0,,,21.0,20.5,,,,,,,,,38.058,21.0,17.058,,HIGH,PAPER_ONLY_REAL_MONEY_BLOCKED,SUPPORTED,,PENDING,,,,,,,,,,,,F3,,"[""NOT_YET_ACTIVATED_NO_HISTORICAL_PAPER_SAMPLE""]","{""alternateLine"": null, ""rank"": 33}",CLEAN,[],PAPER,False,5.0,,,"[""NOT_YET_ACTIVATED_NO_HISTORICAL_PAPER_SAMPLE""]"
PAPER:2026-08-04:KXMLBF3-26AUG041840WSHPHI-WSH,2026-08-04,823432,WSH @ PHI,KXMLBF3-26AUG041840WSHPHI-WSH,,inning_result,,F3,Away,,,Away,PAPER_SPREAD_LEDGER,,,exact_ticker,24.0,,,24.0,23.5,,,,,,,,,99.877,24.0,75.877,,HIGH,PAPER_ONLY_REAL_MONEY_BLOCKED,SUPPORTED,,PENDING,,,,,,,,,,,,F3,,"[""NOT_YET_ACTIVATED_NO_HISTORICAL_PAPER_SAMPLE""]","{""alternateLine"": null, ""rank"": 1}",CLEAN,[],PAPER,False,5.0,,,"[""NOT_YET_ACTIVATED_NO_HISTORICAL_PAPER_SAMPLE""]"
PAPER:2026-08-04:KXMLBF3-26AUG041905STLNYY-NYY,2026-08-04,823517,STL @ NYY,KXMLBF3-26AUG041905STLNYY-NYY,,inning_result,,F3,Home,,,Home,PAPER_SPREAD_LEDGER,,,exact_ticker,45.0,,,45.0,44.5,,,,,,,,,49.899,45.0,4.899,,HIGH,PAPER_ONLY_REAL_MONEY_BLOCKED,SUPPORTED,,PENDING,,,,,,,,,,,,F3,,"[""NOT_YET_ACTIVATED_NO_HISTORICAL_PAPER_SAMPLE""]","{""alternateLine"": null, ""rank"": 144}",CLEAN,[],PAPER,False,5.0,,,"[""NOT_YET_ACTIVATED_NO_HISTORICAL_PAPER_SAMPLE""]"
PAPER:2026-08-04:KXMLBF3-26AUG041905STLNYY-STL,2026-08-04,823517,STL @ NYY,KXMLBF3-26AUG041905STLNYY-STL,,inning_result,,F3,Away,,,Away,PAPER_SPREAD_LEDGER,,,exact_ticker,30.0,,,30.0,29.5,,,,,,,,,50.101,30.0,20.101,,HIGH,PAPER_ONLY_REAL_MONEY_BLOCKED,SUPPORTED,,PENDING,,,,,,,,,,,,F3,,"[""NOT_YET_ACTIVATED_NO_HISTORICAL_PAPER_SAMPLE""]","{""alternateLine"": null, ""rank"": 23}",CLEAN,[],PAPER,False,5.0,,,"[""NOT_YET_ACTIVATED_NO_HISTORICAL_PAPER_SAMPLE""]"
PAPER:2026-08-04:KXMLBF3-26AUG041905STLNYY-TIE,2026-08-04,823517,STL @ NYY,KXMLBF3-26AUG041905STLNYY-TIE,,inning_result,,F3,Tie,,,Tie,PAPER_SPREAD_LEDGER,,,exact_ticker,24.0,,,24.0,23.5,,,,,,,,,27.765,24.0,3.765,,HIGH,PAPER_ONLY_REAL_MONEY_BLOCKED,SUPPORTED,,PENDING,,,,,,,,,,,,F3,,"[""NOT_YET_ACTIVATED_NO_HISTORICAL_PAPER_SAMPLE""]","{""alternateLine"": null, ""rank"": 163}",CLEAN,[],PAPER,False,5.0,,,"[""NOT_YET_ACTIVATED_NO_HISTORICAL_PAPER_SAMPLE""]"
PAPER:2026-08-04:KXMLBF3-26AUG041910CWSBOS-CWS,2026-08-04,824731,CWS @ BOS,KXMLBF3-26AUG041910CWSBOS-CWS,,inning_result,,F3,Away,,,Away,PAPER_SPREAD_LEDGER,,,exact_ticker,36.0,,,36.0,35.0,,,,,,,,,61.237,36.0,25.237,,HIGH,PAPER_ONLY_REAL_MONEY_BLOCKED,SUPPORTED,,PENDING,,,,,,,,,,,,F3,,"[""NOT_YET_ACTIVATED_NO_HISTORICAL_PAPER_SAMPLE""]","{""alternateLine"": null, ""rank"": 17}",CLEAN,[],PAPER,False,5.0,,,"[""NOT_YET_ACTIVATED_NO_HISTORICAL_PAPER_SAMPLE""]"
PAPER:2026-08-04:KXMLBF3-26AUG041910CWSBOS-TIE,2026-08-04,824731,CWS @ BOS,KXMLBF3-26AUG041910CWSBOS-TIE,,inning_result,,F3,Tie,,,Tie,PAPER_SPREAD_LEDGER,,,exact_ticker,24.0,,,24.0,23.5,,,,,,,,,27.401,24.0,3.401,,HIGH,PAPER_ONLY_REAL_MONEY_BLOCKED,SUPPORTED,,PENDING,,,,,,,,,,,,F3,,"[""NOT_YET_ACTIVATED_NO_HISTORICAL_PAPER_SAMPLE""]","{""alternateLine"": null, ""rank"": 174}",CLEAN,[],PAPER,False,5.0,,,"[""NOT_YET_ACTIVATED_NO_HISTORICAL_PAPER_SAMPLE""]"
PAPER:2026-08-04:KXMLBF3-26AUG041915MIAATL-MIA,2026-08-04,824888,MIA @ ATL,KXMLBF3-26AUG041915MIAATL-MIA,,inning_result,,F3,Away,,,Away,PAPER_SPREAD_LEDGER,,,exact_ticker,34.0,,,34.0,33.5,,,,,,,,,60.835,34.0,26.835,,HIGH,PAPER_ONLY_REAL_MONEY_BLOCKED,SUPPORTED,,PENDING,,,,,,,,,,,,F3,,"[""NOT_YET_ACTIVATED_NO_HISTORICAL_PAPER_SAMPLE""]","{""alternateLine"": null, ""rank"": 15}",CLEAN,[],PAPER,False,5.0,,,"[""NOT_YET_ACTIVATED_NO_HISTORICAL_PAPER_SAMPLE""]"
PAPER:2026-08-04:KXMLBF3-26AUG041915MIAATL-TIE,2026-08-04,824888,MIA @ ATL,KXMLBF3-26AUG041915MIAATL-TIE,,inning_result,,F3,Tie,,,Tie,PAPER_SPREAD_LEDGER,,,exact_ticker,21.0,,,21.0,20.5,,,,,,,,,24.39,21.0,3.39,,HIGH,PAPER_ONLY_REAL_MONEY_BLOCKED,SUPPORTED,,PENDING,,,,,,,,,,,,F3,,"[""NOT_YET_ACTIVATED_NO_HISTORICAL_PAPER_SAMPLE""]","{""alternateLine"": null, ""rank"": 175}",CLEAN,[],PAPER,False,5.0,,,"[""NOT_YET_ACTIVATED_NO_HISTORICAL_PAPER_SAMPLE""]"
PAPER:2026-08-04:KXMLBF3-26AUG041940MINKC-KC,2026-08-04,824084,MIN @ KC,KXMLBF3-26AUG041940MINKC-KC,,inning_result,,F3,Home,,,Home,PAPER_SPREAD_LEDGER,,,exact_ticker,33.0,,,33.0,32.0,,,,,,,,,38.686,33.0,5.686,,HIGH,PAPER_ONLY_REAL_MONEY_BLOCKED,SUPPORTED,,PENDING,,,,,,,,,,,,F3,,"[""NOT_YET_ACTIVATED_NO_HISTORICAL_PAPER_SAMPLE""]","{""alternateLine"": null, ""rank"": 125}",CLEAN,[],PAPER,False,5.0,,,"[""NOT_YET_ACTIVATED_NO_HISTORICAL_PAPER_SAMPLE""]"
PAPER:2026-08-04:KXMLBF3-26AUG041940MINKC-MIN,2026-08-04,824084,MIN @ KC,KXMLBF3-26AUG041940MINKC-MIN,,inning_result,,F3,Away,,,Away,PAPER_SPREAD_LEDGER,,,exact_ticker,44.0,,,44.0,43.5,,,,,,,,,61.314,44.0,17.314,,HIGH,PAPER_ONLY_REAL_MONEY_BLOCKED,SUPPORTED,,PENDING,,,,,,,,,,,,F3,,"[""NOT_YET_ACTIVATED_NO_HISTORICAL_PAPER_SAMPLE""]","{""alternateLine"": null, ""rank"": 31}",CLEAN,[],PAPER,False,5.0,,,"[""NOT_YET_ACTIVATED_NO_HISTORICAL_PAPER_SAMPLE""]"
PAPER:2026-08-04:KXMLBF3-26AUG041940MINKC-TIE,2026-08-04,824084,MIN @ KC,KXMLBF3-26AUG041940MINKC-TIE,,inning_result,,F3,Tie,,,Tie,PAPER_SPREAD_LEDGER,,,exact_ticker,23.0,,,23.0,22.0,,,,,,,,,27.345,23.0,4.345,,HIGH,PAPER_ONLY_REAL_MONEY_BLOCKED,SUPPORTED,,PENDING,,,,,,,,,,,,F3,,"[""NOT_YET_ACTIVATED_NO_HISTORICAL_PAPER_SAMPLE""]","{""alternateLine"": null, ""rank"": 155}",CLEAN,[],PAPER,False,5.0,,,"[""NOT_YET_ACTIVATED_NO_HISTORICAL_PAPER_SAMPLE""]"
PAPER:2026-08-04:KXMLBF3-26AUG041940PITMIL-MIL,2026-08-04,823756,PIT @ MIL,KXMLBF3-26AUG041940PITMIL-MIL,,inning_result,,F3,Home,,,Home,PAPER_SPREAD_LEDGER,,,exact_ticker,40.0,,,40.0,39.5,,,,,,,,,59.354,40.0,19.354,,HIGH,PAPER_ONLY_REAL_MONEY_BLOCKED,SUPPORTED,,PENDING,,,,,,,,,,,,F3,,"[""NOT_YET_ACTIVATED_NO_HISTORICAL_PAPER_SAMPLE""]","{""alternateLine"": null, ""rank"": 25}",CLEAN,[],PAPER,False,5.0,,,"[""NOT_YET_ACTIVATED_NO_HISTORICAL_PAPER_SAMPLE""]"
PAPER:2026-08-04:KXMLBF3-26AUG041940PITMIL-PIT,2026-08-04,823756,PIT @ MIL,KXMLBF3-26AUG041940PITMIL-PIT,,inning_result,,F3,Away,,,Away,PAPER_SPREAD_LEDGER,,,exact_ticker,33.0,,,33.0,32.0,,,,,,,,,40.646,33.0,7.646,,HIGH,PAPER_ONLY_REAL_MONEY_BLOCKED,SUPPORTED,,PENDING,,,,,,,,,,,,F3,,"[""NOT_YET_ACTIVATED_NO_HISTORICAL_PAPER_SAMPLE""]","{""alternateLine"": null, ""rank"": 96}",CLEAN,[],PAPER,False,5.0,,,"[""NOT_YET_ACTIVATED_NO_HISTORICAL_PAPER_SAMPLE""]"
PAPER:2026-08-04:KXMLBF3-26AUG041940PITMIL-TIE,2026-08-04,823756,PIT @ MIL,KXMLBF3-26AUG041940PITMIL-TIE,,inning_result,,F3,Tie,,,Tie,PAPER_SPREAD_LEDGER,,,exact_ticker,28.0,,,28.0,27.0,,,,,,,,,29.759,28.0,1.759,,MEDIUM,PAPER_ONLY_REAL_MONEY_BLOCKED,SUPPORTED,,PENDING,,,,,,,,,,,,F3,,"[""NOT_YET_ACTIVATED_NO_HISTORICAL_PAPER_SAMPLE""]","{""alternateLine"": null, ""rank"": 194}",CLEAN,[],PAPER,False,5.0,,,"[""NOT_YET_ACTIVATED_NO_HISTORICAL_PAPER_SAMPLE""]"
PAPER:2026-08-04:KXMLBF3-26AUG042005LADCHC-CHC,2026-08-04,824645,LAD @ CHC,KXMLBF3-26AUG042005LADCHC-CHC,,inning_result,,F3,Home,,,Home,PAPER_SPREAD_LEDGER,,,exact_ticker,28.0,,,28.0,27.0,,,,,,,,,30.371,28.0,2.371,,MEDIUM,PAPER_ONLY_REAL_MONEY_BLOCKED,SUPPORTED,,PENDING,,,,,,,,,,,,F3,,"[""NOT_YET_ACTIVATED_NO_HISTORICAL_PAPER_SAMPLE""]","{""alternateLine"": null, ""rank"": 190}",CLEAN,[],PAPER,False,5.0,,,"[""NOT_YET_ACTIVATED_NO_HISTORICAL_PAPER_SAMPLE""]"
PAPER:2026-08-04:KXMLBF3-26AUG042005LADCHC-LAD,2026-08-04,824645,LAD @ CHC,KXMLBF3-26AUG042005LADCHC-LAD,,inning_result,,F3,Away,,,Away,PAPER_SPREAD_LEDGER,,,exact_ticker,50.0,,,50.0,49.5,,,,,,,,,69.629,50.0,19.629,,HIGH,PAPER_ONLY_REAL_MONEY_BLOCKED,SUPPORTED,,PENDING,,,,,,,,,,,,F3,,"[""NOT_YET_ACTIVATED_NO_HISTORICAL_PAPER_SAMPLE""]","{""alternateLine"": null, ""rank"": 24}",CLEAN,[],PAPER,False,5.0,,,"[""NOT_YET_ACTIVATED_NO_HISTORICAL_PAPER_SAMPLE""]"
PAPER:2026-08-04:KXMLBF3-26AUG042005LADCHC-TIE,2026-08-04,824645,LAD @ CHC,KXMLBF3-26AUG042005LADCHC-TIE,,inning_result,,F3,Tie,,,Tie,PAPER_SPREAD_LEDGER,,,exact_ticker,23.0,,,23.0,22.5,,,,,,,,,24.7,23.0,1.7,,MEDIUM,PAPER_ONLY_REAL_MONEY_BLOCKED,SUPPORTED,,PENDING,,,,,,,,,,,,F3,,"[""NOT_YET_ACTIVATED_NO_HISTORICAL_PAPER_SAMPLE""]","{""alternateLine"": null, ""rank"": 196}",CLEAN,[],PAPER,False,5.0,,,"[""NOT_YET_ACTIVATED_NO_HISTORICAL_PAPER_SAMPLE""]"
PAPER:2026-08-04:KXMLBF3-26AUG042005SFTEX-SF,2026-08-04,822865,SF @ TEX,KXMLBF3-26AUG042005SFTEX-SF,,inning_result,,F3,Away,,,Away,PAPER_SPREAD_LEDGER,,,exact_ticker,29.0,,,29.0,28.0,,,,,,,,,58.642,29.0,29.642,,HIGH,PAPER_ONLY_REAL_MONEY_BLOCKED,SUPPORTED,,PENDING,,,,,,,,,,,,F3,,"[""NOT_YET_ACTIVATED_NO_HISTORICAL_PAPER_SAMPLE""]","{""alternateLine"": null, ""rank"": 8}",CLEAN,[],PAPER,False,5.0,,,"[""NOT_YET_ACTIVATED_NO_HISTORICAL_PAPER_SAMPLE""]"
PAPER:2026-08-04:KXMLBF3-26AUG042005SFTEX-TIE,2026-08-04,822865,SF @ TEX,KXMLBF3-26AUG042005SFTEX-TIE,,inning_result,,F3,Tie,,,Tie,PAPER_SPREAD_LEDGER,,,exact_ticker,25.0,,,25.0,24.0,,,,,,,,,28.631,25.0,3.631,,HIGH,PAPER_ONLY_REAL_MONEY_BLOCKED,SUPPORTED,,PENDING,,,,,,,,,,,,F3,,"[""NOT_YET_ACTIVATED_NO_HISTORICAL_PAPER_SAMPLE""]","{""alternateLine"": null, ""rank"": 166}",CLEAN,[],PAPER,False,5.0,,,"[""NOT_YET_ACTIVATED_NO_HISTORICAL_PAPER_SAMPLE""]"
PAPER:2026-08-04:KXMLBF3-26AUG042010TORHOU-HOU,2026-08-04,824161,TOR @ HOU,KXMLBF3-26AUG042010TORHOU-HOU,,inning_result,,F3,Home,,,Home,PAPER_SPREAD_LEDGER,,,exact_ticker,40.0,,,40.0,39.5,,,,,,,,,69.482,40.0,29.482,,HIGH,PAPER_ONLY_REAL_MONEY_BLOCKED,SUPPORTED,,PENDING,,,,,,,,,,,,F3,,"[""NOT_YET_ACTIVATED_NO_HISTORICAL_PAPER_SAMPLE""]","{""alternateLine"": null, ""rank"": 9}",CLEAN,[],PAPER,False,5.0,,,"[""NOT_YET_ACTIVATED_NO_HISTORICAL_PAPER_SAMPLE""]"
PAPER:2026-08-04:KXMLBF3-26AUG042010TORHOU-TIE,2026-08-04,824161,TOR @ HOU,KXMLBF3-26AUG042010TORHOU-TIE,,inning_result,,F3,Tie,,,Tie,PAPER_SPREAD_LEDGER,,,exact_ticker,24.0,,,24.0,23.5,,,,,,,,,26.664,24.0,2.664,,MEDIUM,PAPER_ONLY_REAL_MONEY_BLOCKED,SUPPORTED,,PENDING,,,,,,,,,,,,F3,,"[""NOT_YET_ACTIVATED_NO_HISTORICAL_PAPER_SAMPLE""]","{""alternateLine"": null, ""rank"": 185}",CLEAN,[],PAPER,False,5.0,,,"[""NOT_YET_ACTIVATED_NO_HISTORICAL_PAPER_SAMPLE""]"
PAPER:2026-08-04:KXMLBF3-26AUG042040TBCOL-COL,2026-08-04,824321,TB @ COL,KXMLBF3-26AUG042040TBCOL-COL,,inning_result,,F3,Home,,,Home,PAPER_SPREAD_LEDGER,,,exact_ticker,35.0,,,35.0,34.5,,,,,,,,,70.613,35.0,35.613,,HIGH,PAPER_ONLY_REAL_MONEY_BLOCKED,SUPPORTED,,PENDING,,,,,,,,,,,,F3,,"[""NOT_YET_ACTIVATED_NO_HISTORICAL_PAPER_SAMPLE""]","{""alternateLine"": null, ""rank"": 5}",CLEAN,[],PAPER,False,5.0,,,"[""NOT_YET_ACTIVATED_NO_HISTORICAL_PAPER_SAMPLE""]"
PAPER:2026-08-04:KXMLBF3-26AUG042040TBCOL-TIE,2026-08-04,824321,TB @ COL,KXMLBF3-26AUG042040TBCOL-TIE,,inning_result,,F3,Tie,,,Tie,PAPER_SPREAD_LEDGER,,,exact_ticker,19.0,,,19.0,18.5,,,,,,,,,25.136,19.0,6.136,,HIGH,PAPER_ONLY_REAL_MONEY_BLOCKED,SUPPORTED,,PENDING,,,,,,,,,,,,F3,,"[""NOT_YET_ACTIVATED_NO_HISTORICAL_PAPER_SAMPLE""]","{""alternateLine"": null, ""rank"": 119}",CLEAN,[],PAPER,False,5.0,,,"[""NOT_YET_ACTIVATED_NO_HISTORICAL_PAPER_SAMPLE""]"
PAPER:2026-08-04:KXMLBF3-26AUG042140DETSEA-DET,2026-08-04,823108,DET @ SEA,KXMLBF3-26AUG042140DETSEA-DET,,inning_result,,F3,Away,,,Away,PAPER_SPREAD_LEDGER,,,exact_ticker,37.0,,,37.0,35.5,,,,,,,,,59.673,37.0,22.673,,HIGH,PAPER_ONLY_REAL_MONEY_BLOCKED,SUPPORTED,,PENDING,,,,,,,,,,,,F3,,"[""NOT_YET_ACTIVATED_NO_HISTORICAL_PAPER_SAMPLE""]","{""alternateLine"": null, ""rank"": 19}",CLEAN,[],PAPER,False,5.0,,,"[""NOT_YET_ACTIVATED_NO_HISTORICAL_PAPER_SAMPLE""]"
PAPER:2026-08-04:KXMLBF3-26AUG042140SDAZ-AZ,2026-08-04,825054,SD @ AZ,KXMLBF3-26AUG042140SDAZ-AZ,,inning_result,,F3,Home,,,Home,PAPER_SPREAD_LEDGER,,,exact_ticker,43.0,,,43.0,42.5,,,,,,,,,55.405,43.0,12.405,,HIGH,PAPER_ONLY_REAL_MONEY_BLOCKED,SUPPORTED,,PENDING,,,,,,,,,,,,F3,,"[""NOT_YET_ACTIVATED_NO_HISTORICAL_PAPER_SAMPLE""]","{""alternateLine"": null, ""rank"": 47}",CLEAN,[],PAPER,False,5.0,,,"[""NOT_YET_ACTIVATED_NO_HISTORICAL_PAPER_SAMPLE""]"
PAPER:2026-08-04:KXMLBF3-26AUG042140SDAZ-SD,2026-08-04,825054,SD @ AZ,KXMLBF3-26AUG042140SDAZ-SD,,inning_result,,F3,Away,,,Away,PAPER_SPREAD_LEDGER,,,exact_ticker,36.0,,,36.0,35.5,,,,,,,,,44.595,36.0,8.595,,HIGH,PAPER_ONLY_REAL_MONEY_BLOCKED,SUPPORTED,,PENDING,,,,,,,,,,,,F3,,"[""NOT_YET_ACTIVATED_NO_HISTORICAL_PAPER_SAMPLE""]","{""alternateLine"": null, ""rank"": 78}",CLEAN,[],PAPER,False,5.0,,,"[""NOT_YET_ACTIVATED_NO_HISTORICAL_PAPER_SAMPLE""]"
PAPER:2026-08-04:KXMLBF3-26AUG042140SDAZ-TIE,2026-08-04,825054,SD @ AZ,KXMLBF3-26AUG042140SDAZ-TIE,,inning_result,,F3,Tie,,,Tie,PAPER_SPREAD_LEDGER,,,exact_ticker,21.0,,,21.0,20.5,,,,,,,,,24.617,21.0,3.617,,HIGH,PAPER_ONLY_REAL_MONEY_BLOCKED,SUPPORTED,,PENDING,,,,,,,,,,,,F3,,"[""NOT_YET_ACTIVATED_NO_HISTORICAL_PAPER_SAMPLE""]","{""alternateLine"": null, ""rank"": 167}",CLEAN,[],PAPER,False,5.0,,,"[""NOT_YET_ACTIVATED_NO_HISTORICAL_PAPER_SAMPLE""]"
PAPER:2026-08-04:KXMLBF5SPREAD-26AUG041840WSHPHI-WSH2,2026-08-04,823432,WSH @ PHI,KXMLBF5SPREAD-26AUG041840WSHPHI-WSH2,,winning_margin,,F5,WSH,1.5,,WSH,PAPER_SPREAD_LEDGER,,,exact_ticker,17.0,,,17.0,16.5,,,,,,,,,24.296,17.0,7.296,,HIGH,PAPER_ONLY_REAL_MONEY_BLOCKED,SUPPORTED,,PENDING,,,,,,,,,,,,F5,,"[""NOT_YET_ACTIVATED_NO_HISTORICAL_PAPER_SAMPLE""]","{""alternateLine"": false, ""rank"": 101}",CLEAN,[],PAPER,False,5.0,,,"[""NOT_YET_ACTIVATED_NO_HISTORICAL_PAPER_SAMPLE""]"
PAPER:2026-08-04:KXMLBF5SPREAD-26AUG041840WSHPHI-WSH3,2026-08-04,823432,WSH @ PHI,KXMLBF5SPREAD-26AUG041840WSHPHI-WSH3,,winning_margin,,F5,WSH,2.5,,WSH,PAPER_SPREAD_LEDGER,,,exact_ticker,9.0,,,9.0,8.5,,,,,,,,,10.085,9.0,1.085,,PAPER,PAPER_ONLY_REAL_MONEY_BLOCKED,SUPPORTED,,PENDING,,,,,,,,,,,,F5,,"[""NOT_YET_ACTIVATED_NO_HISTORICAL_PAPER_SAMPLE""]","{""alternateLine"": true, ""rank"": 207}",CLEAN,[],PAPER,False,5.0,,,"[""NOT_YET_ACTIVATED_NO_HISTORICAL_PAPER_SAMPLE""]"
PAPER:2026-08-04:KXMLBF5SPREAD-26AUG041915MIAATL-MIA2,2026-08-04,824888,MIA @ ATL,KXMLBF5SPREAD-26AUG041915MIAATL-MIA2,,winning_margin,,F5,MIA,1.5,,MIA,PAPER_SPREAD_LEDGER,,,exact_ticker,26.0,,,26.0,25.5,,,,,,,,,32.18,26.0,6.18,,HIGH,PAPER_ONLY_REAL_MONEY_BLOCKED,SUPPORTED,,PENDING,,,,,,,,,,,,F5,,"[""NOT_YET_ACTIVATED_NO_HISTORICAL_PAPER_SAMPLE""]","{""alternateLine"": false, ""rank"": 115}",CLEAN,[],PAPER,False,5.0,,,"[""NOT_YET_ACTIVATED_NO_HISTORICAL_PAPER_SAMPLE""]"
PAPER:2026-08-04:KXMLBF5SPREAD-26AUG042005SFTEX-SF2,2026-08-04,822865,SF @ TEX,KXMLBF5SPREAD-26AUG042005SFTEX-SF2,,winning_margin,,F5,SF,1.5,,SF,PAPER_SPREAD_LEDGER,,,exact_ticker,19.0,,,19.0,18.5,,,,,,,,,27.477,19.0,8.477,,HIGH,PAPER_ONLY_REAL_MONEY_BLOCKED,SUPPORTED,,PENDING,,,,,,,,,,,,F5,,"[""NOT_YET_ACTIVATED_NO_HISTORICAL_PAPER_SAMPLE""]","{""alternateLine"": false, ""rank"": 80}",CLEAN,[],PAPER,False,5.0,,,"[""NOT_YET_ACTIVATED_NO_HISTORICAL_PAPER_SAMPLE""]"
PAPER:2026-08-04:KXMLBF5SPREAD-26AUG042005SFTEX-SF3,2026-08-04,822865,SF @ TEX,KXMLBF5SPREAD-26AUG042005SFTEX-SF3,,winning_margin,,F5,SF,2.5,,SF,PAPER_SPREAD_LEDGER,,,exact_ticker,9.0,,,9.0,8.5,,,,,,,,,13.238,9.0,4.238,,HIGH,PAPER_ONLY_REAL_MONEY_BLOCKED,SUPPORTED,,PENDING,,,,,,,,,,,,F5,,"[""NOT_YET_ACTIVATED_NO_HISTORICAL_PAPER_SAMPLE""]","{""alternateLine"": true, ""rank"": 158}",CLEAN,[],PAPER,False,5.0,,,"[""NOT_YET_ACTIVATED_NO_HISTORICAL_PAPER_SAMPLE""]"
PAPER:2026-08-04:KXMLBF5SPREAD-26AUG042010TORHOU-HOU2,2026-08-04,824161,TOR @ HOU,KXMLBF5SPREAD-26AUG042010TORHOU-HOU2,,winning_margin,,F5,HOU,1.5,,HOU,PAPER_SPREAD_LEDGER,,,exact_ticker,33.0,,,33.0,32.5,,,,,,,,,38.273,33.0,5.273,,HIGH,PAPER_ONLY_REAL_MONEY_BLOCKED,SUPPORTED,,PENDING,,,,,,,,,,,,F5,,"[""NOT_YET_ACTIVATED_NO_HISTORICAL_PAPER_SAMPLE""]","{""alternateLine"": false, ""rank"": 137}",CLEAN,[],PAPER,False,5.0,,,"[""NOT_YET_ACTIVATED_NO_HISTORICAL_PAPER_SAMPLE""]"
PAPER:2026-08-04:KXMLBF5SPREAD-26AUG042040TBCOL-COL2,2026-08-04,824321,TB @ COL,KXMLBF5SPREAD-26AUG042040TBCOL-COL2,,winning_margin,,F5,COL,1.5,,COL,PAPER_SPREAD_LEDGER,,,exact_ticker,27.0,,,27.0,26.5,,,,,,,,,39.925,27.0,12.925,,HIGH,PAPER_ONLY_REAL_MONEY_BLOCKED,SUPPORTED,,PENDING,,,,,,,,,,,,F5,,"[""NOT_YET_ACTIVATED_NO_HISTORICAL_PAPER_SAMPLE""]","{""alternateLine"": false, ""rank"": 44}",CLEAN,[],PAPER,False,5.0,,,"[""NOT_YET_ACTIVATED_NO_HISTORICAL_PAPER_SAMPLE""]"
PAPER:2026-08-04:KXMLBF5SPREAD-26AUG042040TBCOL-COL3,2026-08-04,824321,TB @ COL,KXMLBF5SPREAD-26AUG042040TBCOL-COL3,,winning_margin,,F5,COL,2.5,,COL,PAPER_SPREAD_LEDGER,,,exact_ticker,17.0,,,17.0,16.5,,,,,,,,,22.683,17.0,5.683,,HIGH,PAPER_ONLY_REAL_MONEY_BLOCKED,SUPPORTED,,PENDING,,,,,,,,,,,,F5,,"[""NOT_YET_ACTIVATED_NO_HISTORICAL_PAPER_SAMPLE""]","{""alternateLine"": true, ""rank"": 126}",CLEAN,[],PAPER,False,5.0,,,"[""NOT_YET_ACTIVATED_NO_HISTORICAL_PAPER_SAMPLE""]"
PAPER:2026-08-04:KXMLBF5SPREAD-26AUG042140DETSEA-DET2,2026-08-04,823108,DET @ SEA,KXMLBF5SPREAD-26AUG042140DETSEA-DET2,,winning_margin,,F5,DET,1.5,,DET,PAPER_SPREAD_LEDGER,,,exact_ticker,27.0,,,27.0,26.0,,,,,,,,,31.546,27.0,4.546,,HIGH,PAPER_ONLY_REAL_MONEY_BLOCKED,SUPPORTED,,PENDING,,,,,,,,,,,,F5,,"[""NOT_YET_ACTIVATED_NO_HISTORICAL_PAPER_SAMPLE""]","{""alternateLine"": false, ""rank"": 149}",CLEAN,[],PAPER,False,5.0,,,"[""NOT_YET_ACTIVATED_NO_HISTORICAL_PAPER_SAMPLE""]"
PAPER:2026-08-04:KXMLBF7-26AUG041835LAABAL-LAA,2026-08-04,824805,LAA @ BAL,KXMLBF7-26AUG041835LAABAL-LAA,,inning_result,,F7,Away,,,Away,PAPER_SPREAD_LEDGER,,,exact_ticker,36.0,,,36.0,35.5,,,,,,,,,48.083,36.0,12.083,,HIGH,PAPER_ONLY_REAL_MONEY_BLOCKED,SUPPORTED,,PENDING,,,,,,,,,,,,F7,,"[""NOT_YET_ACTIVATED_NO_HISTORICAL_PAPER_SAMPLE""]","{""alternateLine"": null, ""rank"": 51}",CLEAN,[],PAPER,False,5.0,,,"[""NOT_YET_ACTIVATED_NO_HISTORICAL_PAPER_SAMPLE""]"
PAPER:2026-08-04:KXMLBF7-26AUG041835LAABAL-TIE,2026-08-04,824805,LAA @ BAL,KXMLBF7-26AUG041835LAABAL-TIE,,inning_result,,F7,Tie,,,Tie,PAPER_SPREAD_LEDGER,,,exact_ticker,11.0,,,11.0,10.5,,,,,,,,,18.36,11.0,7.36,,HIGH,PAPER_ONLY_REAL_MONEY_BLOCKED,SUPPORTED,,PENDING,,,,,,,,,,,,F7,,"[""NOT_YET_ACTIVATED_NO_HISTORICAL_PAPER_SAMPLE""]","{""alternateLine"": null, ""rank"": 100}",CLEAN,[],PAPER,False,5.0,,,"[""NOT_YET_ACTIVATED_NO_HISTORICAL_PAPER_SAMPLE""]"
PAPER:2026-08-04:KXMLBF7-26AUG041840ATHCIN-ATH,2026-08-04,824484,ATH @ CIN,KXMLBF7-26AUG041840ATHCIN-ATH,,inning_result,,F7,Away,,,Away,PAPER_SPREAD_LEDGER,,,exact_ticker,40.0,,,40.0,39.5,,,,,,,,,51.194,40.0,11.194,,HIGH,PAPER_ONLY_REAL_MONEY_BLOCKED,SUPPORTED,,PENDING,,,,,,,,,,,,F7,,"[""NOT_YET_ACTIVATED_NO_HISTORICAL_PAPER_SAMPLE""]","{""alternateLine"": null, ""rank"": 57}",CLEAN,[],PAPER,False,5.0,,,"[""NOT_YET_ACTIVATED_NO_HISTORICAL_PAPER_SAMPLE""]"
PAPER:2026-08-04:KXMLBF7-26AUG041840ATHCIN-TIE,2026-08-04,824484,ATH @ CIN,KXMLBF7-26AUG041840ATHCIN-TIE,,inning_result,,F7,Tie,,,Tie,PAPER_SPREAD_LEDGER,,,exact_ticker,13.0,,,13.0,12.5,,,,,,,,,17.81,13.0,4.81,,HIGH,PAPER_ONLY_REAL_MONEY_BLOCKED,SUPPORTED,,PENDING,,,,,,,,,,,,F7,,"[""NOT_YET_ACTIVATED_NO_HISTORICAL_PAPER_SAMPLE""]","{""alternateLine"": null, ""rank"": 146}",CLEAN,[],PAPER,False,5.0,,,"[""NOT_YET_ACTIVATED_NO_HISTORICAL_PAPER_SAMPLE""]"
PAPER:2026-08-04:KXMLBF7-26AUG041840NYMCLE-NYM,2026-08-04,824403,NYM @ CLE,KXMLBF7-26AUG041840NYMCLE-NYM,,inning_result,,F7,Away,,,Away,PAPER_SPREAD_LEDGER,,,exact_ticker,39.0,,,39.0,38.5,,,,,,,,,52.604,39.0,13.604,,HIGH,PAPER_ONLY_REAL_MONEY_BLOCKED,SUPPORTED,,PENDING,,,,,,,,,,,,F7,,"[""NOT_YET_ACTIVATED_NO_HISTORICAL_PAPER_SAMPLE""]","{""alternateLine"": null, ""rank"": 42}",CLEAN,[],PAPER,False,5.0,,,"[""NOT_YET_ACTIVATED_NO_HISTORICAL_PAPER_SAMPLE""]"
PAPER:2026-08-04:KXMLBF7-26AUG041840NYMCLE-TIE,2026-08-04,824403,NYM @ CLE,KXMLBF7-26AUG041840NYMCLE-TIE,,inning_result,,F7,Tie,,,Tie,PAPER_SPREAD_LEDGER,,,exact_ticker,12.0,,,12.0,11.5,,,,,,,,,19.862,12.0,7.862,,HIGH,PAPER_ONLY_REAL_MONEY_BLOCKED,SUPPORTED,,PENDING,,,,,,,,,,,,F7,,"[""NOT_YET_ACTIVATED_NO_HISTORICAL_PAPER_SAMPLE""]","{""alternateLine"": null, ""rank"": 92}",CLEAN,[],PAPER,False,5.0,,,"[""NOT_YET_ACTIVATED_NO_HISTORICAL_PAPER_SAMPLE""]"
PAPER:2026-08-04:KXMLBF7-26AUG041840WSHPHI-TIE,2026-08-04,823432,WSH @ PHI,KXMLBF7-26AUG041840WSHPHI-TIE,,inning_result,,F7,Tie,,,Tie,PAPER_SPREAD_LEDGER,,,exact_ticker,10.0,,,10.0,9.5,,,,,,,,,15.056,10.0,5.056,,HIGH,PAPER_ONLY_REAL_MONEY_BLOCKED,SUPPORTED,,PENDING,,,,,,,,,,,,F7,,"[""NOT_YET_ACTIVATED_NO_HISTORICAL_PAPER_SAMPLE""]","{""alternateLine"": null, ""rank"": 142}",CLEAN,[],PAPER,False,5.0,,,"[""NOT_YET_ACTIVATED_NO_HISTORICAL_PAPER_SAMPLE""]"
PAPER:2026-08-04:KXMLBF7-26AUG041840WSHPHI-WSH,2026-08-04,823432,WSH @ PHI,KXMLBF7-26AUG041840WSHPHI-WSH,,inning_result,,F7,Away,,,Away,PAPER_SPREAD_LEDGER,,,exact_ticker,25.0,,,25.0,24.5,,,,,,,,,99.929,25.0,74.929,,HIGH,PAPER_ONLY_REAL_MONEY_BLOCKED,SUPPORTED,,PENDING,,,,,,,,,,,,F7,,"[""NOT_YET_ACTIVATED_NO_HISTORICAL_PAPER_SAMPLE""]","{""alternateLine"": null, ""rank"": 2}",CLEAN,[],PAPER,False,5.0,,,"[""NOT_YET_ACTIVATED_NO_HISTORICAL_PAPER_SAMPLE""]"
PAPER:2026-08-04:KXMLBF7-26AUG041905STLNYY-STL,2026-08-04,823517,STL @ NYY,KXMLBF7-26AUG041905STLNYY-STL,,inning_result,,F7,Away,,,Away,PAPER_SPREAD_LEDGER,,,exact_ticker,33.0,,,33.0,32.0,,,,,,,,,48.918,33.0,15.918,,HIGH,PAPER_ONLY_REAL_MONEY_BLOCKED,SUPPORTED,,PENDING,,,,,,,,,,,,F7,,"[""NOT_YET_ACTIVATED_NO_HISTORICAL_PAPER_SAMPLE""]","{""alternateLine"": null, ""rank"": 36}",CLEAN,[],PAPER,False,5.0,,,"[""NOT_YET_ACTIVATED_NO_HISTORICAL_PAPER_SAMPLE""]"
PAPER:2026-08-04:KXMLBF7-26AUG041905STLNYY-TIE,2026-08-04,823517,STL @ NYY,KXMLBF7-26AUG041905STLNYY-TIE,,inning_result,,F7,Tie,,,Tie,PAPER_SPREAD_LEDGER,,,exact_ticker,13.0,,,13.0,12.5,,,,,,,,,21.338,13.0,8.338,,HIGH,PAPER_ONLY_REAL_MONEY_BLOCKED,SUPPORTED,,PENDING,,,,,,,,,,,,F7,,"[""NOT_YET_ACTIVATED_NO_HISTORICAL_PAPER_SAMPLE""]","{""alternateLine"": null, ""rank"": 82}",CLEAN,[],PAPER,False,5.0,,,"[""NOT_YET_ACTIVATED_NO_HISTORICAL_PAPER_SAMPLE""]"
PAPER:2026-08-04:KXMLBF7-26AUG041910CWSBOS-CWS,2026-08-04,824731,CWS @ BOS,KXMLBF7-26AUG041910CWSBOS-CWS,,inning_result,,F7,Away,,,Away,PAPER_SPREAD_LEDGER,,,exact_ticker,39.0,,,39.0,38.5,,,,,,,,,60.25,39.0,21.25,,HIGH,PAPER_ONLY_REAL_MONEY_BLOCKED,SUPPORTED,,PENDING,,,,,,,,,,,,F7,,"[""NOT_YET_ACTIVATED_NO_HISTORICAL_PAPER_SAMPLE""]","{""alternateLine"": null, ""rank"": 22}",CLEAN,[],PAPER,False,5.0,,,"[""NOT_YET_ACTIVATED_NO_HISTORICAL_PAPER_SAMPLE""]"
PAPER:2026-08-04:KXMLBF7-26AUG041910CWSBOS-TIE,2026-08-04,824731,CWS @ BOS,KXMLBF7-26AUG041910CWSBOS-TIE,,inning_result,,F7,Tie,,,Tie,PAPER_SPREAD_LEDGER,,,exact_ticker,11.0,,,11.0,10.0,,,,,,,,,21.115,11.0,10.115,,HIGH,PAPER_ONLY_REAL_MONEY_BLOCKED,SUPPORTED,,PENDING,,,,,,,,,,,,F7,,"[""NOT_YET_ACTIVATED_NO_HISTORICAL_PAPER_SAMPLE""]","{""alternateLine"": null, ""rank"": 65}",CLEAN,[],PAPER,False,5.0,,,"[""NOT_YET_ACTIVATED_NO_HISTORICAL_PAPER_SAMPLE""]"
PAPER:2026-08-04:KXMLBF7-26AUG041915MIAATL-MIA,2026-08-04,824888,MIA @ ATL,KXMLBF7-26AUG041915MIAATL-MIA,,inning_result,,F7,Away,,,Away,PAPER_SPREAD_LEDGER,,,exact_ticker,38.0,,,38.0,37.0,,,,,,,,,66.379,38.0,28.379,,HIGH,PAPER_ONLY_REAL_MONEY_BLOCKED,SUPPORTED,,PENDING,,,,,,,,,,,,F7,,"[""NOT_YET_ACTIVATED_NO_HISTORICAL_PAPER_SAMPLE""]","{""alternateLine"": null, ""rank"": 13}",CLEAN,[],PAPER,False,5.0,,,"[""NOT_YET_ACTIVATED_NO_HISTORICAL_PAPER_SAMPLE""]"
PAPER:2026-08-04:KXMLBF7-26AUG041915MIAATL-TIE,2026-08-04,824888,MIA @ ATL,KXMLBF7-26AUG041915MIAATL-TIE,,inning_result,,F7,Tie,,,Tie,PAPER_SPREAD_LEDGER,,,exact_ticker,11.0,,,11.0,10.0,,,,,,,,,20.328,11.0,9.328,,HIGH,PAPER_ONLY_REAL_MONEY_BLOCKED,SUPPORTED,,PENDING,,,,,,,,,,,,F7,,"[""NOT_YET_ACTIVATED_NO_HISTORICAL_PAPER_SAMPLE""]","{""alternateLine"": null, ""rank"": 72}",CLEAN,[],PAPER,False,5.0,,,"[""NOT_YET_ACTIVATED_NO_HISTORICAL_PAPER_SAMPLE""]"
PAPER:2026-08-04:KXMLBF7-26AUG041940MINKC-KC,2026-08-04,824084,MIN @ KC,KXMLBF7-26AUG041940MINKC-KC,,inning_result,,F7,Home,,,Home,PAPER_SPREAD_LEDGER,,,exact_ticker,38.0,,,38.0,36.5,,,,,,,,,39.503,38.0,1.503,,MEDIUM,PAPER_ONLY_REAL_MONEY_BLOCKED,SUPPORTED,,PENDING,,,,,,,,,,,,F7,,"[""NOT_YET_ACTIVATED_NO_HISTORICAL_PAPER_SAMPLE""]","{""alternateLine"": null, ""rank"": 200}",CLEAN,[],PAPER,False,5.0,,,"[""NOT_YET_ACTIVATED_NO_HISTORICAL_PAPER_SAMPLE""]"
PAPER:2026-08-04:KXMLBF7-26AUG041940MINKC-MIN,2026-08-04,824084,MIN @ KC,KXMLBF7-26AUG041940MINKC-MIN,,inning_result,,F7,Away,,,Away,PAPER_SPREAD_LEDGER,,,exact_ticker,52.0,,,52.0,51.0,,,,,,,,,60.497,52.0,8.497,,HIGH,PAPER_ONLY_REAL_MONEY_BLOCKED,SUPPORTED,,PENDING,,,,,,,,,,,,F7,,"[""NOT_YET_ACTIVATED_NO_HISTORICAL_PAPER_SAMPLE""]","{""alternateLine"": null, ""rank"": 79}",CLEAN,[],PAPER,False,5.0,,,"[""NOT_YET_ACTIVATED_NO_HISTORICAL_PAPER_SAMPLE""]"
PAPER:2026-08-04:KXMLBF7-26AUG041940MINKC-TIE,2026-08-04,824084,MIN @ KC,KXMLBF7-26AUG041940MINKC-TIE,,inning_result,,F7,Tie,,,Tie,PAPER_SPREAD_LEDGER,,,exact_ticker,13.0,,,13.0,12.5,,,,,,,,,19.255,13.0,6.255,,HIGH,PAPER_ONLY_REAL_MONEY_BLOCKED,SUPPORTED,,PENDING,,,,,,,,,,,,F7,,"[""NOT_YET_ACTIVATED_NO_HISTORICAL_PAPER_SAMPLE""]","{""alternateLine"": null, ""rank"": 114}",CLEAN,[],PAPER,False,5.0,,,"[""NOT_YET_ACTIVATED_NO_HISTORICAL_PAPER_SAMPLE""]"
PAPER:2026-08-04:KXMLBF7-26AUG041940PITMIL-MIL,2026-08-04,823756,PIT @ MIL,KXMLBF7-26AUG041940PITMIL-MIL,,inning_result,,F7,Home,,,Home,PAPER_SPREAD_LEDGER,,,exact_ticker,50.0,,,50.0,49.5,,,,,,,,,55.066,50.0,5.066,,HIGH,PAPER_ONLY_REAL_MONEY_BLOCKED,SUPPORTED,,PENDING,,,,,,,,,,,,F7,,"[""NOT_YET_ACTIVATED_NO_HISTORICAL_PAPER_SAMPLE""]","{""alternateLine"": null, ""rank"": 140}",CLEAN,[],PAPER,False,5.0,,,"[""NOT_YET_ACTIVATED_NO_HISTORICAL_PAPER_SAMPLE""]"
PAPER:2026-08-04:KXMLBF7-26AUG041940PITMIL-PIT,2026-08-04,823756,PIT @ MIL,KXMLBF7-26AUG041940PITMIL-PIT,,inning_result,,F7,Away,,,Away,PAPER_SPREAD_LEDGER,,,exact_ticker,37.0,,,37.0,36.0,,,,,,,,,44.934,37.0,7.934,,HIGH,PAPER_ONLY_REAL_MONEY_BLOCKED,SUPPORTED,,PENDING,,,,,,,,,,,,F7,,"[""NOT_YET_ACTIVATED_NO_HISTORICAL_PAPER_SAMPLE""]","{""alternateLine"": null, ""rank"": 91}",CLEAN,[],PAPER,False,5.0,,,"[""NOT_YET_ACTIVATED_NO_HISTORICAL_PAPER_SAMPLE""]"
PAPER:2026-08-04:KXMLBF7-26AUG041940PITMIL-TIE,2026-08-04,823756,PIT @ MIL,KXMLBF7-26AUG041940PITMIL-TIE,,inning_result,,F7,Tie,,,Tie,PAPER_SPREAD_LEDGER,,,exact_ticker,13.0,,,13.0,12.5,,,,,,,,,24.302,13.0,11.302,,HIGH,PAPER_ONLY_REAL_MONEY_BLOCKED,SUPPORTED,,PENDING,,,,,,,,,,,,F7,,"[""NOT_YET_ACTIVATED_NO_HISTORICAL_PAPER_SAMPLE""]","{""alternateLine"": null, ""rank"": 56}",CLEAN,[],PAPER,False,5.0,,,"[""NOT_YET_ACTIVATED_NO_HISTORICAL_PAPER_SAMPLE""]"
PAPER:2026-08-04:KXMLBF7-26AUG042005LADCHC-LAD,2026-08-04,824645,LAD @ CHC,KXMLBF7-26AUG042005LADCHC-LAD,,inning_result,,F7,Away,,,Away,PAPER_SPREAD_LEDGER,,,exact_ticker,60.0,,,60.0,59.5,,,,,,,,,69.147,60.0,9.147,,HIGH,PAPER_ONLY_REAL_MONEY_BLOCKED,SUPPORTED,,PENDING,,,,,,,,,,,,F7,,"[""NOT_YET_ACTIVATED_NO_HISTORICAL_PAPER_SAMPLE""]","{""alternateLine"": null, ""rank"": 74}",CLEAN,[],PAPER,False,5.0,,,"[""NOT_YET_ACTIVATED_NO_HISTORICAL_PAPER_SAMPLE""]"
PAPER:2026-08-04:KXMLBF7-26AUG042005LADCHC-TIE,2026-08-04,824645,LAD @ CHC,KXMLBF7-26AUG042005LADCHC-TIE,,inning_result,,F7,Tie,,,Tie,PAPER_SPREAD_LEDGER,,,exact_ticker,10.0,,,10.0,9.5,,,,,,,,,17.685,10.0,7.685,,HIGH,PAPER_ONLY_REAL_MONEY_BLOCKED,SUPPORTED,,PENDING,,,,,,,,,,,,F7,,"[""NOT_YET_ACTIVATED_NO_HISTORICAL_PAPER_SAMPLE""]","{""alternateLine"": null, ""rank"": 95}",CLEAN,[],PAPER,False,5.0,,,"[""NOT_YET_ACTIVATED_NO_HISTORICAL_PAPER_SAMPLE""]"
PAPER:2026-08-04:KXMLBF7-26AUG042005SFTEX-SF,2026-08-04,822865,SF @ TEX,KXMLBF7-26AUG042005SFTEX-SF,,inning_result,,F7,Away,,,Away,PAPER_SPREAD_LEDGER,,,exact_ticker,31.0,,,31.0,30.0,,,,,,,,,61.117,31.0,30.117,,HIGH,PAPER_ONLY_REAL_MONEY_BLOCKED,SUPPORTED,,PENDING,,,,,,,,,,,,F7,,"[""NOT_YET_ACTIVATED_NO_HISTORICAL_PAPER_SAMPLE""]","{""alternateLine"": null, ""rank"": 7}",CLEAN,[],PAPER,False,5.0,,,"[""NOT_YET_ACTIVATED_NO_HISTORICAL_PAPER_SAMPLE""]"
PAPER:2026-08-04:KXMLBF7-26AUG042005SFTEX-TIE,2026-08-04,822865,SF @ TEX,KXMLBF7-26AUG042005SFTEX-TIE,,inning_result,,F7,Tie,,,Tie,PAPER_SPREAD_LEDGER,,,exact_ticker,13.0,,,13.0,12.5,,,,,,,,,19.062,13.0,6.062,,HIGH,PAPER_ONLY_REAL_MONEY_BLOCKED,SUPPORTED,,PENDING,,,,,,,,,,,,F7,,"[""NOT_YET_ACTIVATED_NO_HISTORICAL_PAPER_SAMPLE""]","{""alternateLine"": null, ""rank"": 121}",CLEAN,[],PAPER,False,5.0,,,"[""NOT_YET_ACTIVATED_NO_HISTORICAL_PAPER_SAMPLE""]"
PAPER:2026-08-04:KXMLBF7-26AUG042010TORHOU-HOU,2026-08-04,824161,TOR @ HOU,KXMLBF7-26AUG042010TORHOU-HOU,,inning_result,,F7,Home,,,Home,PAPER_SPREAD_LEDGER,,,exact_ticker,49.0,,,49.0,47.5,,,,,,,,,77.455,49.0,28.455,,HIGH,PAPER_ONLY_REAL_MONEY_BLOCKED,SUPPORTED,,PENDING,,,,,,,,,,,,F7,,"[""NOT_YET_ACTIVATED_NO_HISTORICAL_PAPER_SAMPLE""]","{""alternateLine"": null, ""rank"": 12}",CLEAN,[],PAPER,False,5.0,,,"[""NOT_YET_ACTIVATED_NO_HISTORICAL_PAPER_SAMPLE""]"
PAPER:2026-08-04:KXMLBF7-26AUG042010TORHOU-TIE,2026-08-04,824161,TOR @ HOU,KXMLBF7-26AUG042010TORHOU-TIE,,inning_result,,F7,Tie,,,Tie,PAPER_SPREAD_LEDGER,,,exact_ticker,13.0,,,13.0,12.5,,,,,,,,,16.759,13.0,3.759,,HIGH,PAPER_ONLY_REAL_MONEY_BLOCKED,SUPPORTED,,PENDING,,,,,,,,,,,,F7,,"[""NOT_YET_ACTIVATED_NO_HISTORICAL_PAPER_SAMPLE""]","{""alternateLine"": null, ""rank"": 164}",CLEAN,[],PAPER,False,5.0,,,"[""NOT_YET_ACTIVATED_NO_HISTORICAL_PAPER_SAMPLE""]"
PAPER:2026-08-04:KXMLBF7-26AUG042040TBCOL-COL,2026-08-04,824321,TB @ COL,KXMLBF7-26AUG042040TBCOL-COL,,inning_result,,F7,Home,,,Home,PAPER_SPREAD_LEDGER,,,exact_ticker,37.0,,,37.0,36.5,,,,,,,,,71.423,37.0,34.423,,HIGH,PAPER_ONLY_REAL_MONEY_BLOCKED,SUPPORTED,,PENDING,,,,,,,,,,,,F7,,"[""NOT_YET_ACTIVATED_NO_HISTORICAL_PAPER_SAMPLE""]","{""alternateLine"": null, ""rank"": 6}",CLEAN,[],PAPER,False,5.0,,,"[""NOT_YET_ACTIVATED_NO_HISTORICAL_PAPER_SAMPLE""]"
PAPER:2026-08-04:KXMLBF7-26AUG042040TBCOL-TIE,2026-08-04,824321,TB @ COL,KXMLBF7-26AUG042040TBCOL-TIE,,inning_result,,F7,Tie,,,Tie,PAPER_SPREAD_LEDGER,,,exact_ticker,10.0,,,10.0,9.5,,,,,,,,,18.183,10.0,8.183,,HIGH,PAPER_ONLY_REAL_MONEY_BLOCKED,SUPPORTED,,PENDING,,,,,,,,,,,,F7,,"[""NOT_YET_ACTIVATED_NO_HISTORICAL_PAPER_SAMPLE""]","{""alternateLine"": null, ""rank"": 88}",CLEAN,[],PAPER,False,5.0,,,"[""NOT_YET_ACTIVATED_NO_HISTORICAL_PAPER_SAMPLE""]"
PAPER:2026-08-04:KXMLBF7-26AUG042140DETSEA-DET,2026-08-04,823108,DET @ SEA,KXMLBF7-26AUG042140DETSEA-DET,,inning_result,,F7,Away,,,Away,PAPER_SPREAD_LEDGER,,,exact_ticker,41.0,,,41.0,39.5,,,,,,,,,51.512,41.0,10.512,,HIGH,PAPER_ONLY_REAL_MONEY_BLOCKED,SUPPORTED,,PENDING,,,,,,,,,,,,F7,,"[""NOT_YET_ACTIVATED_NO_HISTORICAL_PAPER_SAMPLE""]","{""alternateLine"": null, ""rank"": 63}",CLEAN,[],PAPER,False,5.0,,,"[""NOT_YET_ACTIVATED_NO_HISTORICAL_PAPER_SAMPLE""]"
PAPER:2026-08-04:KXMLBF7-26AUG042140DETSEA-TIE,2026-08-04,823108,DET @ SEA,KXMLBF7-26AUG042140DETSEA-TIE,,inning_result,,F7,Tie,,,Tie,PAPER_SPREAD_LEDGER,,,exact_ticker,13.0,,,13.0,12.5,,,,,,,,,17.91,13.0,4.91,,HIGH,PAPER_ONLY_REAL_MONEY_BLOCKED,SUPPORTED,,PENDING,,,,,,,,,,,,F7,,"[""NOT_YET_ACTIVATED_NO_HISTORICAL_PAPER_SAMPLE""]","{""alternateLine"": null, ""rank"": 143}",CLEAN,[],PAPER,False,5.0,,,"[""NOT_YET_ACTIVATED_NO_HISTORICAL_PAPER_SAMPLE""]"
PAPER:2026-08-04:KXMLBF7-26AUG042140SDAZ-SD,2026-08-04,825054,SD @ AZ,KXMLBF7-26AUG042140SDAZ-SD,,inning_result,,F7,Away,,,Away,PAPER_SPREAD_LEDGER,,,exact_ticker,43.0,,,43.0,41.0,,,,,,,,,61.439,43.0,18.439,,HIGH,PAPER_ONLY_REAL_MONEY_BLOCKED,SUPPORTED,,PENDING,,,,,,,,,,,,F7,,"[""NOT_YET_ACTIVATED_NO_HISTORICAL_PAPER_SAMPLE""]","{""alternateLine"": null, ""rank"": 28}",CLEAN,[],PAPER,False,5.0,,,"[""NOT_YET_ACTIVATED_NO_HISTORICAL_PAPER_SAMPLE""]"
PAPER:2026-08-04:KXMLBF7-26AUG042140SDAZ-TIE,2026-08-04,825054,SD @ AZ,KXMLBF7-26AUG042140SDAZ-TIE,,inning_result,,F7,Tie,,,Tie,PAPER_SPREAD_LEDGER,,,exact_ticker,13.0,,,13.0,12.5,,,,,,,,,18.558,13.0,5.558,,HIGH,PAPER_ONLY_REAL_MONEY_BLOCKED,SUPPORTED,,PENDING,,,,,,,,,,,,F7,,"[""NOT_YET_ACTIVATED_NO_HISTORICAL_PAPER_SAMPLE""]","{""alternateLine"": null, ""rank"": 132}",CLEAN,[],PAPER,False,5.0,,,"[""NOT_YET_ACTIVATED_NO_HISTORICAL_PAPER_SAMPLE""]"
PAPER:2026-08-04:KXMLBSPREAD-26AUG041915MIAATL-MIA2,2026-08-04,824888,MIA @ ATL,KXMLBSPREAD-26AUG041915MIAATL-MIA2,,winning_margin,,full_game,MIA,1.5,,MIA,PAPER_SPREAD_LEDGER,,,exact_ticker,32.0,,,32.0,31.5,,,,,,,,,35.492,32.0,3.492,,HIGH,PAPER_ONLY_REAL_MONEY_BLOCKED,SUPPORTED,,PENDING,,,,,,,,,,,,full_game,,"[""RULE_81""]","{""alternateLine"": false, ""rank"": 171}",CLEAN,[],PAPER,False,5.0,,,"[""RULE_81""]"
PAPER:2026-08-04:KXMLBSPREAD-26AUG042005SFTEX-SF2,2026-08-04,822865,SF @ TEX,KXMLBSPREAD-26AUG042005SFTEX-SF2,,winning_margin,,full_game,SF,1.5,,SF,PAPER_SPREAD_LEDGER,,,exact_ticker,25.0,,,25.0,24.5,,,,,,,,,36.679,25.0,11.679,,HIGH,PAPER_ONLY_REAL_MONEY_BLOCKED,SUPPORTED,,PENDING,,,,,,,,,,,,full_game,,"[""RULE_81""]","{""alternateLine"": false, ""rank"": 54}",CLEAN,[],PAPER,False,5.0,,,"[""RULE_81""]"
PAPER:2026-08-04:KXMLBSPREAD-26AUG042005SFTEX-SF3,2026-08-04,822865,SF @ TEX,KXMLBSPREAD-26AUG042005SFTEX-SF3,,winning_margin,,full_game,SF,2.5,,SF,PAPER_SPREAD_LEDGER,,,exact_ticker,18.0,,,18.0,17.5,,,,,,,,,23.604,18.0,5.604,,HIGH,PAPER_ONLY_REAL_MONEY_BLOCKED,SUPPORTED,,PENDING,,,,,,,,,,,,full_game,,"[""RULE_81""]","{""alternateLine"": true, ""rank"": 130}",CLEAN,[],PAPER,False,5.0,,,"[""RULE_81""]"
PAPER:2026-08-04:KXMLBSPREAD-26AUG042010TORHOU-HOU2,2026-08-04,824161,TOR @ HOU,KXMLBSPREAD-26AUG042010TORHOU-HOU2,,winning_margin,,full_game,HOU,1.5,,HOU,PAPER_SPREAD_LEDGER,,,exact_ticker,38.0,,,38.0,37.5,,,,,,,,,42.118,38.0,4.118,,HIGH,PAPER_ONLY_REAL_MONEY_BLOCKED,SUPPORTED,,PENDING,,,,,,,,,,,,full_game,,"[""RULE_81""]","{""alternateLine"": false, ""rank"": 159}",CLEAN,[],PAPER,False,5.0,,,"[""RULE_81""]"
PAPER:2026-08-04:KXMLBSPREAD-26AUG042010TORHOU-HOU3,2026-08-04,824161,TOR @ HOU,KXMLBSPREAD-26AUG042010TORHOU-HOU3,,winning_margin,,full_game,HOU,2.5,,HOU,PAPER_SPREAD_LEDGER,,,exact_ticker,27.0,,,27.0,26.5,,,,,,,,,28.621,27.0,1.621,,MEDIUM,PAPER_ONLY_REAL_MONEY_BLOCKED,SUPPORTED,,PENDING,,,,,,,,,,,,full_game,,"[""RULE_81""]","{""alternateLine"": true, ""rank"": 198}",CLEAN,[],PAPER,False,5.0,,,"[""RULE_81""]"
PAPER:2026-08-04:KXMLBSPREAD-26AUG042040TBCOL-COL2,2026-08-04,824321,TB @ COL,KXMLBSPREAD-26AUG042040TBCOL-COL2,,winning_margin,,full_game,COL,1.5,,COL,PAPER_SPREAD_LEDGER,,,exact_ticker,26.0,,,26.0,25.5,,,,,,,,,43.404,26.0,17.404,,HIGH,PAPER_ONLY_REAL_MONEY_BLOCKED,SUPPORTED,,PENDING,,,,,,,,,,,,full_game,,"[""RULE_81""]","{""alternateLine"": false, ""rank"": 30}",CLEAN,[],PAPER,False,5.0,,,"[""RULE_81""]"
PAPER:2026-08-04:KXMLBSPREAD-26AUG042040TBCOL-COL3,2026-08-04,824321,TB @ COL,KXMLBSPREAD-26AUG042040TBCOL-COL3,,winning_margin,,full_game,COL,2.5,,COL,PAPER_SPREAD_LEDGER,,,exact_ticker,19.0,,,19.0,18.5,,,,,,,,,30.19,19.0,11.19,,HIGH,PAPER_ONLY_REAL_MONEY_BLOCKED,SUPPORTED,,PENDING,,,,,,,,,,,,full_game,,"[""RULE_81""]","{""alternateLine"": true, ""rank"": 58}",CLEAN,[],PAPER,False,5.0,,,"[""RULE_81""]"
PAPER:2026-08-04:KXMLBSPREAD-26AUG042040TBCOL-COL4,2026-08-04,824321,TB @ COL,KXMLBSPREAD-26AUG042040TBCOL-COL4,,winning_margin,,full_game,COL,3.5,,COL,PAPER_SPREAD_LEDGER,,,exact_ticker,14.0,,,14.0,13.5,,,,,,,,,19.281,14.0,5.281,,HIGH,PAPER_ONLY_REAL_MONEY_BLOCKED,SUPPORTED,,PENDING,,,,,,,,,,,,full_game,,"[""RULE_81""]","{""alternateLine"": true, ""rank"": 136}",CLEAN,[],PAPER,False,5.0,,,"[""RULE_81""]"
PAPER:2026-08-04:KXMLBSPREAD-26AUG042140DETSEA-DET2,2026-08-04,823108,DET @ SEA,KXMLBSPREAD-26AUG042140DETSEA-DET2,,winning_margin,,full_game,DET,1.5,,DET,PAPER_SPREAD_LEDGER,,,exact_ticker,35.0,,,35.0,34.5,,,,,,,,,42.441,35.0,7.441,,HIGH,PAPER_ONLY_REAL_MONEY_BLOCKED,SUPPORTED,,PENDING,,,,,,,,,,,,full_game,,"[""RULE_81""]","{""alternateLine"": false, ""rank"": 99}",CLEAN,[],PAPER,False,5.0,,,"[""RULE_81""]"
PAPER:2026-08-04:KXMLBSPREAD-26AUG042140DETSEA-DET3,2026-08-04,823108,DET @ SEA,KXMLBSPREAD-26AUG042140DETSEA-DET3,,winning_margin,,full_game,DET,2.5,,DET,PAPER_SPREAD_LEDGER,,,exact_ticker,25.0,,,25.0,24.5,,,,,,,,,29.35,25.0,4.35,,HIGH,PAPER_ONLY_REAL_MONEY_BLOCKED,SUPPORTED,,PENDING,,,,,,,,,,,,full_game,,"[""RULE_81""]","{""alternateLine"": true, ""rank"": 154}",CLEAN,[],PAPER,False,5.0,,,"[""RULE_81""]"
PAPER:2026-08-04:KXMLBSPREAD-26AUG042140DETSEA-DET4,2026-08-04,823108,DET @ SEA,KXMLBSPREAD-26AUG042140DETSEA-DET4,,winning_margin,,full_game,DET,3.5,,DET,PAPER_SPREAD_LEDGER,,,exact_ticker,17.0,,,17.0,16.5,,,,,,,,,18.63,17.0,1.63,,MEDIUM,PAPER_ONLY_REAL_MONEY_BLOCKED,SUPPORTED,,PENDING,,,,,,,,,,,,full_game,,"[""RULE_81""]","{""alternateLine"": true, ""rank"": 197}",CLEAN,[],PAPER,False,5.0,,,"[""RULE_81""]"
PAPER:2026-08-05:KXMLBF3-26AUG051835LAABAL-BAL,2026-08-05,824806,LAA @ BAL,KXMLBF3-26AUG051835LAABAL-BAL,,inning_result,,F3,Home,,,Home,PAPER_SPREAD_LEDGER,,,exact_ticker,40.0,,,40.0,39.0,,,,,,,,,50.073,40.0,10.073,,HIGH,PAPER_ONLY_REAL_MONEY_BLOCKED,SUPPORTED,,PENDING,,,,,,,,,,,,F3,,"[""NOT_YET_ACTIVATED_NO_HISTORICAL_PAPER_SAMPLE""]","{""alternateLine"": null, ""rank"": 43}",CLEAN,[],PAPER,False,5.0,,,"[""NOT_YET_ACTIVATED_NO_HISTORICAL_PAPER_SAMPLE""]"
PAPER:2026-08-05:KXMLBF3-26AUG051835LAABAL-LAA,2026-08-05,824806,LAA @ BAL,KXMLBF3-26AUG051835LAABAL-LAA,,inning_result,,F3,Away,,,Away,PAPER_SPREAD_LEDGER,,,exact_ticker,36.0,,,36.0,35.5,,,,,,,,,49.927,36.0,13.927,,HIGH,PAPER_ONLY_REAL_MONEY_BLOCKED,SUPPORTED,,PENDING,,,,,,,,,,,,F3,,"[""NOT_YET_ACTIVATED_NO_HISTORICAL_PAPER_SAMPLE""]","{""alternateLine"": null, ""rank"": 27}",CLEAN,[],PAPER,False,5.0,,,"[""NOT_YET_ACTIVATED_NO_HISTORICAL_PAPER_SAMPLE""]"
PAPER:2026-08-05:KXMLBF3-26AUG051835LAABAL-TIE,2026-08-05,824806,LAA @ BAL,KXMLBF3-26AUG051835LAABAL-TIE,,inning_result,,F3,Tie,,,Tie,PAPER_SPREAD_LEDGER,,,exact_ticker,26.0,,,26.0,25.0,,,,,,,,,30.025,26.0,4.025,,HIGH,PAPER_ONLY_REAL_MONEY_BLOCKED,SUPPORTED,,PENDING,,,,,,,,,,,,F3,,"[""NOT_YET_ACTIVATED_NO_HISTORICAL_PAPER_SAMPLE""]","{""alternateLine"": null, ""rank"": 109}",CLEAN,[],PAPER,False,5.0,,,"[""NOT_YET_ACTIVATED_NO_HISTORICAL_PAPER_SAMPLE""]"
PAPER:2026-08-05:KXMLBF3-26AUG051840ATHCIN-ATH,2026-08-05,824482,ATH @ CIN,KXMLBF3-26AUG051840ATHCIN-ATH,,inning_result,,F3,Away,,,Away,PAPER_SPREAD_LEDGER,,,exact_ticker,36.0,,,36.0,35.5,,,,,,,,,37.106,36.0,1.106,,PAPER,PAPER_ONLY_REAL_MONEY_BLOCKED,SUPPORTED,,PENDING,,,,,,,,,,,,F3,,"[""NOT_YET_ACTIVATED_NO_HISTORICAL_PAPER_SAMPLE""]","{""alternateLine"": null, ""rank"": 158}",CLEAN,[],PAPER,False,5.0,,,"[""NOT_YET_ACTIVATED_NO_HISTORICAL_PAPER_SAMPLE""]"
PAPER:2026-08-05:KXMLBF3-26AUG051840ATHCIN-CIN,2026-08-05,824482,ATH @ CIN,KXMLBF3-26AUG051840ATHCIN-CIN,,inning_result,,F3,Home,,,Home,PAPER_SPREAD_LEDGER,,,exact_ticker,43.0,,,43.0,42.5,,,,,,,,,62.894,43.0,19.894,,HIGH,PAPER_ONLY_REAL_MONEY_BLOCKED,SUPPORTED,,PENDING,,,,,,,,,,,,F3,,"[""NOT_YET_ACTIVATED_NO_HISTORICAL_PAPER_SAMPLE""]","{""alternateLine"": null, ""rank"": 17}",CLEAN,[],PAPER,False,5.0,,,"[""NOT_YET_ACTIVATED_NO_HISTORICAL_PAPER_SAMPLE""]"
PAPER:2026-08-05:KXMLBF3-26AUG051840ATHCIN-TIE,2026-08-05,824482,ATH @ CIN,KXMLBF3-26AUG051840ATHCIN-TIE,,inning_result,,F3,Tie,,,Tie,PAPER_SPREAD_LEDGER,,,exact_ticker,21.0,,,21.0,20.5,,,,,,,,,23.225,21.0,2.225,,MEDIUM,PAPER_ONLY_REAL_MONEY_BLOCKED,SUPPORTED,,PENDING,,,,,,,,,,,,F3,,"[""NOT_YET_ACTIVATED_NO_HISTORICAL_PAPER_SAMPLE""]","{""alternateLine"": null, ""rank"": 139}",CLEAN,[],PAPER,False,5.0,,,"[""NOT_YET_ACTIVATED_NO_HISTORICAL_PAPER_SAMPLE""]"
PAPER:2026-08-05:KXMLBF3-26AUG051840NYMCLE-CLE,2026-08-05,824402,NYM @ CLE,KXMLBF3-26AUG051840NYMCLE-CLE,,inning_result,,F3,Home,,,Home,PAPER_SPREAD_LEDGER,,,exact_ticker,36.0,,,36.0,35.0,,,,,,,,,39.717,36.0,3.717,,HIGH,PAPER_ONLY_REAL_MONEY_BLOCKED,SUPPORTED,,PENDING,,,,,,,,,,,,F3,,"[""NOT_YET_ACTIVATED_NO_HISTORICAL_PAPER_SAMPLE""]","{""alternateLine"": null, ""rank"": 115}",CLEAN,[],PAPER,False,5.0,,,"[""NOT_YET_ACTIVATED_NO_HISTORICAL_PAPER_SAMPLE""]"
PAPER:2026-08-05:KXMLBF3-26AUG051840NYMCLE-NYM,2026-08-05,824402,NYM @ CLE,KXMLBF3-26AUG051840NYMCLE-NYM,,inning_result,,F3,Away,,,Away,PAPER_SPREAD_LEDGER,,,exact_ticker,39.0,,,39.0,38.0,,,,,,,,,60.283,39.0,21.283,,HIGH,PAPER_ONLY_REAL_MONEY_BLOCKED,SUPPORTED,,PENDING,,,,,,,,,,,,F3,,"[""NOT_YET_ACTIVATED_NO_HISTORICAL_PAPER_SAMPLE""]","{""alternateLine"": null, ""rank"": 12}",CLEAN,[],PAPER,False,5.0,,,"[""NOT_YET_ACTIVATED_NO_HISTORICAL_PAPER_SAMPLE""]"
PAPER:2026-08-05:KXMLBF3-26AUG051840NYMCLE-TIE,2026-08-05,824402,NYM @ CLE,KXMLBF3-26AUG051840NYMCLE-TIE,,inning_result,,F3,Tie,,,Tie,PAPER_SPREAD_LEDGER,,,exact_ticker,26.0,,,26.0,25.5,,,,,,,,,27.309,26.0,1.309,,PAPER,PAPER_ONLY_REAL_MONEY_BLOCKED,SUPPORTED,,PENDING,,,,,,,,,,,,F3,,"[""NOT_YET_ACTIVATED_NO_HISTORICAL_PAPER_SAMPLE""]","{""alternateLine"": null, ""rank"": 153}",CLEAN,[],PAPER,False,5.0,,,"[""NOT_YET_ACTIVATED_NO_HISTORICAL_PAPER_SAMPLE""]"
PAPER:2026-08-05:KXMLBF3-26AUG051905STLNYY-NYY,2026-08-05,823516,STL @ NYY,KXMLBF3-26AUG051905STLNYY-NYY,,inning_result,,F3,Home,,,Home,PAPER_SPREAD_LEDGER,,,exact_ticker,43.0,,,43.0,42.5,,,,,,,,,46.455,43.0,3.455,,HIGH,PAPER_ONLY_REAL_MONEY_BLOCKED,SUPPORTED,,PENDING,,,,,,,,,,,,F3,,"[""NOT_YET_ACTIVATED_NO_HISTORICAL_PAPER_SAMPLE""]","{""alternateLine"": null, ""rank"": 118}",CLEAN,[],PAPER,False,5.0,,,"[""NOT_YET_ACTIVATED_NO_HISTORICAL_PAPER_SAMPLE""]"
PAPER:2026-08-05:KXMLBF3-26AUG051905STLNYY-STL,2026-08-05,823516,STL @ NYY,KXMLBF3-26AUG051905STLNYY-STL,,inning_result,,F3,Away,,,Away,PAPER_SPREAD_LEDGER,,,exact_ticker,33.0,,,33.0,32.5,,,,,,,,,53.545,33.0,20.545,,HIGH,PAPER_ONLY_REAL_MONEY_BLOCKED,SUPPORTED,,PENDING,,,,,,,,,,,,F3,,"[""NOT_YET_ACTIVATED_NO_HISTORICAL_PAPER_SAMPLE""]","{""alternateLine"": null, ""rank"": 13}",CLEAN,[],PAPER,False,5.0,,,"[""NOT_YET_ACTIVATED_NO_HISTORICAL_PAPER_SAMPLE""]"
PAPER:2026-08-05:KXMLBF3-26AUG051905STLNYY-TIE,2026-08-05,823516,STL @ NYY,KXMLBF3-26AUG051905STLNYY-TIE,,inning_result,,F3,Tie,,,Tie,PAPER_SPREAD_LEDGER,,,exact_ticker,24.0,,,24.0,23.5,,,,,,,,,27.813,24.0,3.813,,HIGH,PAPER_ONLY_REAL_MONEY_BLOCKED,SUPPORTED,,PENDING,,,,,,,,,,,,F3,,"[""NOT_YET_ACTIVATED_NO_HISTORICAL_PAPER_SAMPLE""]","{""alternateLine"": null, ""rank"": 114}",CLEAN,[],PAPER,False,5.0,,,"[""NOT_YET_ACTIVATED_NO_HISTORICAL_PAPER_SAMPLE""]"
PAPER:2026-08-05:KXMLBF3-26AUG051910CWSBOS-BOS,2026-08-05,824728,CWS @ BOS,KXMLBF3-26AUG051910CWSBOS-BOS,,inning_result,,F3,Home,,,Home,PAPER_SPREAD_LEDGER,,,exact_ticker,37.0,,,37.0,36.5,,,,,,,,,48.663,37.0,11.663,,HIGH,PAPER_ONLY_REAL_MONEY_BLOCKED,SUPPORTED,,PENDING,,,,,,,,,,,,F3,,"[""NOT_YET_ACTIVATED_NO_HISTORICAL_PAPER_SAMPLE""]","{""alternateLine"": null, ""rank"": 36}",CLEAN,[],PAPER,False,5.0,,,"[""NOT_YET_ACTIVATED_NO_HISTORICAL_PAPER_SAMPLE""]"
PAPER:2026-08-05:KXMLBF3-26AUG051910CWSBOS-CWS,2026-08-05,824728,CWS @ BOS,KXMLBF3-26AUG051910CWSBOS-CWS,,inning_result,,F3,Away,,,Away,PAPER_SPREAD_LEDGER,,,exact_ticker,39.0,,,39.0,38.5,,,,,,,,,51.337,39.0,12.337,,HIGH,PAPER_ONLY_REAL_MONEY_BLOCKED,SUPPORTED,,PENDING,,,,,,,,,,,,F3,,"[""NOT_YET_ACTIVATED_NO_HISTORICAL_PAPER_SAMPLE""]","{""alternateLine"": null, ""rank"": 31}",CLEAN,[],PAPER,False,5.0,,,"[""NOT_YET_ACTIVATED_NO_HISTORICAL_PAPER_SAMPLE""]"
PAPER:2026-08-05:KXMLBF3-26AUG051910CWSBOS-TIE,2026-08-05,824728,CWS @ BOS,KXMLBF3-26AUG051910CWSBOS-TIE,,inning_result,,F3,Tie,,,Tie,PAPER_SPREAD_LEDGER,,,exact_ticker,25.0,,,25.0,24.5,,,,,,,,,28.224,25.0,3.224,,HIGH,PAPER_ONLY_REAL_MONEY_BLOCKED,SUPPORTED,,PENDING,,,,,,,,,,,,F3,,"[""NOT_YET_ACTIVATED_NO_HISTORICAL_PAPER_SAMPLE""]","{""alternateLine"": null, ""rank"": 124}",CLEAN,[],PAPER,False,5.0,,,"[""NOT_YET_ACTIVATED_NO_HISTORICAL_PAPER_SAMPLE""]"
PAPER:2026-08-05:KXMLBF3-26AUG051915MIAATL-ATL,2026-08-05,824889,MIA @ ATL,KXMLBF3-26AUG051915MIAATL-ATL,,inning_result,,F3,Home,,,Home,PAPER_SPREAD_LEDGER,,,exact_ticker,38.0,,,38.0,37.5,,,,,,,,,43.813,38.0,5.813,,HIGH,PAPER_ONLY_REAL_MONEY_BLOCKED,SUPPORTED,,PENDING,,,,,,,,,,,,F3,,"[""NOT_YET_ACTIVATED_NO_HISTORICAL_PAPER_SAMPLE""]","{""alternateLine"": null, ""rank"": 88}",CLEAN,[],PAPER,False,5.0,,,"[""NOT_YET_ACTIVATED_NO_HISTORICAL_PAPER_SAMPLE""]"
PAPER:2026-08-05:KXMLBF3-26AUG051915MIAATL-MIA,2026-08-05,824889,MIA @ ATL,KXMLBF3-26AUG051915MIAATL-MIA,,inning_result,,F3,Away,,,Away,PAPER_SPREAD_LEDGER,,,exact_ticker,37.0,,,37.0,36.5,,,,,,,,,56.187,37.0,19.187,,HIGH,PAPER_ONLY_REAL_MONEY_BLOCKED,SUPPORTED,,PENDING,,,,,,,,,,,,F3,,"[""NOT_YET_ACTIVATED_NO_HISTORICAL_PAPER_SAMPLE""]","{""alternateLine"": null, ""rank"": 18}",CLEAN,[],PAPER,False,5.0,,,"[""NOT_YET_ACTIVATED_NO_HISTORICAL_PAPER_SAMPLE""]"
PAPER:2026-08-05:KXMLBF3-26AUG051915MIAATL-TIE,2026-08-05,824889,MIA @ ATL,KXMLBF3-26AUG051915MIAATL-TIE,,inning_result,,F3,Tie,,,Tie,PAPER_SPREAD_LEDGER,,,exact_ticker,24.0,,,24.0,23.5,,,,,,,,,25.657,24.0,1.657,,MEDIUM,PAPER_ONLY_REAL_MONEY_BLOCKED,SUPPORTED,,PENDING,,,,,,,,,,,,F3,,"[""NOT_YET_ACTIVATED_NO_HISTORICAL_PAPER_SAMPLE""]","{""alternateLine"": null, ""rank"": 146}",CLEAN,[],PAPER,False,5.0,,,"[""NOT_YET_ACTIVATED_NO_HISTORICAL_PAPER_SAMPLE""]"
PAPER:2026-08-05:KXMLBF3-26AUG051940MINKC-KC,2026-08-05,824082,MIN @ KC,KXMLBF3-26AUG051940MINKC-KC,,inning_result,,F3,Home,,,Home,PAPER_SPREAD_LEDGER,,,exact_ticker,41.0,,,41.0,40.5,,,,,,,,,64.613,41.0,23.613,,HIGH,PAPER_ONLY_REAL_MONEY_BLOCKED,SUPPORTED,,PENDING,,,,,,,,,,,,F3,,"[""NOT_YET_ACTIVATED_NO_HISTORICAL_PAPER_SAMPLE""]","{""alternateLine"": null, ""rank"": 7}",CLEAN,[],PAPER,False,5.0,,,"[""NOT_YET_ACTIVATED_NO_HISTORICAL_PAPER_SAMPLE""]"
PAPER:2026-08-05:KXMLBF3-26AUG051940PITMIL-MIL,2026-08-05,823753,PIT @ MIL,KXMLBF3-26AUG051940PITMIL-MIL,,inning_result,,F3,Home,,,Home,PAPER_SPREAD_LEDGER,,,exact_ticker,38.0,,,38.0,37.0,,,,,,,,,49.002,38.0,11.002,,HIGH,PAPER_ONLY_REAL_MONEY_BLOCKED,SUPPORTED,,PENDING,,,,,,,,,,,,F3,,"[""NOT_YET_ACTIVATED_NO_HISTORICAL_PAPER_SAMPLE""]","{""alternateLine"": null, ""rank"": 38}",CLEAN,[],PAPER,False,5.0,,,"[""NOT_YET_ACTIVATED_NO_HISTORICAL_PAPER_SAMPLE""]"
PAPER:2026-08-05:KXMLBF3-26AUG051940PITMIL-PIT,2026-08-05,823753,PIT @ MIL,KXMLBF3-26AUG051940PITMIL-PIT,,inning_result,,F3,Away,,,Away,PAPER_SPREAD_LEDGER,,,exact_ticker,34.0,,,34.0,33.0,,,,,,,,,50.998,34.0,16.998,,HIGH,PAPER_ONLY_REAL_MONEY_BLOCKED,SUPPORTED,,PENDING,,,,,,,,,,,,F3,,"[""NOT_YET_ACTIVATED_NO_HISTORICAL_PAPER_SAMPLE""]","{""alternateLine"": null, ""rank"": 23}",CLEAN,[],PAPER,False,5.0,,,"[""NOT_YET_ACTIVATED_NO_HISTORICAL_PAPER_SAMPLE""]"
PAPER:2026-08-05:KXMLBF3-26AUG051940PITMIL-TIE,2026-08-05,823753,PIT @ MIL,KXMLBF3-26AUG051940PITMIL-TIE,,inning_result,,F3,Tie,,,Tie,PAPER_SPREAD_LEDGER,,,exact_ticker,29.0,,,29.0,28.5,,,,,,,,,32.33,29.0,3.33,,HIGH,PAPER_ONLY_REAL_MONEY_BLOCKED,SUPPORTED,,PENDING,,,,,,,,,,,,F3,,"[""NOT_YET_ACTIVATED_NO_HISTORICAL_PAPER_SAMPLE""]","{""alternateLine"": null, ""rank"": 121}",CLEAN,[],PAPER,False,5.0,,,"[""NOT_YET_ACTIVATED_NO_HISTORICAL_PAPER_SAMPLE""]"
PAPER:2026-08-05:KXMLBF3-26AUG052140DETSEA-DET,2026-08-05,823106,DET @ SEA,KXMLBF3-26AUG052140DETSEA-DET,,inning_result,,F3,Away,,,Away,PAPER_SPREAD_LEDGER,,,exact_ticker,31.0,,,31.0,30.0,,,,,,,,,55.791,31.0,24.791,,HIGH,PAPER_ONLY_REAL_MONEY_BLOCKED,SUPPORTED,,PENDING,,,,,,,,,,,,F3,,"[""NOT_YET_ACTIVATED_NO_HISTORICAL_PAPER_SAMPLE""]","{""alternateLine"": null, ""rank"": 5}",CLEAN,[],PAPER,False,5.0,,,"[""NOT_YET_ACTIVATED_NO_HISTORICAL_PAPER_SAMPLE""]"
PAPER:2026-08-05:KXMLBF3-26AUG052140DETSEA-TIE,2026-08-05,823106,DET @ SEA,KXMLBF3-26AUG052140DETSEA-TIE,,inning_result,,F3,Tie,,,Tie,PAPER_SPREAD_LEDGER,,,exact_ticker,25.0,,,25.0,24.0,,,,,,,,,27.424,25.0,2.424,,MEDIUM,PAPER_ONLY_REAL_MONEY_BLOCKED,SUPPORTED,,PENDING,,,,,,,,,,,,F3,,"[""NOT_YET_ACTIVATED_NO_HISTORICAL_PAPER_SAMPLE""]","{""alternateLine"": null, ""rank"": 134}",CLEAN,[],PAPER,False,5.0,,,"[""NOT_YET_ACTIVATED_NO_HISTORICAL_PAPER_SAMPLE""]"
PAPER:2026-08-05:KXMLBF3-26AUG052140SDAZ-SD,2026-08-05,825052,SD @ AZ,KXMLBF3-26AUG052140SDAZ-SD,,inning_result,,F3,Away,,,Away,PAPER_SPREAD_LEDGER,,,exact_ticker,42.0,,,42.0,41.0,,,,,,,,,80.744,42.0,38.744,,HIGH,PAPER_ONLY_REAL_MONEY_BLOCKED,SUPPORTED,,PENDING,,,,,,,,,,,,F3,,"[""NOT_YET_ACTIVATED_NO_HISTORICAL_PAPER_SAMPLE""]","{""alternateLine"": null, ""rank"": 1}",CLEAN,[],PAPER,False,5.0,,,"[""NOT_YET_ACTIVATED_NO_HISTORICAL_PAPER_SAMPLE""]"
PAPER:2026-08-05:KXMLBF5SPREAD-26AUG051840NYMCLE-NYM2,2026-08-05,824402,NYM @ CLE,KXMLBF5SPREAD-26AUG051840NYMCLE-NYM2,,winning_margin,,F5,NYM,1.5,,NYM,PAPER_SPREAD_LEDGER,,,exact_ticker,29.0,,,29.0,28.5,,,,,,,,,31.274,29.0,2.274,,MEDIUM,PAPER_ONLY_REAL_MONEY_BLOCKED,SUPPORTED,,PENDING,,,,,,,,,,,,F5,,"[""NOT_YET_ACTIVATED_NO_HISTORICAL_PAPER_SAMPLE""]","{""alternateLine"": false, ""rank"": 138}",CLEAN,[],PAPER,False,5.0,,,"[""NOT_YET_ACTIVATED_NO_HISTORICAL_PAPER_SAMPLE""]"
PAPER:2026-08-05:KXMLBF5SPREAD-26AUG051940MINKC-KC2,2026-08-05,824082,MIN @ KC,KXMLBF5SPREAD-26AUG051940MINKC-KC2,,winning_margin,,F5,KC,1.5,,KC,PAPER_SPREAD_LEDGER,,,exact_ticker,34.0,,,34.0,33.5,,,,,,,,,39.857,34.0,5.857,,HIGH,PAPER_ONLY_REAL_MONEY_BLOCKED,SUPPORTED,,PENDING,,,,,,,,,,,,F5,,"[""NOT_YET_ACTIVATED_NO_HISTORICAL_PAPER_SAMPLE""]","{""alternateLine"": false, ""rank"": 85}",CLEAN,[],PAPER,False,5.0,,,"[""NOT_YET_ACTIVATED_NO_HISTORICAL_PAPER_SAMPLE""]"
PAPER:2026-08-05:KXMLBF5SPREAD-26AUG051940MINKC-KC3,2026-08-05,824082,MIN @ KC,KXMLBF5SPREAD-26AUG051940MINKC-KC3,,winning_margin,,F5,KC,2.5,,KC,PAPER_SPREAD_LEDGER,,,exact_ticker,22.0,,,22.0,21.5,,,,,,,,,23.695,22.0,1.695,,MEDIUM,PAPER_ONLY_REAL_MONEY_BLOCKED,SUPPORTED,,PENDING,,,,,,,,,,,,F5,,"[""NOT_YET_ACTIVATED_NO_HISTORICAL_PAPER_SAMPLE""]","{""alternateLine"": true, ""rank"": 144}",CLEAN,[],PAPER,False,5.0,,,"[""NOT_YET_ACTIVATED_NO_HISTORICAL_PAPER_SAMPLE""]"
PAPER:2026-08-05:KXMLBF5SPREAD-26AUG052140DETSEA-DET2,2026-08-05,823106,DET @ SEA,KXMLBF5SPREAD-26AUG052140DETSEA-DET2,,winning_margin,,F5,DET,1.5,,DET,PAPER_SPREAD_LEDGER,,,exact_ticker,24.0,,,24.0,23.5,,,,,,,,,26.374,24.0,2.374,,MEDIUM,PAPER_ONLY_REAL_MONEY_BLOCKED,SUPPORTED,,PENDING,,,,,,,,,,,,F5,,"[""NOT_YET_ACTIVATED_NO_HISTORICAL_PAPER_SAMPLE""]","{""alternateLine"": false, ""rank"": 135}",CLEAN,[],PAPER,False,5.0,,,"[""NOT_YET_ACTIVATED_NO_HISTORICAL_PAPER_SAMPLE""]"
PAPER:2026-08-05:KXMLBF5SPREAD-26AUG052140SDAZ-SD2,2026-08-05,825052,SD @ AZ,KXMLBF5SPREAD-26AUG052140SDAZ-SD2,,winning_margin,,F5,SD,1.5,,SD,PAPER_SPREAD_LEDGER,,,exact_ticker,34.0,,,34.0,33.5,,,,,,,,,43.036,34.0,9.036,,HIGH,PAPER_ONLY_REAL_MONEY_BLOCKED,SUPPORTED,,PENDING,,,,,,,,,,,,F5,,"[""NOT_YET_ACTIVATED_NO_HISTORICAL_PAPER_SAMPLE""]","{""alternateLine"": false, ""rank"": 51}",CLEAN,[],PAPER,False,5.0,,,"[""NOT_YET_ACTIVATED_NO_HISTORICAL_PAPER_SAMPLE""]"
PAPER:2026-08-05:KXMLBF5SPREAD-26AUG052140SDAZ-SD3,2026-08-05,825052,SD @ AZ,KXMLBF5SPREAD-26AUG052140SDAZ-SD3,,winning_margin,,F5,SD,2.5,,SD,PAPER_SPREAD_LEDGER,,,exact_ticker,23.0,,,23.0,22.5,,,,,,,,,24.663,23.0,1.663,,MEDIUM,PAPER_ONLY_REAL_MONEY_BLOCKED,SUPPORTED,,PENDING,,,,,,,,,,,,F5,,"[""NOT_YET_ACTIVATED_NO_HISTORICAL_PAPER_SAMPLE""]","{""alternateLine"": true, ""rank"": 145}",CLEAN,[],PAPER,False,5.0,,,"[""NOT_YET_ACTIVATED_NO_HISTORICAL_PAPER_SAMPLE""]"
PAPER:2026-08-05:KXMLBF7-26AUG051835LAABAL-BAL,2026-08-05,824806,LAA @ BAL,KXMLBF7-26AUG051835LAABAL-BAL,,inning_result,,F7,Home,,,Home,PAPER_SPREAD_LEDGER,,,exact_ticker,49.0,,,49.0,48.0,,,,,,,,,52.817,49.0,3.817,,HIGH,PAPER_ONLY_REAL_MONEY_BLOCKED,SUPPORTED,,PENDING,,,,,,,,,,,,F7,,"[""NOT_YET_ACTIVATED_NO_HISTORICAL_PAPER_SAMPLE""]","{""alternateLine"": null, ""rank"": 113}",CLEAN,[],PAPER,False,5.0,,,"[""NOT_YET_ACTIVATED_NO_HISTORICAL_PAPER_SAMPLE""]"
PAPER:2026-08-05:KXMLBF7-26AUG051835LAABAL-LAA,2026-08-05,824806,LAA @ BAL,KXMLBF7-26AUG051835LAABAL-LAA,,inning_result,,F7,Away,,,Away,PAPER_SPREAD_LEDGER,,,exact_ticker,40.0,,,40.0,39.0,,,,,,,,,47.183,40.0,7.183,,HIGH,PAPER_ONLY_REAL_MONEY_BLOCKED,SUPPORTED,,PENDING,,,,,,,,,,,,F7,,"[""NOT_YET_ACTIVATED_NO_HISTORICAL_PAPER_SAMPLE""]","{""alternateLine"": null, ""rank"": 70}",CLEAN,[],PAPER,False,5.0,,,"[""NOT_YET_ACTIVATED_NO_HISTORICAL_PAPER_SAMPLE""]"
PAPER:2026-08-05:KXMLBF7-26AUG051835LAABAL-TIE,2026-08-05,824806,LAA @ BAL,KXMLBF7-26AUG051835LAABAL-TIE,,inning_result,,F7,Tie,,,Tie,PAPER_SPREAD_LEDGER,,,exact_ticker,12.0,,,12.0,11.5,,,,,,,,,20.035,12.0,8.035,,HIGH,PAPER_ONLY_REAL_MONEY_BLOCKED,SUPPORTED,,PENDING,,,,,,,,,,,,F7,,"[""NOT_YET_ACTIVATED_NO_HISTORICAL_PAPER_SAMPLE""]","{""alternateLine"": null, ""rank"": 63}",CLEAN,[],PAPER,False,5.0,,,"[""NOT_YET_ACTIVATED_NO_HISTORICAL_PAPER_SAMPLE""]"
PAPER:2026-08-05:KXMLBF7-26AUG051840ATHCIN-ATH,2026-08-05,824482,ATH @ CIN,KXMLBF7-26AUG051840ATHCIN-ATH,,inning_result,,F7,Away,,,Away,PAPER_SPREAD_LEDGER,,,exact_ticker,37.0,,,37.0,36.5,,,,,,,,,48.94,37.0,11.94,,HIGH,PAPER_ONLY_REAL_MONEY_BLOCKED,SUPPORTED,,PENDING,,,,,,,,,,,,F7,,"[""NOT_YET_ACTIVATED_NO_HISTORICAL_PAPER_SAMPLE""]","{""alternateLine"": null, ""rank"": 34}",CLEAN,[],PAPER,False,5.0,,,"[""NOT_YET_ACTIVATED_NO_HISTORICAL_PAPER_SAMPLE""]"
PAPER:2026-08-05:KXMLBF7-26AUG051840ATHCIN-TIE,2026-08-05,824482,ATH @ CIN,KXMLBF7-26AUG051840ATHCIN-TIE,,inning_result,,F7,Tie,,,Tie,PAPER_SPREAD_LEDGER,,,exact_ticker,11.0,,,11.0,10.5,,,,,,,,,20.958,11.0,9.958,,HIGH,PAPER_ONLY_REAL_MONEY_BLOCKED,SUPPORTED,,PENDING,,,,,,,,,,,,F7,,"[""NOT_YET_ACTIVATED_NO_HISTORICAL_PAPER_SAMPLE""]","{""alternateLine"": null, ""rank"": 44}",CLEAN,[],PAPER,False,5.0,,,"[""NOT_YET_ACTIVATED_NO_HISTORICAL_PAPER_SAMPLE""]"
PAPER:2026-08-05:KXMLBF7-26AUG051840NYMCLE-NYM,2026-08-05,824402,NYM @ CLE,KXMLBF7-26AUG051840NYMCLE-NYM,,inning_result,,F7,Away,,,Away,PAPER_SPREAD_LEDGER,,,exact_ticker,45.0,,,45.0,44.5,,,,,,,,,77.194,45.0,32.194,,HIGH,PAPER_ONLY_REAL_MONEY_BLOCKED,SUPPORTED,,PENDING,,,,,,,,,,,,F7,,"[""NOT_YET_ACTIVATED_NO_HISTORICAL_PAPER_SAMPLE""]","{""alternateLine"": null, ""rank"": 2}",CLEAN,[],PAPER,False,5.0,,,"[""NOT_YET_ACTIVATED_NO_HISTORICAL_PAPER_SAMPLE""]"
PAPER:2026-08-05:KXMLBF7-26AUG051840NYMCLE-TIE,2026-08-05,824402,NYM @ CLE,KXMLBF7-26AUG051840NYMCLE-TIE,,inning_result,,F7,Tie,,,Tie,PAPER_SPREAD_LEDGER,,,exact_ticker,13.0,,,13.0,12.5,,,,,,,,,16.106,13.0,3.106,,HIGH,PAPER_ONLY_REAL_MONEY_BLOCKED,SUPPORTED,,PENDING,,,,,,,,,,,,F7,,"[""NOT_YET_ACTIVATED_NO_HISTORICAL_PAPER_SAMPLE""]","{""alternateLine"": null, ""rank"": 128}",CLEAN,[],PAPER,False,5.0,,,"[""NOT_YET_ACTIVATED_NO_HISTORICAL_PAPER_SAMPLE""]"
PAPER:2026-08-05:KXMLBF7-26AUG051905STLNYY-NYY,2026-08-05,823516,STL @ NYY,KXMLBF7-26AUG051905STLNYY-NYY,,inning_result,,F7,Home,,,Home,PAPER_SPREAD_LEDGER,,,exact_ticker,52.0,,,52.0,51.0,,,,,,,,,58.052,52.0,6.052,,HIGH,PAPER_ONLY_REAL_MONEY_BLOCKED,SUPPORTED,,PENDING,,,,,,,,,,,,F7,,"[""NOT_YET_ACTIVATED_NO_HISTORICAL_PAPER_SAMPLE""]","{""alternateLine"": null, ""rank"": 82}",CLEAN,[],PAPER,False,5.0,,,"[""NOT_YET_ACTIVATED_NO_HISTORICAL_PAPER_SAMPLE""]"
PAPER:2026-08-05:KXMLBF7-26AUG051905STLNYY-STL,2026-08-05,823516,STL @ NYY,KXMLBF7-26AUG051905STLNYY-STL,,inning_result,,F7,Away,,,Away,PAPER_SPREAD_LEDGER,,,exact_ticker,37.0,,,37.0,36.5,,,,,,,,,41.948,37.0,4.948,,HIGH,PAPER_ONLY_REAL_MONEY_BLOCKED,SUPPORTED,,PENDING,,,,,,,,,,,,F7,,"[""NOT_YET_ACTIVATED_NO_HISTORICAL_PAPER_SAMPLE""]","{""alternateLine"": null, ""rank"": 98}",CLEAN,[],PAPER,False,5.0,,,"[""NOT_YET_ACTIVATED_NO_HISTORICAL_PAPER_SAMPLE""]"
PAPER:2026-08-05:KXMLBF7-26AUG051905STLNYY-TIE,2026-08-05,823516,STL @ NYY,KXMLBF7-26AUG051905STLNYY-TIE,,inning_result,,F7,Tie,,,Tie,PAPER_SPREAD_LEDGER,,,exact_ticker,13.0,,,13.0,12.5,,,,,,,,,19.769,13.0,6.769,,HIGH,PAPER_ONLY_REAL_MONEY_BLOCKED,SUPPORTED,,PENDING,,,,,,,,,,,,F7,,"[""NOT_YET_ACTIVATED_NO_HISTORICAL_PAPER_SAMPLE""]","{""alternateLine"": null, ""rank"": 74}",CLEAN,[],PAPER,False,5.0,,,"[""NOT_YET_ACTIVATED_NO_HISTORICAL_PAPER_SAMPLE""]"
PAPER:2026-08-05:KXMLBF7-26AUG051910CWSBOS-CWS,2026-08-05,824728,CWS @ BOS,KXMLBF7-26AUG051910CWSBOS-CWS,,inning_result,,F7,Away,,,Away,PAPER_SPREAD_LEDGER,,,exact_ticker,42.0,,,42.0,41.0,,,,,,,,,60.064,42.0,18.064,,HIGH,PAPER_ONLY_REAL_MONEY_BLOCKED,SUPPORTED,,PENDING,,,,,,,,,,,,F7,,"[""NOT_YET_ACTIVATED_NO_HISTORICAL_PAPER_SAMPLE""]","{""alternateLine"": null, ""rank"": 19}",CLEAN,[],PAPER,False,5.0,,,"[""NOT_YET_ACTIVATED_NO_HISTORICAL_PAPER_SAMPLE""]"
PAPER:2026-08-05:KXMLBF7-26AUG051910CWSBOS-TIE,2026-08-05,824728,CWS @ BOS,KXMLBF7-26AUG051910CWSBOS-TIE,,inning_result,,F7,Tie,,,Tie,PAPER_SPREAD_LEDGER,,,exact_ticker,13.0,,,13.0,12.5,,,,,,,,,18.476,13.0,5.476,,HIGH,PAPER_ONLY_REAL_MONEY_BLOCKED,SUPPORTED,,PENDING,,,,,,,,,,,,F7,,"[""NOT_YET_ACTIVATED_NO_HISTORICAL_PAPER_SAMPLE""]","{""alternateLine"": null, ""rank"": 93}",CLEAN,[],PAPER,False,5.0,,,"[""NOT_YET_ACTIVATED_NO_HISTORICAL_PAPER_SAMPLE""]"
PAPER:2026-08-05:KXMLBF7-26AUG051915MIAATL-MIA,2026-08-05,824889,MIA @ ATL,KXMLBF7-26AUG051915MIAATL-MIA,,inning_result,,F7,Away,,,Away,PAPER_SPREAD_LEDGER,,,exact_ticker,42.0,,,42.0,40.5,,,,,,,,,59.283,42.0,17.283,,HIGH,PAPER_ONLY_REAL_MONEY_BLOCKED,SUPPORTED,,PENDING,,,,,,,,,,,,F7,,"[""NOT_YET_ACTIVATED_NO_HISTORICAL_PAPER_SAMPLE""]","{""alternateLine"": null, ""rank"": 22}",CLEAN,[],PAPER,False,5.0,,,"[""NOT_YET_ACTIVATED_NO_HISTORICAL_PAPER_SAMPLE""]"
PAPER:2026-08-05:KXMLBF7-26AUG051915MIAATL-TIE,2026-08-05,824889,MIA @ ATL,KXMLBF7-26AUG051915MIAATL-TIE,,inning_result,,F7,Tie,,,Tie,PAPER_SPREAD_LEDGER,,,exact_ticker,13.0,,,13.0,12.5,,,,,,,,,19.114,13.0,6.114,,HIGH,PAPER_ONLY_REAL_MONEY_BLOCKED,SUPPORTED,,PENDING,,,,,,,,,,,,F7,,"[""NOT_YET_ACTIVATED_NO_HISTORICAL_PAPER_SAMPLE""]","{""alternateLine"": null, ""rank"": 80}",CLEAN,[],PAPER,False,5.0,,,"[""NOT_YET_ACTIVATED_NO_HISTORICAL_PAPER_SAMPLE""]"
PAPER:2026-08-05:KXMLBF7-26AUG051940MINKC-KC,2026-08-05,824082,MIN @ KC,KXMLBF7-26AUG051940MINKC-KC,,inning_result,,F7,Home,,,Home,PAPER_SPREAD_LEDGER,,,exact_ticker,48.0,,,48.0,47.5,,,,,,,,,72.389,48.0,24.389,,HIGH,PAPER_ONLY_REAL_MONEY_BLOCKED,SUPPORTED,,PENDING,,,,,,,,,,,,F7,,"[""NOT_YET_ACTIVATED_NO_HISTORICAL_PAPER_SAMPLE""]","{""alternateLine"": null, ""rank"": 6}",CLEAN,[],PAPER,False,5.0,,,"[""NOT_YET_ACTIVATED_NO_HISTORICAL_PAPER_SAMPLE""]"
PAPER:2026-08-05:KXMLBF7-26AUG051940MINKC-TIE,2026-08-05,824082,MIN @ KC,KXMLBF7-26AUG051940MINKC-TIE,,inning_result,,F7,Tie,,,Tie,PAPER_SPREAD_LEDGER,,,exact_ticker,13.0,,,13.0,12.5,,,,,,,,,16.502,13.0,3.502,,HIGH,PAPER_ONLY_REAL_MONEY_BLOCKED,SUPPORTED,,PENDING,,,,,,,,,,,,F7,,"[""NOT_YET_ACTIVATED_NO_HISTORICAL_PAPER_SAMPLE""]","{""alternateLine"": null, ""rank"": 117}",CLEAN,[],PAPER,False,5.0,,,"[""NOT_YET_ACTIVATED_NO_HISTORICAL_PAPER_SAMPLE""]"
PAPER:2026-08-05:KXMLBF7-26AUG051940PITMIL-MIL,2026-08-05,823753,PIT @ MIL,KXMLBF7-26AUG051940PITMIL-MIL,,inning_result,,F7,Home,,,Home,PAPER_SPREAD_LEDGER,,,exact_ticker,47.0,,,47.0,46.0,,,,,,,,,51.636,47.0,4.636,,HIGH,PAPER_ONLY_REAL_MONEY_BLOCKED,SUPPORTED,,PENDING,,,,,,,,,,,,F7,,"[""NOT_YET_ACTIVATED_NO_HISTORICAL_PAPER_SAMPLE""]","{""alternateLine"": null, ""rank"": 103}",CLEAN,[],PAPER,False,5.0,,,"[""NOT_YET_ACTIVATED_NO_HISTORICAL_PAPER_SAMPLE""]"
PAPER:2026-08-05:KXMLBF7-26AUG051940PITMIL-PIT,2026-08-05,823753,PIT @ MIL,KXMLBF7-26AUG051940PITMIL-PIT,,inning_result,,F7,Away,,,Away,PAPER_SPREAD_LEDGER,,,exact_ticker,40.0,,,40.0,39.5,,,,,,,,,48.364,40.0,8.364,,HIGH,PAPER_ONLY_REAL_MONEY_BLOCKED,SUPPORTED,,PENDING,,,,,,,,,,,,F7,,"[""NOT_YET_ACTIVATED_NO_HISTORICAL_PAPER_SAMPLE""]","{""alternateLine"": null, ""rank"": 58}",CLEAN,[],PAPER,False,5.0,,,"[""NOT_YET_ACTIVATED_NO_HISTORICAL_PAPER_SAMPLE""]"
PAPER:2026-08-05:KXMLBF7-26AUG051940PITMIL-TIE,2026-08-05,823753,PIT @ MIL,KXMLBF7-26AUG051940PITMIL-TIE,,inning_result,,F7,Tie,,,Tie,PAPER_SPREAD_LEDGER,,,exact_ticker,15.0,,,15.0,13.5,,,,,,,,,23.298,15.0,8.298,,HIGH,PAPER_ONLY_REAL_MONEY_BLOCKED,SUPPORTED,,PENDING,,,,,,,,,,,,F7,,"[""NOT_YET_ACTIVATED_NO_HISTORICAL_PAPER_SAMPLE""]","{""alternateLine"": null, ""rank"": 59}",CLEAN,[],PAPER,False,5.0,,,"[""NOT_YET_ACTIVATED_NO_HISTORICAL_PAPER_SAMPLE""]"
PAPER:2026-08-05:KXMLBF7-26AUG052140DETSEA-DET,2026-08-05,823106,DET @ SEA,KXMLBF7-26AUG052140DETSEA-DET,,inning_result,,F7,Away,,,Away,PAPER_SPREAD_LEDGER,,,exact_ticker,38.0,,,38.0,36.5,,,,,,,,,55.926,38.0,17.926,,HIGH,PAPER_ONLY_REAL_MONEY_BLOCKED,SUPPORTED,,PENDING,,,,,,,,,,,,F7,,"[""NOT_YET_ACTIVATED_NO_HISTORICAL_PAPER_SAMPLE""]","{""alternateLine"": null, ""rank"": 21}",CLEAN,[],PAPER,False,5.0,,,"[""NOT_YET_ACTIVATED_NO_HISTORICAL_PAPER_SAMPLE""]"
PAPER:2026-08-05:KXMLBF7-26AUG052140DETSEA-TIE,2026-08-05,823106,DET @ SEA,KXMLBF7-26AUG052140DETSEA-TIE,,inning_result,,F7,Tie,,,Tie,PAPER_SPREAD_LEDGER,,,exact_ticker,13.0,,,13.0,12.5,,,,,,,,,18.741,13.0,5.741,,HIGH,PAPER_ONLY_REAL_MONEY_BLOCKED,SUPPORTED,,PENDING,,,,,,,,,,,,F7,,"[""NOT_YET_ACTIVATED_NO_HISTORICAL_PAPER_SAMPLE""]","{""alternateLine"": null, ""rank"": 89}",CLEAN,[],PAPER,False,5.0,,,"[""NOT_YET_ACTIVATED_NO_HISTORICAL_PAPER_SAMPLE""]"
PAPER:2026-08-05:KXMLBF7-26AUG052140SDAZ-SD,2026-08-05,825052,SD @ AZ,KXMLBF7-26AUG052140SDAZ-SD,,inning_result,,F7,Away,,,Away,PAPER_SPREAD_LEDGER,,,exact_ticker,49.0,,,49.0,48.5,,,,,,,,,76.951,49.0,27.951,,HIGH,PAPER_ONLY_REAL_MONEY_BLOCKED,SUPPORTED,,PENDING,,,,,,,,,,,,F7,,"[""NOT_YET_ACTIVATED_NO_HISTORICAL_PAPER_SAMPLE""]","{""alternateLine"": null, ""rank"": 4}",CLEAN,[],PAPER,False,5.0,,,"[""NOT_YET_ACTIVATED_NO_HISTORICAL_PAPER_SAMPLE""]"
PAPER:2026-08-05:KXMLBF7-26AUG052140SDAZ-TIE,2026-08-05,825052,SD @ AZ,KXMLBF7-26AUG052140SDAZ-TIE,,inning_result,,F7,Tie,,,Tie,PAPER_SPREAD_LEDGER,,,exact_ticker,13.0,,,13.0,12.5,,,,,,,,,17.849,13.0,4.849,,HIGH,PAPER_ONLY_REAL_MONEY_BLOCKED,SUPPORTED,,PENDING,,,,,,,,,,,,F7,,"[""NOT_YET_ACTIVATED_NO_HISTORICAL_PAPER_SAMPLE""]","{""alternateLine"": null, ""rank"": 100}",CLEAN,[],PAPER,False,5.0,,,"[""NOT_YET_ACTIVATED_NO_HISTORICAL_PAPER_SAMPLE""]"
PAPER:2026-08-05:KXMLBSPREAD-26AUG051940MINKC-KC2,2026-08-05,824082,MIN @ KC,KXMLBSPREAD-26AUG051940MINKC-KC2,,winning_margin,,full_game,KC,1.5,,KC,PAPER_SPREAD_LEDGER,,,exact_ticker,36.0,,,36.0,35.5,,,,,,,,,38.571,36.0,2.571,,MEDIUM,PAPER_ONLY_REAL_MONEY_BLOCKED,SUPPORTED,,PENDING,,,,,,,,,,,,full_game,,"[""RULE_81""]","{""alternateLine"": false, ""rank"": 133}",CLEAN,[],PAPER,False,5.0,,,"[""RULE_81""]"
PAPER:2026-08-05:KXMLBSPREAD-26AUG052140DETSEA-DET2,2026-08-05,823106,DET @ SEA,KXMLBSPREAD-26AUG052140DETSEA-DET2,,winning_margin,,full_game,DET,1.5,,DET,PAPER_SPREAD_LEDGER,,,exact_ticker,31.0,,,31.0,30.5,,,,,,,,,38.584,31.0,7.584,,HIGH,PAPER_ONLY_REAL_MONEY_BLOCKED,SUPPORTED,,PENDING,,,,,,,,,,,,full_game,,"[""RULE_81""]","{""alternateLine"": false, ""rank"": 66}",CLEAN,[],PAPER,False,5.0,,,"[""RULE_81""]"
PAPER:2026-08-05:KXMLBSPREAD-26AUG052140DETSEA-DET3,2026-08-05,823106,DET @ SEA,KXMLBSPREAD-26AUG052140DETSEA-DET3,,winning_margin,,full_game,DET,2.5,,DET,PAPER_SPREAD_LEDGER,,,exact_ticker,21.0,,,21.0,20.5,,,,,,,,,25.529,21.0,4.529,,HIGH,PAPER_ONLY_REAL_MONEY_BLOCKED,SUPPORTED,,PENDING,,,,,,,,,,,,full_game,,"[""RULE_81""]","{""alternateLine"": true, ""rank"": 104}",CLEAN,[],PAPER,False,5.0,,,"[""RULE_81""]"
PAPER:2026-08-05:KXMLBSPREAD-26AUG052140SDAZ-SD2,2026-08-05,825052,SD @ AZ,KXMLBSPREAD-26AUG052140SDAZ-SD2,,winning_margin,,full_game,SD,1.5,,SD,PAPER_SPREAD_LEDGER,,,exact_ticker,43.0,,,43.0,42.5,,,,,,,,,51.535,43.0,8.535,,HIGH,PAPER_ONLY_REAL_MONEY_BLOCKED,SUPPORTED,,PENDING,,,,,,,,,,,,full_game,,"[""RULE_81""]","{""alternateLine"": false, ""rank"": 57}",CLEAN,[],PAPER,False,5.0,,,"[""RULE_81""]"
PAPER:2026-08-05:KXMLBSPREAD-26AUG052140SDAZ-SD3,2026-08-05,825052,SD @ AZ,KXMLBSPREAD-26AUG052140SDAZ-SD3,,winning_margin,,full_game,SD,2.5,,SD,PAPER_SPREAD_LEDGER,,,exact_ticker,32.0,,,32.0,31.5,,,,,,,,,37.83,32.0,5.83,,HIGH,PAPER_ONLY_REAL_MONEY_BLOCKED,SUPPORTED,,PENDING,,,,,,,,,,,,full_game,,"[""RULE_81""]","{""alternateLine"": true, ""rank"": 87}",CLEAN,[],PAPER,False,5.0,,,"[""RULE_81""]"
PAPER:2026-08-05:KXMLBSPREAD-26AUG052140SDAZ-SD4,2026-08-05,825052,SD @ AZ,KXMLBSPREAD-26AUG052140SDAZ-SD4,,winning_margin,,full_game,SD,3.5,,SD,PAPER_SPREAD_LEDGER,,,exact_ticker,24.0,,,24.0,23.5,,,,,,,,,25.65,24.0,1.65,,MEDIUM,PAPER_ONLY_REAL_MONEY_BLOCKED,SUPPORTED,,PENDING,,,,,,,,,,,,full_game,,"[""RULE_81""]","{""alternateLine"": true, ""rank"": 147}",CLEAN,[],PAPER,False,5.0,,,"[""RULE_81""]"
PAPER:2026-08-06:KXMLBF3-26AUG061910CWSBOS-BOS,2026-08-06,824729,CWS @ BOS,KXMLBF3-26AUG061910CWSBOS-BOS,,inning_result,,F3,Home,,,Home,PAPER_SPREAD_LEDGER,,,exact_ticker,48.0,,,48.0,47.5,,,,,,,,,76.653,48.0,28.653,,HIGH,PAPER_ONLY_REAL_MONEY_BLOCKED,SUPPORTED,,PENDING,,,,,,,,,,,,F3,,"[""NOT_YET_ACTIVATED_NO_HISTORICAL_PAPER_SAMPLE""]","{""alternateLine"": null, ""rank"": 5}",CLEAN,[],PAPER,False,5.0,,,"[""NOT_YET_ACTIVATED_NO_HISTORICAL_PAPER_SAMPLE""]"
PAPER:2026-08-06:KXMLBF3-26AUG061915MIAATL-ATL,2026-08-06,824885,MIA @ ATL,KXMLBF3-26AUG061915MIAATL-ATL,,inning_result,,F3,Home,,,Home,PAPER_SPREAD_LEDGER,,,exact_ticker,43.0,,,43.0,42.5,,,,,,,,,55.832,43.0,12.832,,HIGH,PAPER_ONLY_REAL_MONEY_BLOCKED,SUPPORTED,,PENDING,,,,,,,,,,,,F3,,"[""NOT_YET_ACTIVATED_NO_HISTORICAL_PAPER_SAMPLE""]","{""alternateLine"": null, ""rank"": 16}",CLEAN,[],PAPER,False,5.0,,,"[""NOT_YET_ACTIVATED_NO_HISTORICAL_PAPER_SAMPLE""]"
PAPER:2026-08-06:KXMLBF3-26AUG061915MIAATL-MIA,2026-08-06,824885,MIA @ ATL,KXMLBF3-26AUG061915MIAATL-MIA,,inning_result,,F3,Away,,,Away,PAPER_SPREAD_LEDGER,,,exact_ticker,35.0,,,35.0,34.5,,,,,,,,,44.168,35.0,9.168,,HIGH,PAPER_ONLY_REAL_MONEY_BLOCKED,SUPPORTED,,PENDING,,,,,,,,,,,,F3,,"[""NOT_YET_ACTIVATED_NO_HISTORICAL_PAPER_SAMPLE""]","{""alternateLine"": null, ""rank"": 31}",CLEAN,[],PAPER,False,5.0,,,"[""NOT_YET_ACTIVATED_NO_HISTORICAL_PAPER_SAMPLE""]"
PAPER:2026-08-06:KXMLBF3-26AUG061915MIAATL-TIE,2026-08-06,824885,MIA @ ATL,KXMLBF3-26AUG061915MIAATL-TIE,,inning_result,,F3,Tie,,,Tie,PAPER_SPREAD_LEDGER,,,exact_ticker,22.0,,,22.0,21.5,,,,,,,,,25.364,22.0,3.364,,HIGH,PAPER_ONLY_REAL_MONEY_BLOCKED,SUPPORTED,,PENDING,,,,,,,,,,,,F3,,"[""NOT_YET_ACTIVATED_NO_HISTORICAL_PAPER_SAMPLE""]","{""alternateLine"": null, ""rank"": 60}",CLEAN,[],PAPER,False,5.0,,,"[""NOT_YET_ACTIVATED_NO_HISTORICAL_PAPER_SAMPLE""]"
PAPER:2026-08-06:KXMLBF3-26AUG061940MINKC-KC,2026-08-06,824080,MIN @ KC,KXMLBF3-26AUG061940MINKC-KC,,inning_result,,F3,Home,,,Home,PAPER_SPREAD_LEDGER,,,exact_ticker,42.0,,,42.0,41.5,,,,,,,,,56.286,42.0,14.286,,HIGH,PAPER_ONLY_REAL_MONEY_BLOCKED,SUPPORTED,,PENDING,,,,,,,,,,,,F3,,"[""NOT_YET_ACTIVATED_NO_HISTORICAL_PAPER_SAMPLE""]","{""alternateLine"": null, ""rank"": 14}",CLEAN,[],PAPER,False,5.0,,,"[""NOT_YET_ACTIVATED_NO_HISTORICAL_PAPER_SAMPLE""]"
PAPER:2026-08-06:KXMLBF3-26AUG061940MINKC-MIN,2026-08-06,824080,MIN @ KC,KXMLBF3-26AUG061940MINKC-MIN,,inning_result,,F3,Away,,,Away,PAPER_SPREAD_LEDGER,,,exact_ticker,35.0,,,35.0,34.5,,,,,,,,,43.714,35.0,8.714,,HIGH,PAPER_ONLY_REAL_MONEY_BLOCKED,SUPPORTED,,PENDING,,,,,,,,,,,,F3,,"[""NOT_YET_ACTIVATED_NO_HISTORICAL_PAPER_SAMPLE""]","{""alternateLine"": null, ""rank"": 33}",CLEAN,[],PAPER,False,5.0,,,"[""NOT_YET_ACTIVATED_NO_HISTORICAL_PAPER_SAMPLE""]"
PAPER:2026-08-06:KXMLBF3-26AUG061940MINKC-TIE,2026-08-06,824080,MIN @ KC,KXMLBF3-26AUG061940MINKC-TIE,,inning_result,,F3,Tie,,,Tie,PAPER_SPREAD_LEDGER,,,exact_ticker,24.0,,,24.0,23.0,,,,,,,,,26.026,24.0,2.026,,MEDIUM,PAPER_ONLY_REAL_MONEY_BLOCKED,SUPPORTED,,PENDING,,,,,,,,,,,,F3,,"[""NOT_YET_ACTIVATED_NO_HISTORICAL_PAPER_SAMPLE""]","{""alternateLine"": null, ""rank"": 67}",CLEAN,[],PAPER,False,5.0,,,"[""NOT_YET_ACTIVATED_NO_HISTORICAL_PAPER_SAMPLE""]"
PAPER:2026-08-06:KXMLBF3-26AUG062140SDAZ-SD,2026-08-06,825053,SD @ AZ,KXMLBF3-26AUG062140SDAZ-SD,,inning_result,,F3,Away,,,Away,PAPER_SPREAD_LEDGER,,,exact_ticker,39.0,,,39.0,37.5,,,,,,,,,59.89,39.0,20.89,,HIGH,PAPER_ONLY_REAL_MONEY_BLOCKED,SUPPORTED,,PENDING,,,,,,,,,,,,F3,,"[""NOT_YET_ACTIVATED_NO_HISTORICAL_PAPER_SAMPLE""]","{""alternateLine"": null, ""rank"": 9}",CLEAN,[],PAPER,False,5.0,,,"[""NOT_YET_ACTIVATED_NO_HISTORICAL_PAPER_SAMPLE""]"
PAPER:2026-08-06:KXMLBF5SPREAD-26AUG061910CWSBOS-BOS2,2026-08-06,824729,CWS @ BOS,KXMLBF5SPREAD-26AUG061910CWSBOS-BOS2,,winning_margin,,F5,BOS,1.5,,BOS,PAPER_SPREAD_LEDGER,,,exact_ticker,42.0,,,42.0,41.5,,,,,,,,,46.739,42.0,4.739,,HIGH,PAPER_ONLY_REAL_MONEY_BLOCKED,SUPPORTED,,PENDING,,,,,,,,,,,,F5,,"[""NOT_YET_ACTIVATED_NO_HISTORICAL_PAPER_SAMPLE""]","{""alternateLine"": false, ""rank"": 54}",CLEAN,[],PAPER,False,5.0,,,"[""NOT_YET_ACTIVATED_NO_HISTORICAL_PAPER_SAMPLE""]"
PAPER:2026-08-06:KXMLBF5SPREAD-26AUG062140SDAZ-SD2,2026-08-06,825053,SD @ AZ,KXMLBF5SPREAD-26AUG062140SDAZ-SD2,,winning_margin,,F5,SD,1.5,,SD,PAPER_SPREAD_LEDGER,,,exact_ticker,29.0,,,29.0,28.5,,,,,,,,,30.716,29.0,1.716,,MEDIUM,PAPER_ONLY_REAL_MONEY_BLOCKED,SUPPORTED,,PENDING,,,,,,,,,,,,F5,,"[""NOT_YET_ACTIVATED_NO_HISTORICAL_PAPER_SAMPLE""]","{""alternateLine"": false, ""rank"": 55}",CLEAN,[],PAPER,False,5.0,,,"[""NOT_YET_ACTIVATED_NO_HISTORICAL_PAPER_SAMPLE""]"
PAPER:2026-08-06:KXMLBF7-26AUG061910CWSBOS-BOS,2026-08-06,824729,CWS @ BOS,KXMLBF7-26AUG061910CWSBOS-BOS,,inning_result,,F7,Home,,,Home,PAPER_SPREAD_LEDGER,,,exact_ticker,58.0,,,58.0,57.5,,,,,,,,,80.469,58.0,22.469,,HIGH,PAPER_ONLY_REAL_MONEY_BLOCKED,SUPPORTED,,PENDING,,,,,,,,,,,,F7,,"[""NOT_YET_ACTIVATED_NO_HISTORICAL_PAPER_SAMPLE""]","{""alternateLine"": null, ""rank"": 8}",CLEAN,[],PAPER,False,5.0,,,"[""NOT_YET_ACTIVATED_NO_HISTORICAL_PAPER_SAMPLE""]"
PAPER:2026-08-06:KXMLBF7-26AUG061910CWSBOS-TIE,2026-08-06,824729,CWS @ BOS,KXMLBF7-26AUG061910CWSBOS-TIE,,inning_result,,F7,Tie,,,Tie,PAPER_SPREAD_LEDGER,,,exact_ticker,11.0,,,11.0,10.5,,,,,,,,,16.101,11.0,5.101,,HIGH,PAPER_ONLY_REAL_MONEY_BLOCKED,SUPPORTED,,PENDING,,,,,,,,,,,,F7,,"[""NOT_YET_ACTIVATED_NO_HISTORICAL_PAPER_SAMPLE""]","{""alternateLine"": null, ""rank"": 47}",CLEAN,[],PAPER,False,5.0,,,"[""NOT_YET_ACTIVATED_NO_HISTORICAL_PAPER_SAMPLE""]"
PAPER:2026-08-06:KXMLBF7-26AUG061915MIAATL-ATL,2026-08-06,824885,MIA @ ATL,KXMLBF7-26AUG061915MIAATL-ATL,,inning_result,,F7,Home,,,Home,PAPER_SPREAD_LEDGER,,,exact_ticker,53.0,,,53.0,52.5,,,,,,,,,61.571,53.0,8.571,,HIGH,PAPER_ONLY_REAL_MONEY_BLOCKED,SUPPORTED,,PENDING,,,,,,,,,,,,F7,,"[""NOT_YET_ACTIVATED_NO_HISTORICAL_PAPER_SAMPLE""]","{""alternateLine"": null, ""rank"": 34}",CLEAN,[],PAPER,False,5.0,,,"[""NOT_YET_ACTIVATED_NO_HISTORICAL_PAPER_SAMPLE""]"
PAPER:2026-08-06:KXMLBF7-26AUG061915MIAATL-MIA,2026-08-06,824885,MIA @ ATL,KXMLBF7-26AUG061915MIAATL-MIA,,inning_result,,F7,Away,,,Away,PAPER_SPREAD_LEDGER,,,exact_ticker,37.0,,,37.0,36.0,,,,,,,,,38.429,37.0,1.429,,PAPER,PAPER_ONLY_REAL_MONEY_BLOCKED,SUPPORTED,,PENDING,,,,,,,,,,,,F7,,"[""NOT_YET_ACTIVATED_NO_HISTORICAL_PAPER_SAMPLE""]","{""alternateLine"": null, ""rank"": 74}",CLEAN,[],PAPER,False,5.0,,,"[""NOT_YET_ACTIVATED_NO_HISTORICAL_PAPER_SAMPLE""]"
PAPER:2026-08-06:KXMLBF7-26AUG061915MIAATL-TIE,2026-08-06,824885,MIA @ ATL,KXMLBF7-26AUG061915MIAATL-TIE,,inning_result,,F7,Tie,,,Tie,PAPER_SPREAD_LEDGER,,,exact_ticker,12.0,,,12.0,11.0,,,,,,,,,18.177,12.0,6.177,,HIGH,PAPER_ONLY_REAL_MONEY_BLOCKED,SUPPORTED,,PENDING,,,,,,,,,,,,F7,,"[""NOT_YET_ACTIVATED_NO_HISTORICAL_PAPER_SAMPLE""]","{""alternateLine"": null, ""rank"": 41}",CLEAN,[],PAPER,False,5.0,,,"[""NOT_YET_ACTIVATED_NO_HISTORICAL_PAPER_SAMPLE""]"
PAPER:2026-08-06:KXMLBF7-26AUG061940MINKC-KC,2026-08-06,824080,MIN @ KC,KXMLBF7-26AUG061940MINKC-KC,,inning_result,,F7,Home,,,Home,PAPER_SPREAD_LEDGER,,,exact_ticker,49.0,,,49.0,48.0,,,,,,,,,54.069,49.0,5.069,,HIGH,PAPER_ONLY_REAL_MONEY_BLOCKED,SUPPORTED,,PENDING,,,,,,,,,,,,F7,,"[""NOT_YET_ACTIVATED_NO_HISTORICAL_PAPER_SAMPLE""]","{""alternateLine"": null, ""rank"": 48}",CLEAN,[],PAPER,False,5.0,,,"[""NOT_YET_ACTIVATED_NO_HISTORICAL_PAPER_SAMPLE""]"
PAPER:2026-08-06:KXMLBF7-26AUG061940MINKC-MIN,2026-08-06,824080,MIN @ KC,KXMLBF7-26AUG061940MINKC-MIN,,inning_result,,F7,Away,,,Away,PAPER_SPREAD_LEDGER,,,exact_ticker,41.0,,,41.0,39.5,,,,,,,,,45.931,41.0,4.931,,HIGH,PAPER_ONLY_REAL_MONEY_BLOCKED,SUPPORTED,,PENDING,,,,,,,,,,,,F7,,"[""NOT_YET_ACTIVATED_NO_HISTORICAL_PAPER_SAMPLE""]","{""alternateLine"": null, ""rank"": 51}",CLEAN,[],PAPER,False,5.0,,,"[""NOT_YET_ACTIVATED_NO_HISTORICAL_PAPER_SAMPLE""]"
PAPER:2026-08-06:KXMLBF7-26AUG061940MINKC-TIE,2026-08-06,824080,MIN @ KC,KXMLBF7-26AUG061940MINKC-TIE,,inning_result,,F7,Tie,,,Tie,PAPER_SPREAD_LEDGER,,,exact_ticker,11.0,,,11.0,10.5,,,,,,,,,17.437,11.0,6.437,,HIGH,PAPER_ONLY_REAL_MONEY_BLOCKED,SUPPORTED,,PENDING,,,,,,,,,,,,F7,,"[""NOT_YET_ACTIVATED_NO_HISTORICAL_PAPER_SAMPLE""]","{""alternateLine"": null, ""rank"": 39}",CLEAN,[],PAPER,False,5.0,,,"[""NOT_YET_ACTIVATED_NO_HISTORICAL_PAPER_SAMPLE""]"
PAPER:2026-08-06:KXMLBF7-26AUG062140SDAZ-SD,2026-08-06,825053,SD @ AZ,KXMLBF7-26AUG062140SDAZ-SD,,inning_result,,F7,Away,,,Away,PAPER_SPREAD_LEDGER,,,exact_ticker,43.0,,,43.0,42.0,,,,,,,,,57.479,43.0,14.479,,HIGH,PAPER_ONLY_REAL_MONEY_BLOCKED,SUPPORTED,,PENDING,,,,,,,,,,,,F7,,"[""NOT_YET_ACTIVATED_NO_HISTORICAL_PAPER_SAMPLE""]","{""alternateLine"": null, ""rank"": 13}",CLEAN,[],PAPER,False,5.0,,,"[""NOT_YET_ACTIVATED_NO_HISTORICAL_PAPER_SAMPLE""]"
PAPER:2026-08-06:KXMLBF7-26AUG062140SDAZ-TIE,2026-08-06,825053,SD @ AZ,KXMLBF7-26AUG062140SDAZ-TIE,,inning_result,,F7,Tie,,,Tie,PAPER_SPREAD_LEDGER,,,exact_ticker,13.0,,,13.0,12.5,,,,,,,,,18.266,13.0,5.266,,HIGH,PAPER_ONLY_REAL_MONEY_BLOCKED,SUPPORTED,,PENDING,,,,,,,,,,,,F7,,"[""NOT_YET_ACTIVATED_NO_HISTORICAL_PAPER_SAMPLE""]","{""alternateLine"": null, ""rank"": 46}",CLEAN,[],PAPER,False,5.0,,,"[""NOT_YET_ACTIVATED_NO_HISTORICAL_PAPER_SAMPLE""]"
PAPER:2026-08-06:KXMLBSPREAD-26AUG061910CWSBOS-BOS2,2026-08-06,824729,CWS @ BOS,KXMLBSPREAD-26AUG061910CWSBOS-BOS2,,winning_margin,,full_game,BOS,1.5,,BOS,PAPER_SPREAD_LEDGER,,,exact_ticker,47.0,,,47.0,46.5,,,,,,,,,52.047,47.0,5.047,,HIGH,PAPER_ONLY_REAL_MONEY_BLOCKED,SUPPORTED,,PENDING,,,,,,,,,,,,full_game,,"[""RULE_81""]","{""alternateLine"": false, ""rank"": 49}",CLEAN,[],PAPER,False,5.0,,,"[""RULE_81""]"
PAPER:2026-08-06:KXMLBSPREAD-26AUG061910CWSBOS-BOS3,2026-08-06,824729,CWS @ BOS,KXMLBSPREAD-26AUG061910CWSBOS-BOS3,,winning_margin,,full_game,BOS,2.5,,BOS,PAPER_SPREAD_LEDGER,,,exact_ticker,36.0,,,36.0,35.5,,,,,,,,,37.666,36.0,1.666,,MEDIUM,PAPER_ONLY_REAL_MONEY_BLOCKED,SUPPORTED,,PENDING,,,,,,,,,,,,full_game,,"[""RULE_81""]","{""alternateLine"": true, ""rank"": 71}",CLEAN,[],PAPER,False,5.0,,,"[""RULE_81""]"
PAPER:2026-08-06:KXMLBSPREAD-26AUG062140SDAZ-SD2,2026-08-06,825053,SD @ AZ,KXMLBSPREAD-26AUG062140SDAZ-SD2,,winning_margin,,full_game,SD,1.5,,SD,PAPER_SPREAD_LEDGER,,,exact_ticker,39.0,,,39.0,38.5,,,,,,,,,40.075,39.0,1.075,,PAPER,PAPER_ONLY_REAL_MONEY_BLOCKED,SUPPORTED,,PENDING,,,,,,,,,,,,full_game,,"[""RULE_81""]","{""alternateLine"": false, ""rank"": 56}",CLEAN,[],PAPER,False,5.0,,,"[""RULE_81""]"
PAPER:2026-08-07:KXMLBF3-26AUG071840NYMPIT-NYM,2026-08-07,823349,NYM @ PIT,KXMLBF3-26AUG071840NYMPIT-NYM,,inning_result,,F3,Away,,,Away,PAPER_SPREAD_LEDGER,,,exact_ticker,37.0,,,37.0,36.5,,,,,,,,,48.981,37.0,11.981,,HIGH,PAPER_ONLY_REAL_MONEY_BLOCKED,SUPPORTED,,PENDING,,,,,,,,,,,,F3,,"[""NOT_YET_ACTIVATED_NO_HISTORICAL_PAPER_SAMPLE""]","{""alternateLine"": null, ""rank"": 49}",CLEAN,[],PAPER,False,5.0,,,"[""NOT_YET_ACTIVATED_NO_HISTORICAL_PAPER_SAMPLE""]"
PAPER:2026-08-07:KXMLBF3-26AUG071840NYMPIT-PIT,2026-08-07,823349,NYM @ PIT,KXMLBF3-26AUG071840NYMPIT-PIT,,inning_result,,F3,Home,,,Home,PAPER_SPREAD_LEDGER,,,exact_ticker,40.0,,,40.0,39.0,,,,,,,,,51.019,40.0,11.019,,HIGH,PAPER_ONLY_REAL_MONEY_BLOCKED,SUPPORTED,,PENDING,,,,,,,,,,,,F3,,"[""NOT_YET_ACTIVATED_NO_HISTORICAL_PAPER_SAMPLE""]","{""alternateLine"": null, ""rank"": 59}",CLEAN,[],PAPER,False,5.0,,,"[""NOT_YET_ACTIVATED_NO_HISTORICAL_PAPER_SAMPLE""]"
PAPER:2026-08-07:KXMLBF3-26AUG071840NYMPIT-TIE,2026-08-07,823349,NYM @ PIT,KXMLBF3-26AUG071840NYMPIT-TIE,,inning_result,,F3,Tie,,,Tie,PAPER_SPREAD_LEDGER,,,exact_ticker,24.0,,,24.0,23.0,,,,,,,,,27.991,24.0,3.991,,HIGH,PAPER_ONLY_REAL_MONEY_BLOCKED,SUPPORTED,,PENDING,,,,,,,,,,,,F3,,"[""NOT_YET_ACTIVATED_NO_HISTORICAL_PAPER_SAMPLE""]","{""alternateLine"": null, ""rank"": 172}",CLEAN,[],PAPER,False,5.0,,,"[""NOT_YET_ACTIVATED_NO_HISTORICAL_PAPER_SAMPLE""]"
PAPER:2026-08-07:KXMLBF3-26AUG071910ATHBOS-ATH,2026-08-07,824727,ATH @ BOS,KXMLBF3-26AUG071910ATHBOS-ATH,,inning_result,,F3,Away,,,Away,PAPER_SPREAD_LEDGER,,,exact_ticker,26.0,,,26.0,25.5,,,,,,,,,31.556,26.0,5.556,,HIGH,PAPER_ONLY_REAL_MONEY_BLOCKED,SUPPORTED,,PENDING,,,,,,,,,,,,F3,,"[""NOT_YET_ACTIVATED_NO_HISTORICAL_PAPER_SAMPLE""]","{""alternateLine"": null, ""rank"": 136}",CLEAN,[],PAPER,False,5.0,,,"[""NOT_YET_ACTIVATED_NO_HISTORICAL_PAPER_SAMPLE""]"
PAPER:2026-08-07:KXMLBF3-26AUG071910ATHBOS-BOS,2026-08-07,824727,ATH @ BOS,KXMLBF3-26AUG071910ATHBOS-BOS,,inning_result,,F3,Home,,,Home,PAPER_SPREAD_LEDGER,,,exact_ticker,51.0,,,51.0,50.0,,,,,,,,,68.444,51.0,17.444,,HIGH,PAPER_ONLY_REAL_MONEY_BLOCKED,SUPPORTED,,PENDING,,,,,,,,,,,,F3,,"[""NOT_YET_ACTIVATED_NO_HISTORICAL_PAPER_SAMPLE""]","{""alternateLine"": null, ""rank"": 26}",CLEAN,[],PAPER,False,5.0,,,"[""NOT_YET_ACTIVATED_NO_HISTORICAL_PAPER_SAMPLE""]"
PAPER:2026-08-07:KXMLBF3-26AUG071910LAAMIA-MIA,2026-08-07,823836,LAA @ MIA,KXMLBF3-26AUG071910LAAMIA-MIA,,inning_result,,F3,Home,,,Home,PAPER_SPREAD_LEDGER,,,exact_ticker,43.0,,,43.0,42.0,,,,,,,,,100.0,43.0,57.0,,HIGH,PAPER_ONLY_REAL_MONEY_BLOCKED,SUPPORTED,,PENDING,,,,,,,,,,,,F3,,"[""NOT_YET_ACTIVATED_NO_HISTORICAL_PAPER_SAMPLE""]","{""alternateLine"": null, ""rank"": 1}",CLEAN,[],PAPER,False,5.0,,,"[""NOT_YET_ACTIVATED_NO_HISTORICAL_PAPER_SAMPLE""]"
PAPER:2026-08-07:KXMLBF3-26AUG071940CLECWS-CLE,2026-08-07,824566,CLE @ CWS,KXMLBF3-26AUG071940CLECWS-CLE,,inning_result,,F3,Away,,,Away,PAPER_SPREAD_LEDGER,,,exact_ticker,41.0,,,41.0,40.5,,,,,,,,,63.612,41.0,22.612,,HIGH,PAPER_ONLY_REAL_MONEY_BLOCKED,SUPPORTED,,PENDING,,,,,,,,,,,,F3,,"[""NOT_YET_ACTIVATED_NO_HISTORICAL_PAPER_SAMPLE""]","{""alternateLine"": null, ""rank"": 14}",CLEAN,[],PAPER,False,5.0,,,"[""NOT_YET_ACTIVATED_NO_HISTORICAL_PAPER_SAMPLE""]"
PAPER:2026-08-07:KXMLBF3-26AUG071940CLECWS-CWS,2026-08-07,824566,CLE @ CWS,KXMLBF3-26AUG071940CLECWS-CWS,,inning_result,,F3,Home,,,Home,PAPER_SPREAD_LEDGER,,,exact_ticker,34.0,,,34.0,33.0,,,,,,,,,36.388,34.0,2.388,,MEDIUM,PAPER_ONLY_REAL_MONEY_BLOCKED,SUPPORTED,,PENDING,,,,,,,,,,,,F3,,"[""NOT_YET_ACTIVATED_NO_HISTORICAL_PAPER_SAMPLE""]","{""alternateLine"": null, ""rank"": 213}",CLEAN,[],PAPER,False,5.0,,,"[""NOT_YET_ACTIVATED_NO_HISTORICAL_PAPER_SAMPLE""]"
PAPER:2026-08-07:KXMLBF3-26AUG071940CLECWS-TIE,2026-08-07,824566,CLE @ CWS,KXMLBF3-26AUG071940CLECWS-TIE,,inning_result,,F3,Tie,,,Tie,PAPER_SPREAD_LEDGER,,,exact_ticker,24.0,,,24.0,23.5,,,,,,,,,26.178,24.0,2.178,,MEDIUM,PAPER_ONLY_REAL_MONEY_BLOCKED,SUPPORTED,,PENDING,,,,,,,,,,,,F3,,"[""NOT_YET_ACTIVATED_NO_HISTORICAL_PAPER_SAMPLE""]","{""alternateLine"": null, ""rank"": 223}",CLEAN,[],PAPER,False,5.0,,,"[""NOT_YET_ACTIVATED_NO_HISTORICAL_PAPER_SAMPLE""]"
PAPER:2026-08-07:KXMLBF3-26AUG071940MINMIL-MIL,2026-08-07,823750,MIN @ MIL,KXMLBF3-26AUG071940MINMIL-MIL,,inning_result,,F3,Home,,,Home,PAPER_SPREAD_LEDGER,,,exact_ticker,46.0,,,46.0,45.5,,,,,,,,,71.66,46.0,25.66,,HIGH,PAPER_ONLY_REAL_MONEY_BLOCKED,SUPPORTED,,PENDING,,,,,,,,,,,,F3,,"[""NOT_YET_ACTIVATED_NO_HISTORICAL_PAPER_SAMPLE""]","{""alternateLine"": null, ""rank"": 7}",CLEAN,[],PAPER,False,5.0,,,"[""NOT_YET_ACTIVATED_NO_HISTORICAL_PAPER_SAMPLE""]"
PAPER:2026-08-07:KXMLBF3-26AUG071940MINMIL-TIE,2026-08-07,823750,MIN @ MIL,KXMLBF3-26AUG071940MINMIL-TIE,,inning_result,,F3,Tie,,,Tie,PAPER_SPREAD_LEDGER,,,exact_ticker,23.0,,,23.0,22.5,,,,,,,,,24.599,23.0,1.599,,MEDIUM,PAPER_ONLY_REAL_MONEY_BLOCKED,SUPPORTED,,PENDING,,,,,,,,,,,,F3,,"[""NOT_YET_ACTIVATED_NO_HISTORICAL_PAPER_SAMPLE""]","{""alternateLine"": null, ""rank"": 234}",CLEAN,[],PAPER,False,5.0,,,"[""NOT_YET_ACTIVATED_NO_HISTORICAL_PAPER_SAMPLE""]"
PAPER:2026-08-07:KXMLBF3-26AUG072010CHCKC-CHC,2026-08-07,824081,CHC @ KC,KXMLBF3-26AUG072010CHCKC-CHC,,inning_result,,F3,Away,,,Away,PAPER_SPREAD_LEDGER,,,exact_ticker,44.0,,,44.0,43.5,,,,,,,,,47.432,44.0,3.432,,HIGH,PAPER_ONLY_REAL_MONEY_BLOCKED,SUPPORTED,,PENDING,,,,,,,,,,,,F3,,"[""NOT_YET_ACTIVATED_NO_HISTORICAL_PAPER_SAMPLE""]","{""alternateLine"": null, ""rank"": 182}",CLEAN,[],PAPER,False,5.0,,,"[""NOT_YET_ACTIVATED_NO_HISTORICAL_PAPER_SAMPLE""]"
PAPER:2026-08-07:KXMLBF3-26AUG072010CHCKC-KC,2026-08-07,824081,CHC @ KC,KXMLBF3-26AUG072010CHCKC-KC,,inning_result,,F3,Home,,,Home,PAPER_SPREAD_LEDGER,,,exact_ticker,33.0,,,33.0,32.0,,,,,,,,,52.568,33.0,19.568,,HIGH,PAPER_ONLY_REAL_MONEY_BLOCKED,SUPPORTED,,PENDING,,,,,,,,,,,,F3,,"[""NOT_YET_ACTIVATED_NO_HISTORICAL_PAPER_SAMPLE""]","{""alternateLine"": null, ""rank"": 22}",CLEAN,[],PAPER,False,5.0,,,"[""NOT_YET_ACTIVATED_NO_HISTORICAL_PAPER_SAMPLE""]"
PAPER:2026-08-07:KXMLBF3-26AUG072010CHCKC-TIE,2026-08-07,824081,CHC @ KC,KXMLBF3-26AUG072010CHCKC-TIE,,inning_result,,F3,Tie,,,Tie,PAPER_SPREAD_LEDGER,,,exact_ticker,22.0,,,22.0,21.0,,,,,,,,,29.983,22.0,7.983,,HIGH,PAPER_ONLY_REAL_MONEY_BLOCKED,SUPPORTED,,PENDING,,,,,,,,,,,,F3,,"[""NOT_YET_ACTIVATED_NO_HISTORICAL_PAPER_SAMPLE""]","{""alternateLine"": null, ""rank"": 98}",CLEAN,[],PAPER,False,5.0,,,"[""NOT_YET_ACTIVATED_NO_HISTORICAL_PAPER_SAMPLE""]"
PAPER:2026-08-07:KXMLBF3-26AUG072015BALTEX-BAL,2026-08-07,822863,BAL @ TEX,KXMLBF3-26AUG072015BALTEX-BAL,,inning_result,,F3,Away,,,Away,PAPER_SPREAD_LEDGER,,,exact_ticker,33.0,,,33.0,31.5,,,,,,,,,57.493,33.0,24.493,,HIGH,PAPER_ONLY_REAL_MONEY_BLOCKED,SUPPORTED,,PENDING,,,,,,,,,,,,F3,,"[""NOT_YET_ACTIVATED_NO_HISTORICAL_PAPER_SAMPLE""]","{""alternateLine"": null, ""rank"": 9}",CLEAN,[],PAPER,False,5.0,,,"[""NOT_YET_ACTIVATED_NO_HISTORICAL_PAPER_SAMPLE""]"
PAPER:2026-08-07:KXMLBF3-26AUG072015BALTEX-TEX,2026-08-07,822863,BAL @ TEX,KXMLBF3-26AUG072015BALTEX-TEX,,inning_result,,F3,Home,,,Home,PAPER_SPREAD_LEDGER,,,exact_ticker,41.0,,,41.0,40.5,,,,,,,,,42.507,41.0,1.507,,MEDIUM,PAPER_ONLY_REAL_MONEY_BLOCKED,SUPPORTED,,PENDING,,,,,,,,,,,,F3,,"[""NOT_YET_ACTIVATED_NO_HISTORICAL_PAPER_SAMPLE""]","{""alternateLine"": null, ""rank"": 237}",CLEAN,[],PAPER,False,5.0,,,"[""NOT_YET_ACTIVATED_NO_HISTORICAL_PAPER_SAMPLE""]"
PAPER:2026-08-07:KXMLBF3-26AUG072015BALTEX-TIE,2026-08-07,822863,BAL @ TEX,KXMLBF3-26AUG072015BALTEX-TIE,,inning_result,,F3,Tie,,,Tie,PAPER_SPREAD_LEDGER,,,exact_ticker,26.0,,,26.0,25.5,,,,,,,,,28.086,26.0,2.086,,MEDIUM,PAPER_ONLY_REAL_MONEY_BLOCKED,SUPPORTED,,PENDING,,,,,,,,,,,,F3,,"[""NOT_YET_ACTIVATED_NO_HISTORICAL_PAPER_SAMPLE""]","{""alternateLine"": null, ""rank"": 225}",CLEAN,[],PAPER,False,5.0,,,"[""NOT_YET_ACTIVATED_NO_HISTORICAL_PAPER_SAMPLE""]"
PAPER:2026-08-07:KXMLBF3-26AUG072015COLSTL-COL,2026-08-07,823024,COL @ STL,KXMLBF3-26AUG072015COLSTL-COL,,inning_result,,F3,Away,,,Away,PAPER_SPREAD_LEDGER,,,exact_ticker,33.0,,,33.0,32.5,,,,,,,,,39.038,33.0,6.038,,HIGH,PAPER_ONLY_REAL_MONEY_BLOCKED,SUPPORTED,,PENDING,,,,,,,,,,,,F3,,"[""NOT_YET_ACTIVATED_NO_HISTORICAL_PAPER_SAMPLE""]","{""alternateLine"": null, ""rank"": 128}",CLEAN,[],PAPER,False,5.0,,,"[""NOT_YET_ACTIVATED_NO_HISTORICAL_PAPER_SAMPLE""]"
PAPER:2026-08-07:KXMLBF3-26AUG072015COLSTL-STL,2026-08-07,823024,COL @ STL,KXMLBF3-26AUG072015COLSTL-STL,,inning_result,,F3,Home,,,Home,PAPER_SPREAD_LEDGER,,,exact_ticker,44.0,,,44.0,43.5,,,,,,,,,60.962,44.0,16.962,,HIGH,PAPER_ONLY_REAL_MONEY_BLOCKED,SUPPORTED,,PENDING,,,,,,,,,,,,F3,,"[""NOT_YET_ACTIVATED_NO_HISTORICAL_PAPER_SAMPLE""]","{""alternateLine"": null, ""rank"": 29}",CLEAN,[],PAPER,False,5.0,,,"[""NOT_YET_ACTIVATED_NO_HISTORICAL_PAPER_SAMPLE""]"
PAPER:2026-08-07:KXMLBF3-26AUG072015COLSTL-TIE,2026-08-07,823024,COL @ STL,KXMLBF3-26AUG072015COLSTL-TIE,,inning_result,,F3,Tie,,,Tie,PAPER_SPREAD_LEDGER,,,exact_ticker,22.0,,,22.0,21.5,,,,,,,,,23.045,22.0,1.045,,PAPER,PAPER_ONLY_REAL_MONEY_BLOCKED,SUPPORTED,,PENDING,,,,,,,,,,,,F3,,"[""NOT_YET_ACTIVATED_NO_HISTORICAL_PAPER_SAMPLE""]","{""alternateLine"": null, ""rank"": 242}",CLEAN,[],PAPER,False,5.0,,,"[""NOT_YET_ACTIVATED_NO_HISTORICAL_PAPER_SAMPLE""]"
PAPER:2026-08-07:KXMLBF3-26AUG072140HOUSD-HOU,2026-08-07,823266,HOU @ SD,KXMLBF3-26AUG072140HOUSD-HOU,,inning_result,,F3,Away,,,Away,PAPER_SPREAD_LEDGER,,,exact_ticker,37.0,,,37.0,36.5,,,,,,,,,40.734,37.0,3.734,,HIGH,PAPER_ONLY_REAL_MONEY_BLOCKED,SUPPORTED,,PENDING,,,,,,,,,,,,F3,,"[""NOT_YET_ACTIVATED_NO_HISTORICAL_PAPER_SAMPLE""]","{""alternateLine"": null, ""rank"": 175}",CLEAN,[],PAPER,False,5.0,,,"[""NOT_YET_ACTIVATED_NO_HISTORICAL_PAPER_SAMPLE""]"
PAPER:2026-08-07:KXMLBF3-26AUG072140HOUSD-SD,2026-08-07,823266,HOU @ SD,KXMLBF3-26AUG072140HOUSD-SD,,inning_result,,F3,Home,,,Home,PAPER_SPREAD_LEDGER,,,exact_ticker,39.0,,,39.0,38.5,,,,,,,,,59.266,39.0,20.266,,HIGH,PAPER_ONLY_REAL_MONEY_BLOCKED,SUPPORTED,,PENDING,,,,,,,,,,,,F3,,"[""NOT_YET_ACTIVATED_NO_HISTORICAL_PAPER_SAMPLE""]","{""alternateLine"": null, ""rank"": 19}",CLEAN,[],PAPER,False,5.0,,,"[""NOT_YET_ACTIVATED_NO_HISTORICAL_PAPER_SAMPLE""]"
PAPER:2026-08-07:KXMLBF3-26AUG072140LADAZ-AZ,2026-08-07,825051,LAD @ AZ,KXMLBF3-26AUG072140LADAZ-AZ,,inning_result,,F3,Home,,,Home,PAPER_SPREAD_LEDGER,,,exact_ticker,31.0,,,31.0,30.0,,,,,,,,,45.091,31.0,14.091,,HIGH,PAPER_ONLY_REAL_MONEY_BLOCKED,SUPPORTED,,PENDING,,,,,,,,,,,,F3,,"[""NOT_YET_ACTIVATED_NO_HISTORICAL_PAPER_SAMPLE""]","{""alternateLine"": null, ""rank"": 35}",CLEAN,[],PAPER,False,5.0,,,"[""NOT_YET_ACTIVATED_NO_HISTORICAL_PAPER_SAMPLE""]"
PAPER:2026-08-07:KXMLBF3-26AUG072140LADAZ-LAD,2026-08-07,825051,LAD @ AZ,KXMLBF3-26AUG072140LADAZ-LAD,,inning_result,,F3,Away,,,Away,PAPER_SPREAD_LEDGER,,,exact_ticker,46.0,,,46.0,45.5,,,,,,,,,54.909,46.0,8.909,,HIGH,PAPER_ONLY_REAL_MONEY_BLOCKED,SUPPORTED,,PENDING,,,,,,,,,,,,F3,,"[""NOT_YET_ACTIVATED_NO_HISTORICAL_PAPER_SAMPLE""]","{""alternateLine"": null, ""rank"": 84}",CLEAN,[],PAPER,False,5.0,,,"[""NOT_YET_ACTIVATED_NO_HISTORICAL_PAPER_SAMPLE""]"
PAPER:2026-08-07:KXMLBF3-26AUG072145TBSEA-SEA,2026-08-07,823103,TB @ SEA,KXMLBF3-26AUG072145TBSEA-SEA,,inning_result,,F3,Home,,,Home,PAPER_SPREAD_LEDGER,,,exact_ticker,35.0,,,35.0,34.5,,,,,,,,,41.761,35.0,6.761,,HIGH,PAPER_ONLY_REAL_MONEY_BLOCKED,SUPPORTED,,PENDING,,,,,,,,,,,,F3,,"[""NOT_YET_ACTIVATED_NO_HISTORICAL_PAPER_SAMPLE""]","{""alternateLine"": null, ""rank"": 118}",CLEAN,[],PAPER,False,5.0,,,"[""NOT_YET_ACTIVATED_NO_HISTORICAL_PAPER_SAMPLE""]"
PAPER:2026-08-07:KXMLBF3-26AUG072145TBSEA-TB,2026-08-07,823103,TB @ SEA,KXMLBF3-26AUG072145TBSEA-TB,,inning_result,,F3,Away,,,Away,PAPER_SPREAD_LEDGER,,,exact_ticker,35.0,,,35.0,34.5,,,,,,,,,58.239,35.0,23.239,,HIGH,PAPER_ONLY_REAL_MONEY_BLOCKED,SUPPORTED,,PENDING,,,,,,,,,,,,F3,,"[""NOT_YET_ACTIVATED_NO_HISTORICAL_PAPER_SAMPLE""]","{""alternateLine"": null, ""rank"": 12}",CLEAN,[],PAPER,False,5.0,,,"[""NOT_YET_ACTIVATED_NO_HISTORICAL_PAPER_SAMPLE""]"
PAPER:2026-08-07:KXMLBF3-26AUG072145TBSEA-TIE,2026-08-07,823103,TB @ SEA,KXMLBF3-26AUG072145TBSEA-TIE,,inning_result,,F3,Tie,,,Tie,PAPER_SPREAD_LEDGER,,,exact_ticker,29.0,,,29.0,28.5,,,,,,,,,30.83,29.0,1.83,,MEDIUM,PAPER_ONLY_REAL_MONEY_BLOCKED,SUPPORTED,,PENDING,,,,,,,,,,,,F3,,"[""NOT_YET_ACTIVATED_NO_HISTORICAL_PAPER_SAMPLE""]","{""alternateLine"": null, ""rank"": 231}",CLEAN,[],PAPER,False,5.0,,,"[""NOT_YET_ACTIVATED_NO_HISTORICAL_PAPER_SAMPLE""]"
PAPER:2026-08-07:KXMLBF3-26AUG072215DETSF-DET,2026-08-07,823191,DET @ SF,KXMLBF3-26AUG072215DETSF-DET,,inning_result,,F3,Away,,,Away,PAPER_SPREAD_LEDGER,,,exact_ticker,41.0,,,41.0,40.5,,,,,,,,,63.634,41.0,22.634,,HIGH,PAPER_ONLY_REAL_MONEY_BLOCKED,SUPPORTED,,PENDING,,,,,,,,,,,,F3,,"[""NOT_YET_ACTIVATED_NO_HISTORICAL_PAPER_SAMPLE""]","{""alternateLine"": null, ""rank"": 13}",CLEAN,[],PAPER,False,5.0,,,"[""NOT_YET_ACTIVATED_NO_HISTORICAL_PAPER_SAMPLE""]"
PAPER:2026-08-07:KXMLBF3-26AUG072215DETSF-SF,2026-08-07,823191,DET @ SF,KXMLBF3-26AUG072215DETSF-SF,,inning_result,,F3,Home,,,Home,PAPER_SPREAD_LEDGER,,,exact_ticker,34.0,,,34.0,33.5,,,,,,,,,36.366,34.0,2.366,,MEDIUM,PAPER_ONLY_REAL_MONEY_BLOCKED,SUPPORTED,,PENDING,,,,,,,,,,,,F3,,"[""NOT_YET_ACTIVATED_NO_HISTORICAL_PAPER_SAMPLE""]","{""alternateLine"": null, ""rank"": 215}",CLEAN,[],PAPER,False,5.0,,,"[""NOT_YET_ACTIVATED_NO_HISTORICAL_PAPER_SAMPLE""]"
PAPER:2026-08-07:KXMLBF5SPREAD-26AUG071910LAAMIA-LAA2,2026-08-07,823836,LAA @ MIA,KXMLBF5SPREAD-26AUG071910LAAMIA-LAA2,,winning_margin,,F5,LAA,1.5,,LAA,PAPER_SPREAD_LEDGER,,,exact_ticker,25.0,,,25.0,24.5,,,,,,,,,37.983,25.0,12.983,,HIGH,PAPER_ONLY_REAL_MONEY_BLOCKED,SUPPORTED,,PENDING,,,,,,,,,,,,F5,,"[""NOT_YET_ACTIVATED_NO_HISTORICAL_PAPER_SAMPLE""]","{""alternateLine"": false, ""rank"": 44}",CLEAN,[],PAPER,False,5.0,,,"[""NOT_YET_ACTIVATED_NO_HISTORICAL_PAPER_SAMPLE""]"
PAPER:2026-08-07:KXMLBF5SPREAD-26AUG071910LAAMIA-LAA3,2026-08-07,823836,LAA @ MIA,KXMLBF5SPREAD-26AUG071910LAAMIA-LAA3,,winning_margin,,F5,LAA,2.5,,LAA,PAPER_SPREAD_LEDGER,,,exact_ticker,16.0,,,16.0,15.5,,,,,,,,,19.936,16.0,3.936,,HIGH,PAPER_ONLY_REAL_MONEY_BLOCKED,SUPPORTED,,PENDING,,,,,,,,,,,,F5,,"[""NOT_YET_ACTIVATED_NO_HISTORICAL_PAPER_SAMPLE""]","{""alternateLine"": true, ""rank"": 173}",CLEAN,[],PAPER,False,5.0,,,"[""NOT_YET_ACTIVATED_NO_HISTORICAL_PAPER_SAMPLE""]"
PAPER:2026-08-07:KXMLBF5SPREAD-26AUG071940MINMIL-MIL2,2026-08-07,823750,MIN @ MIL,KXMLBF5SPREAD-26AUG071940MINMIL-MIL2,,winning_margin,,F5,MIL,1.5,,MIL,PAPER_SPREAD_LEDGER,,,exact_ticker,39.0,,,39.0,38.0,,,,,,,,,42.653,39.0,3.653,,HIGH,PAPER_ONLY_REAL_MONEY_BLOCKED,SUPPORTED,,PENDING,,,,,,,,,,,,F5,,"[""NOT_YET_ACTIVATED_NO_HISTORICAL_PAPER_SAMPLE""]","{""alternateLine"": false, ""rank"": 177}",CLEAN,[],PAPER,False,5.0,,,"[""NOT_YET_ACTIVATED_NO_HISTORICAL_PAPER_SAMPLE""]"
PAPER:2026-08-07:KXMLBF5SPREAD-26AUG072015BALTEX-BAL2,2026-08-07,822863,BAL @ TEX,KXMLBF5SPREAD-26AUG072015BALTEX-BAL2,,winning_margin,,F5,BAL,1.5,,BAL,PAPER_SPREAD_LEDGER,,,exact_ticker,24.0,,,24.0,23.5,,,,,,,,,27.11,24.0,3.11,,HIGH,PAPER_ONLY_REAL_MONEY_BLOCKED,SUPPORTED,,PENDING,,,,,,,,,,,,F5,,"[""NOT_YET_ACTIVATED_NO_HISTORICAL_PAPER_SAMPLE""]","{""alternateLine"": false, ""rank"": 192}",CLEAN,[],PAPER,False,5.0,,,"[""NOT_YET_ACTIVATED_NO_HISTORICAL_PAPER_SAMPLE""]"
PAPER:2026-08-07:KXMLBF5SPREAD-26AUG072215DETSF-DET2,2026-08-07,823191,DET @ SF,KXMLBF5SPREAD-26AUG072215DETSF-DET2,,winning_margin,,F5,DET,1.5,,DET,PAPER_SPREAD_LEDGER,,,exact_ticker,33.0,,,33.0,32.5,,,,,,,,,35.207,33.0,2.207,,MEDIUM,PAPER_ONLY_REAL_MONEY_BLOCKED,SUPPORTED,,PENDING,,,,,,,,,,,,F5,,"[""NOT_YET_ACTIVATED_NO_HISTORICAL_PAPER_SAMPLE""]","{""alternateLine"": false, ""rank"": 222}",CLEAN,[],PAPER,False,5.0,,,"[""NOT_YET_ACTIVATED_NO_HISTORICAL_PAPER_SAMPLE""]"
PAPER:2026-08-07:KXMLBF7-26AUG071840NYMPIT-NYM,2026-08-07,823349,NYM @ PIT,KXMLBF7-26AUG071840NYMPIT-NYM,,inning_result,,F7,Away,,,Away,PAPER_SPREAD_LEDGER,,,exact_ticker,40.0,,,40.0,39.5,,,,,,,,,50.067,40.0,10.067,,HIGH,PAPER_ONLY_REAL_MONEY_BLOCKED,SUPPORTED,,PENDING,,,,,,,,,,,,F7,,"[""NOT_YET_ACTIVATED_NO_HISTORICAL_PAPER_SAMPLE""]","{""alternateLine"": null, ""rank"": 71}",CLEAN,[],PAPER,False,5.0,,,"[""NOT_YET_ACTIVATED_NO_HISTORICAL_PAPER_SAMPLE""]"
PAPER:2026-08-07:KXMLBF7-26AUG071840NYMPIT-PIT,2026-08-07,823349,NYM @ PIT,KXMLBF7-26AUG071840NYMPIT-PIT,,inning_result,,F7,Home,,,Home,PAPER_SPREAD_LEDGER,,,exact_ticker,48.0,,,48.0,47.5,,,,,,,,,49.933,48.0,1.933,,MEDIUM,PAPER_ONLY_REAL_MONEY_BLOCKED,SUPPORTED,,PENDING,,,,,,,,,,,,F7,,"[""NOT_YET_ACTIVATED_NO_HISTORICAL_PAPER_SAMPLE""]","{""alternateLine"": null, ""rank"": 230}",CLEAN,[],PAPER,False,5.0,,,"[""NOT_YET_ACTIVATED_NO_HISTORICAL_PAPER_SAMPLE""]"
PAPER:2026-08-07:KXMLBF7-26AUG071840NYMPIT-TIE,2026-08-07,823349,NYM @ PIT,KXMLBF7-26AUG071840NYMPIT-TIE,,inning_result,,F7,Tie,,,Tie,PAPER_SPREAD_LEDGER,,,exact_ticker,13.0,,,13.0,12.5,,,,,,,,,19.105,13.0,6.105,,HIGH,PAPER_ONLY_REAL_MONEY_BLOCKED,SUPPORTED,,PENDING,,,,,,,,,,,,F7,,"[""NOT_YET_ACTIVATED_NO_HISTORICAL_PAPER_SAMPLE""]","{""alternateLine"": null, ""rank"": 126}",CLEAN,[],PAPER,False,5.0,,,"[""NOT_YET_ACTIVATED_NO_HISTORICAL_PAPER_SAMPLE""]"
PAPER:2026-08-07:KXMLBF7-26AUG071910ATHBOS-ATH,2026-08-07,824727,ATH @ BOS,KXMLBF7-26AUG071910ATHBOS-ATH,,inning_result,,F7,Away,,,Away,PAPER_SPREAD_LEDGER,,,exact_ticker,25.0,,,25.0,24.5,,,,,,,,,35.084,25.0,10.084,,HIGH,PAPER_ONLY_REAL_MONEY_BLOCKED,SUPPORTED,,PENDING,,,,,,,,,,,,F7,,"[""NOT_YET_ACTIVATED_NO_HISTORICAL_PAPER_SAMPLE""]","{""alternateLine"": null, ""rank"": 69}",CLEAN,[],PAPER,False,5.0,,,"[""NOT_YET_ACTIVATED_NO_HISTORICAL_PAPER_SAMPLE""]"
PAPER:2026-08-07:KXMLBF7-26AUG071910ATHBOS-TIE,2026-08-07,824727,ATH @ BOS,KXMLBF7-26AUG071910ATHBOS-TIE,,inning_result,,F7,Tie,,,Tie,PAPER_SPREAD_LEDGER,,,exact_ticker,10.0,,,10.0,9.5,,,,,,,,,18.859,10.0,8.859,,HIGH,PAPER_ONLY_REAL_MONEY_BLOCKED,SUPPORTED,,PENDING,,,,,,,,,,,,F7,,"[""NOT_YET_ACTIVATED_NO_HISTORICAL_PAPER_SAMPLE""]","{""alternateLine"": null, ""rank"": 86}",CLEAN,[],PAPER,False,5.0,,,"[""NOT_YET_ACTIVATED_NO_HISTORICAL_PAPER_SAMPLE""]"
PAPER:2026-08-07:KXMLBF7-26AUG071910LAAMIA-MIA,2026-08-07,823836,LAA @ MIA,KXMLBF7-26AUG071910LAAMIA-MIA,,inning_result,,F7,Home,,,Home,PAPER_SPREAD_LEDGER,,,exact_ticker,53.0,,,53.0,52.5,,,,,,,,,100.0,53.0,47.0,,HIGH,PAPER_ONLY_REAL_MONEY_BLOCKED,SUPPORTED,,PENDING,,,,,,,,,,,,F7,,"[""NOT_YET_ACTIVATED_NO_HISTORICAL_PAPER_SAMPLE""]","{""alternateLine"": null, ""rank"": 2}",CLEAN,[],PAPER,False,5.0,,,"[""NOT_YET_ACTIVATED_NO_HISTORICAL_PAPER_SAMPLE""]"
PAPER:2026-08-07:KXMLBF7-26AUG071940CLECWS-CWS,2026-08-07,824566,CLE @ CWS,KXMLBF7-26AUG071940CLECWS-CWS,,inning_result,,F7,Home,,,Home,PAPER_SPREAD_LEDGER,,,exact_ticker,39.0,,,39.0,38.5,,,,,,,,,51.606,39.0,12.606,,HIGH,PAPER_ONLY_REAL_MONEY_BLOCKED,SUPPORTED,,PENDING,,,,,,,,,,,,F7,,"[""NOT_YET_ACTIVATED_NO_HISTORICAL_PAPER_SAMPLE""]","{""alternateLine"": null, ""rank"": 46}",CLEAN,[],PAPER,False,5.0,,,"[""NOT_YET_ACTIVATED_NO_HISTORICAL_PAPER_SAMPLE""]"
PAPER:2026-08-07:KXMLBF7-26AUG071940CLECWS-TIE,2026-08-07,824566,CLE @ CWS,KXMLBF7-26AUG071940CLECWS-TIE,,inning_result,,F7,Tie,,,Tie,PAPER_SPREAD_LEDGER,,,exact_ticker,13.0,,,13.0,12.5,,,,,,,,,20.422,13.0,7.422,,HIGH,PAPER_ONLY_REAL_MONEY_BLOCKED,SUPPORTED,,PENDING,,,,,,,,,,,,F7,,"[""NOT_YET_ACTIVATED_NO_HISTORICAL_PAPER_SAMPLE""]","{""alternateLine"": null, ""rank"": 105}",CLEAN,[],PAPER,False,5.0,,,"[""NOT_YET_ACTIVATED_NO_HISTORICAL_PAPER_SAMPLE""]"
PAPER:2026-08-07:KXMLBF7-26AUG071940MINMIL-MIL,2026-08-07,823750,MIN @ MIL,KXMLBF7-26AUG071940MINMIL-MIL,,inning_result,,F7,Home,,,Home,PAPER_SPREAD_LEDGER,,,exact_ticker,56.0,,,56.0,55.5,,,,,,,,,85.603,56.0,29.603,,HIGH,PAPER_ONLY_REAL_MONEY_BLOCKED,SUPPORTED,,PENDING,,,,,,,,,,,,F7,,"[""NOT_YET_ACTIVATED_NO_HISTORICAL_PAPER_SAMPLE""]","{""alternateLine"": null, ""rank"": 5}",CLEAN,[],PAPER,False,5.0,,,"[""NOT_YET_ACTIVATED_NO_HISTORICAL_PAPER_SAMPLE""]"
PAPER:2026-08-07:KXMLBF7-26AUG072010CHCKC-KC,2026-08-07,824081,CHC @ KC,KXMLBF7-26AUG072010CHCKC-KC,,inning_result,,F7,Home,,,Home,PAPER_SPREAD_LEDGER,,,exact_ticker,36.0,,,36.0,35.0,,,,,,,,,46.349,36.0,10.349,,HIGH,PAPER_ONLY_REAL_MONEY_BLOCKED,SUPPORTED,,PENDING,,,,,,,,,,,,F7,,"[""NOT_YET_ACTIVATED_NO_HISTORICAL_PAPER_SAMPLE""]","{""alternateLine"": null, ""rank"": 66}",CLEAN,[],PAPER,False,5.0,,,"[""NOT_YET_ACTIVATED_NO_HISTORICAL_PAPER_SAMPLE""]"
PAPER:2026-08-07:KXMLBF7-26AUG072010CHCKC-TIE,2026-08-07,824081,CHC @ KC,KXMLBF7-26AUG072010CHCKC-TIE,,inning_result,,F7,Tie,,,Tie,PAPER_SPREAD_LEDGER,,,exact_ticker,11.0,,,11.0,10.0,,,,,,,,,20.938,11.0,9.938,,HIGH,PAPER_ONLY_REAL_MONEY_BLOCKED,SUPPORTED,,PENDING,,,,,,,,,,,,F7,,"[""NOT_YET_ACTIVATED_NO_HISTORICAL_PAPER_SAMPLE""]","{""alternateLine"": null, ""rank"": 74}",CLEAN,[],PAPER,False,5.0,,,"[""NOT_YET_ACTIVATED_NO_HISTORICAL_PAPER_SAMPLE""]"
PAPER:2026-08-07:KXMLBF7-26AUG072015BALTEX-BAL,2026-08-07,822863,BAL @ TEX,KXMLBF7-26AUG072015BALTEX-BAL,,inning_result,,F7,Away,,,Away,PAPER_SPREAD_LEDGER,,,exact_ticker,38.0,,,38.0,36.5,,,,,,,,,62.984,38.0,24.984,,HIGH,PAPER_ONLY_REAL_MONEY_BLOCKED,SUPPORTED,,PENDING,,,,,,,,,,,,F7,,"[""NOT_YET_ACTIVATED_NO_HISTORICAL_PAPER_SAMPLE""]","{""alternateLine"": null, ""rank"": 8}",CLEAN,[],PAPER,False,5.0,,,"[""NOT_YET_ACTIVATED_NO_HISTORICAL_PAPER_SAMPLE""]"
PAPER:2026-08-07:KXMLBF7-26AUG072015BALTEX-TIE,2026-08-07,822863,BAL @ TEX,KXMLBF7-26AUG072015BALTEX-TIE,,inning_result,,F7,Tie,,,Tie,PAPER_SPREAD_LEDGER,,,exact_ticker,14.0,,,14.0,13.0,,,,,,,,,18.416,14.0,4.416,,HIGH,PAPER_ONLY_REAL_MONEY_BLOCKED,SUPPORTED,,PENDING,,,,,,,,,,,,F7,,"[""NOT_YET_ACTIVATED_NO_HISTORICAL_PAPER_SAMPLE""]","{""alternateLine"": null, ""rank"": 162}",CLEAN,[],PAPER,False,5.0,,,"[""NOT_YET_ACTIVATED_NO_HISTORICAL_PAPER_SAMPLE""]"
PAPER:2026-08-07:KXMLBF7-26AUG072015COLSTL-STL,2026-08-07,823024,COL @ STL,KXMLBF7-26AUG072015COLSTL-STL,,inning_result,,F7,Home,,,Home,PAPER_SPREAD_LEDGER,,,exact_ticker,54.0,,,54.0,53.5,,,,,,,,,64.071,54.0,10.071,,HIGH,PAPER_ONLY_REAL_MONEY_BLOCKED,SUPPORTED,,PENDING,,,,,,,,,,,,F7,,"[""NOT_YET_ACTIVATED_NO_HISTORICAL_PAPER_SAMPLE""]","{""alternateLine"": null, ""rank"": 70}",CLEAN,[],PAPER,False,5.0,,,"[""NOT_YET_ACTIVATED_NO_HISTORICAL_PAPER_SAMPLE""]"
PAPER:2026-08-07:KXMLBF7-26AUG072015COLSTL-TIE,2026-08-07,823024,COL @ STL,KXMLBF7-26AUG072015COLSTL-TIE,,inning_result,,F7,Tie,,,Tie,PAPER_SPREAD_LEDGER,,,exact_ticker,11.0,,,11.0,10.5,,,,,,,,,16.633,11.0,5.633,,HIGH,PAPER_ONLY_REAL_MONEY_BLOCKED,SUPPORTED,,PENDING,,,,,,,,,,,,F7,,"[""NOT_YET_ACTIVATED_NO_HISTORICAL_PAPER_SAMPLE""]","{""alternateLine"": null, ""rank"": 134}",CLEAN,[],PAPER,False,5.0,,,"[""NOT_YET_ACTIVATED_NO_HISTORICAL_PAPER_SAMPLE""]"
PAPER:2026-08-07:KXMLBF7-26AUG072140HOUSD-HOU,2026-08-07,823266,HOU @ SD,KXMLBF7-26AUG072140HOUSD-HOU,,inning_result,,F7,Away,,,Away,PAPER_SPREAD_LEDGER,,,exact_ticker,42.0,,,42.0,41.5,,,,,,,,,58.768,42.0,16.768,,HIGH,PAPER_ONLY_REAL_MONEY_BLOCKED,SUPPORTED,,PENDING,,,,,,,,,,,,F7,,"[""NOT_YET_ACTIVATED_NO_HISTORICAL_PAPER_SAMPLE""]","{""alternateLine"": null, ""rank"": 30}",CLEAN,[],PAPER,False,5.0,,,"[""NOT_YET_ACTIVATED_NO_HISTORICAL_PAPER_SAMPLE""]"
PAPER:2026-08-07:KXMLBF7-26AUG072140HOUSD-TIE,2026-08-07,823266,HOU @ SD,KXMLBF7-26AUG072140HOUSD-TIE,,inning_result,,F7,Tie,,,Tie,PAPER_SPREAD_LEDGER,,,exact_ticker,13.0,,,13.0,12.5,,,,,,,,,16.058,13.0,3.058,,HIGH,PAPER_ONLY_REAL_MONEY_BLOCKED,SUPPORTED,,PENDING,,,,,,,,,,,,F7,,"[""NOT_YET_ACTIVATED_NO_HISTORICAL_PAPER_SAMPLE""]","{""alternateLine"": null, ""rank"": 193}",CLEAN,[],PAPER,False,5.0,,,"[""NOT_YET_ACTIVATED_NO_HISTORICAL_PAPER_SAMPLE""]"
PAPER:2026-08-07:KXMLBF7-26AUG072140LADAZ-AZ,2026-08-07,825051,LAD @ AZ,KXMLBF7-26AUG072140LADAZ-AZ,,inning_result,,F7,Home,,,Home,PAPER_SPREAD_LEDGER,,,exact_ticker,35.0,,,35.0,33.5,,,,,,,,,38.228,35.0,3.228,,HIGH,PAPER_ONLY_REAL_MONEY_BLOCKED,SUPPORTED,,PENDING,,,,,,,,,,,,F7,,"[""NOT_YET_ACTIVATED_NO_HISTORICAL_PAPER_SAMPLE""]","{""alternateLine"": null, ""rank"": 188}",CLEAN,[],PAPER,False,5.0,,,"[""NOT_YET_ACTIVATED_NO_HISTORICAL_PAPER_SAMPLE""]"
PAPER:2026-08-07:KXMLBF7-26AUG072140LADAZ-LAD,2026-08-07,825051,LAD @ AZ,KXMLBF7-26AUG072140LADAZ-LAD,,inning_result,,F7,Away,,,Away,PAPER_SPREAD_LEDGER,,,exact_ticker,56.0,,,56.0,54.5,,,,,,,,,61.772,56.0,5.772,,HIGH,PAPER_ONLY_REAL_MONEY_BLOCKED,SUPPORTED,,PENDING,,,,,,,,,,,,F7,,"[""NOT_YET_ACTIVATED_NO_HISTORICAL_PAPER_SAMPLE""]","{""alternateLine"": null, ""rank"": 132}",CLEAN,[],PAPER,False,5.0,,,"[""NOT_YET_ACTIVATED_NO_HISTORICAL_PAPER_SAMPLE""]"
PAPER:2026-08-07:KXMLBF7-26AUG072140LADAZ-TIE,2026-08-07,825051,LAD @ AZ,KXMLBF7-26AUG072140LADAZ-TIE,,inning_result,,F7,Tie,,,Tie,PAPER_SPREAD_LEDGER,,,exact_ticker,13.0,,,13.0,12.5,,,,,,,,,15.919,13.0,2.919,,MEDIUM,PAPER_ONLY_REAL_MONEY_BLOCKED,SUPPORTED,,PENDING,,,,,,,,,,,,F7,,"[""NOT_YET_ACTIVATED_NO_HISTORICAL_PAPER_SAMPLE""]","{""alternateLine"": null, ""rank"": 197}",CLEAN,[],PAPER,False,5.0,,,"[""NOT_YET_ACTIVATED_NO_HISTORICAL_PAPER_SAMPLE""]"
PAPER:2026-08-07:KXMLBF7-26AUG072145TBSEA-TB,2026-08-07,823103,TB @ SEA,KXMLBF7-26AUG072145TBSEA-TB,,inning_result,,F7,Away,,,Away,PAPER_SPREAD_LEDGER,,,exact_ticker,41.0,,,41.0,40.5,,,,,,,,,58.082,41.0,17.082,,HIGH,PAPER_ONLY_REAL_MONEY_BLOCKED,SUPPORTED,,PENDING,,,,,,,,,,,,F7,,"[""NOT_YET_ACTIVATED_NO_HISTORICAL_PAPER_SAMPLE""]","{""alternateLine"": null, ""rank"": 27}",CLEAN,[],PAPER,False,5.0,,,"[""NOT_YET_ACTIVATED_NO_HISTORICAL_PAPER_SAMPLE""]"
PAPER:2026-08-07:KXMLBF7-26AUG072145TBSEA-TIE,2026-08-07,823103,TB @ SEA,KXMLBF7-26AUG072145TBSEA-TIE,,inning_result,,F7,Tie,,,Tie,PAPER_SPREAD_LEDGER,,,exact_ticker,14.0,,,14.0,13.5,,,,,,,,,19.888,14.0,5.888,,HIGH,PAPER_ONLY_REAL_MONEY_BLOCKED,SUPPORTED,,PENDING,,,,,,,,,,,,F7,,"[""NOT_YET_ACTIVATED_NO_HISTORICAL_PAPER_SAMPLE""]","{""alternateLine"": null, ""rank"": 130}",CLEAN,[],PAPER,False,5.0,,,"[""NOT_YET_ACTIVATED_NO_HISTORICAL_PAPER_SAMPLE""]"
PAPER:2026-08-07:KXMLBF7-26AUG072215DETSF-DET,2026-08-07,823191,DET @ SF,KXMLBF7-26AUG072215DETSF-DET,,inning_result,,F7,Away,,,Away,PAPER_SPREAD_LEDGER,,,exact_ticker,48.0,,,48.0,47.0,,,,,,,,,68.788,48.0,20.788,,HIGH,PAPER_ONLY_REAL_MONEY_BLOCKED,SUPPORTED,,PENDING,,,,,,,,,,,,F7,,"[""NOT_YET_ACTIVATED_NO_HISTORICAL_PAPER_SAMPLE""]","{""alternateLine"": null, ""rank"": 17}",CLEAN,[],PAPER,False,5.0,,,"[""NOT_YET_ACTIVATED_NO_HISTORICAL_PAPER_SAMPLE""]"
PAPER:2026-08-07:KXMLBF7-26AUG072215DETSF-TIE,2026-08-07,823191,DET @ SF,KXMLBF7-26AUG072215DETSF-TIE,,inning_result,,F7,Tie,,,Tie,PAPER_SPREAD_LEDGER,,,exact_ticker,13.0,,,13.0,12.5,,,,,,,,,16.346,13.0,3.346,,HIGH,PAPER_ONLY_REAL_MONEY_BLOCKED,SUPPORTED,,PENDING,,,,,,,,,,,,F7,,"[""NOT_YET_ACTIVATED_NO_HISTORICAL_PAPER_SAMPLE""]","{""alternateLine"": null, ""rank"": 184}",CLEAN,[],PAPER,False,5.0,,,"[""NOT_YET_ACTIVATED_NO_HISTORICAL_PAPER_SAMPLE""]"
PAPER:2026-08-07:KXMLBSPREAD-26AUG071910ATHBOS-BOS2,2026-08-07,824727,ATH @ BOS,KXMLBSPREAD-26AUG071910ATHBOS-BOS2,,winning_margin,,full_game,BOS,1.5,,BOS,PAPER_SPREAD_LEDGER,,,exact_ticker,55.0,,,55.0,54.5,,,,,,,,,57.469,55.0,2.469,,MEDIUM,PAPER_ONLY_REAL_MONEY_BLOCKED,SUPPORTED,,PENDING,,,,,,,,,,,,full_game,,"[""RULE_81""]","{""alternateLine"": false, ""rank"": 210}",CLEAN,[],PAPER,False,5.0,,,"[""RULE_81""]"
PAPER:2026-08-07:KXMLBSPREAD-26AUG071940MINMIL-MIL2,2026-08-07,823750,MIN @ MIL,KXMLBSPREAD-26AUG071940MINMIL-MIL2,,winning_margin,,full_game,MIL,1.5,,MIL,PAPER_SPREAD_LEDGER,,,exact_ticker,45.0,,,45.0,44.5,,,,,,,,,52.627,45.0,7.627,,HIGH,PAPER_ONLY_REAL_MONEY_BLOCKED,SUPPORTED,,PENDING,,,,,,,,,,,,full_game,,"[""RULE_81""]","{""alternateLine"": false, ""rank"": 101}",CLEAN,[],PAPER,False,5.0,,,"[""RULE_81""]"
PAPER:2026-08-07:KXMLBSPREAD-26AUG071940MINMIL-MIL3,2026-08-07,823750,MIN @ MIL,KXMLBSPREAD-26AUG071940MINMIL-MIL3,,winning_margin,,full_game,MIL,2.5,,MIL,PAPER_SPREAD_LEDGER,,,exact_ticker,34.0,,,34.0,33.5,,,,,,,,,38.272,34.0,4.272,,HIGH,PAPER_ONLY_REAL_MONEY_BLOCKED,SUPPORTED,,PENDING,,,,,,,,,,,,full_game,,"[""RULE_81""]","{""alternateLine"": true, ""rank"": 164}",CLEAN,[],PAPER,False,5.0,,,"[""RULE_81""]"
PAPER:2026-08-07:KXMLBSPREAD-26AUG071940MINMIL-MIL4,2026-08-07,823750,MIN @ MIL,KXMLBSPREAD-26AUG071940MINMIL-MIL4,,winning_margin,,full_game,MIL,3.5,,MIL,PAPER_SPREAD_LEDGER,,,exact_ticker,24.0,,,24.0,23.5,,,,,,,,,25.549,24.0,1.549,,MEDIUM,PAPER_ONLY_REAL_MONEY_BLOCKED,SUPPORTED,,PENDING,,,,,,,,,,,,full_game,,"[""RULE_81""]","{""alternateLine"": true, ""rank"": 235}",CLEAN,[],PAPER,False,5.0,,,"[""RULE_81""]"
PAPER:2026-08-07:KXMLBSPREAD-26AUG072010CHCKC-KC2,2026-08-07,824081,CHC @ KC,KXMLBSPREAD-26AUG072010CHCKC-KC2,,winning_margin,,full_game,KC,1.5,,KC,PAPER_SPREAD_LEDGER,,,exact_ticker,25.0,,,25.0,24.5,,,,,,,,,29.184,25.0,4.184,,HIGH,PAPER_ONLY_REAL_MONEY_BLOCKED,SUPPORTED,,PENDING,,,,,,,,,,,,full_game,,"[""RULE_81""]","{""alternateLine"": false, ""rank"": 167}",CLEAN,[],PAPER,False,5.0,,,"[""RULE_81""]"
PAPER:2026-08-07:KXMLBSPREAD-26AUG072015BALTEX-BAL2,2026-08-07,822863,BAL @ TEX,KXMLBSPREAD-26AUG072015BALTEX-BAL2,,winning_margin,,full_game,BAL,1.5,,BAL,PAPER_SPREAD_LEDGER,,,exact_ticker,31.0,,,31.0,30.5,,,,,,,,,33.662,31.0,2.662,,MEDIUM,PAPER_ONLY_REAL_MONEY_BLOCKED,SUPPORTED,,PENDING,,,,,,,,,,,,full_game,,"[""RULE_81""]","{""alternateLine"": false, ""rank"": 204}",CLEAN,[],PAPER,False,5.0,,,"[""RULE_81""]"
PAPER:2026-08-07:KXMLBSPREAD-26AUG072140HOUSD-SD2,2026-08-07,823266,HOU @ SD,KXMLBSPREAD-26AUG072140HOUSD-SD2,,winning_margin,,full_game,SD,1.5,,SD,PAPER_SPREAD_LEDGER,,,exact_ticker,35.0,,,35.0,34.5,,,,,,,,,39.453,35.0,4.453,,HIGH,PAPER_ONLY_REAL_MONEY_BLOCKED,SUPPORTED,,PENDING,,,,,,,,,,,,full_game,,"[""RULE_81""]","{""alternateLine"": false, ""rank"": 161}",CLEAN,[],PAPER,False,5.0,,,"[""RULE_81""]"
PAPER:2026-08-07:KXMLBSPREAD-26AUG072140HOUSD-SD3,2026-08-07,823266,HOU @ SD,KXMLBSPREAD-26AUG072140HOUSD-SD3,,winning_margin,,full_game,SD,2.5,,SD,PAPER_SPREAD_LEDGER,,,exact_ticker,25.0,,,25.0,24.5,,,,,,,,,27.84,25.0,2.84,,MEDIUM,PAPER_ONLY_REAL_MONEY_BLOCKED,SUPPORTED,,PENDING,,,,,,,,,,,,full_game,,"[""RULE_81""]","{""alternateLine"": true, ""rank"": 200}",CLEAN,[],PAPER,False,5.0,,,"[""RULE_81""]"
PAPER:2026-08-07:KXMLBSPREAD-26AUG072140LADAZ-AZ2,2026-08-07,825051,LAD @ AZ,KXMLBSPREAD-26AUG072140LADAZ-AZ2,,winning_margin,,full_game,AZ,1.5,,AZ,PAPER_SPREAD_LEDGER,,,exact_ticker,24.0,,,24.0,23.5,,,,,,,,,25.448,24.0,1.448,,PAPER,PAPER_ONLY_REAL_MONEY_BLOCKED,SUPPORTED,,PENDING,,,,,,,,,,,,full_game,,"[""RULE_81""]","{""alternateLine"": false, ""rank"": 238}",CLEAN,[],PAPER,False,5.0,,,"[""RULE_81""]"
PAPER:2026-08-07:KXMLBSPREAD-26AUG072215DETSF-DET2,2026-08-07,823191,DET @ SF,KXMLBSPREAD-26AUG072215DETSF-DET2,,winning_margin,,full_game,DET,1.5,,DET,PAPER_SPREAD_LEDGER,,,exact_ticker,43.0,,,43.0,42.5,,,,,,,,,47.803,43.0,4.803,,HIGH,PAPER_ONLY_REAL_MONEY_BLOCKED,SUPPORTED,,PENDING,,,,,,,,,,,,full_game,,"[""RULE_81""]","{""alternateLine"": false, ""rank"": 154}",CLEAN,[],PAPER,False,5.0,,,"[""RULE_81""]"
PAPER:2026-08-07:KXMLBSPREAD-26AUG072215DETSF-DET3,2026-08-07,823191,DET @ SF,KXMLBSPREAD-26AUG072215DETSF-DET3,,winning_margin,,full_game,DET,2.5,,DET,PAPER_SPREAD_LEDGER,,,exact_ticker,33.0,,,33.0,32.5,,,,,,,,,34.226,33.0,1.226,,PAPER,PAPER_ONLY_REAL_MONEY_BLOCKED,SUPPORTED,,PENDING,,,,,,,,,,,,full_game,,"[""RULE_81""]","{""alternateLine"": true, ""rank"": 239}",CLEAN,[],PAPER,False,5.0,,,"[""RULE_81""]"
PAPER:2026-08-08:KXMLBF3-26AUG081840NYMPIT-NYM,2026-08-08,823348,NYM @ PIT,KXMLBF3-26AUG081840NYMPIT-NYM,,inning_result,,F3,Away,,,Away,PAPER_SPREAD_LEDGER,,,exact_ticker,37.0,,,37.0,36.5,,,,,,,,,40.456,37.0,3.456,,HIGH,PAPER_ONLY_REAL_MONEY_BLOCKED,SUPPORTED,,PENDING,,,,,,,,,,,,F3,,"[""NOT_YET_ACTIVATED_NO_HISTORICAL_PAPER_SAMPLE""]","{""alternateLine"": null, ""rank"": 176}",CLEAN,[],PAPER,False,5.0,,,"[""NOT_YET_ACTIVATED_NO_HISTORICAL_PAPER_SAMPLE""]"
PAPER:2026-08-08:KXMLBF3-26AUG081840NYMPIT-TIE,2026-08-08,823348,NYM @ PIT,KXMLBF3-26AUG081840NYMPIT-TIE,,inning_result,,F3,Tie,,,Tie,PAPER_SPREAD_LEDGER,,,exact_ticker,23.0,,,23.0,22.0,,,,,,,,,25.6,23.0,2.6,,MEDIUM,PAPER_ONLY_REAL_MONEY_BLOCKED,SUPPORTED,,PENDING,,,,,,,,,,,,F3,,"[""NOT_YET_ACTIVATED_NO_HISTORICAL_PAPER_SAMPLE""]","{""alternateLine"": null, ""rank"": 192}",CLEAN,[],PAPER,False,5.0,,,"[""NOT_YET_ACTIVATED_NO_HISTORICAL_PAPER_SAMPLE""]"
PAPER:2026-08-08:KXMLBF3-26AUG081845CINWSH-TIE,2026-08-08,822701,CIN @ WSH,KXMLBF3-26AUG081845CINWSH-TIE,,inning_result,,F3,Tie,,,Tie,PAPER_SPREAD_LEDGER,,,exact_ticker,25.0,,,25.0,24.0,,,,,,,,,30.218,25.0,5.218,,HIGH,PAPER_ONLY_REAL_MONEY_BLOCKED,SUPPORTED,,PENDING,,,,,,,,,,,,F3,,"[""NOT_YET_ACTIVATED_NO_HISTORICAL_PAPER_SAMPLE""]","{""alternateLine"": null, ""rank"": 141}",CLEAN,[],PAPER,False,5.0,,,"[""NOT_YET_ACTIVATED_NO_HISTORICAL_PAPER_SAMPLE""]"
PAPER:2026-08-08:KXMLBF3-26AUG081845CINWSH-WSH,2026-08-08,822701,CIN @ WSH,KXMLBF3-26AUG081845CINWSH-WSH,,inning_result,,F3,Home,,,Home,PAPER_SPREAD_LEDGER,,,exact_ticker,32.0,,,32.0,31.5,,,,,,,,,38.07,32.0,6.07,,HIGH,PAPER_ONLY_REAL_MONEY_BLOCKED,SUPPORTED,,PENDING,,,,,,,,,,,,F3,,"[""NOT_YET_ACTIVATED_NO_HISTORICAL_PAPER_SAMPLE""]","{""alternateLine"": null, ""rank"": 124}",CLEAN,[],PAPER,False,5.0,,,"[""NOT_YET_ACTIVATED_NO_HISTORICAL_PAPER_SAMPLE""]"
PAPER:2026-08-08:KXMLBF3-26AUG081910CHCKC-CHC,2026-08-08,824079,CHC @ KC,KXMLBF3-26AUG081910CHCKC-CHC,,inning_result,,F3,Away,,,Away,PAPER_SPREAD_LEDGER,,,exact_ticker,43.0,,,43.0,42.5,,,,,,,,,48.068,43.0,5.068,,HIGH,PAPER_ONLY_REAL_MONEY_BLOCKED,SUPPORTED,,PENDING,,,,,,,,,,,,F3,,"[""NOT_YET_ACTIVATED_NO_HISTORICAL_PAPER_SAMPLE""]","{""alternateLine"": null, ""rank"": 145}",CLEAN,[],PAPER,False,5.0,,,"[""NOT_YET_ACTIVATED_NO_HISTORICAL_PAPER_SAMPLE""]"
PAPER:2026-08-08:KXMLBF3-26AUG081910CHCKC-TIE,2026-08-08,824079,CHC @ KC,KXMLBF3-26AUG081910CHCKC-TIE,,inning_result,,F3,Tie,,,Tie,PAPER_SPREAD_LEDGER,,,exact_ticker,22.0,,,22.0,21.5,,,,,,,,,26.372,22.0,4.372,,HIGH,PAPER_ONLY_REAL_MONEY_BLOCKED,SUPPORTED,,PENDING,,,,,,,,,,,,F3,,"[""NOT_YET_ACTIVATED_NO_HISTORICAL_PAPER_SAMPLE""]","{""alternateLine"": null, ""rank"": 157}",CLEAN,[],PAPER,False,5.0,,,"[""NOT_YET_ACTIVATED_NO_HISTORICAL_PAPER_SAMPLE""]"
PAPER:2026-08-08:KXMLBF3-26AUG081910MINMIL-MIN,2026-08-08,823752,MIN @ MIL,KXMLBF3-26AUG081910MINMIL-MIN,,inning_result,,F3,Away,,,Away,PAPER_SPREAD_LEDGER,,,exact_ticker,35.0,,,35.0,34.0,,,,,,,,,39.376,35.0,4.376,,HIGH,PAPER_ONLY_REAL_MONEY_BLOCKED,SUPPORTED,,PENDING,,,,,,,,,,,,F3,,"[""NOT_YET_ACTIVATED_NO_HISTORICAL_PAPER_SAMPLE""]","{""alternateLine"": null, ""rank"": 155}",CLEAN,[],PAPER,False,5.0,,,"[""NOT_YET_ACTIVATED_NO_HISTORICAL_PAPER_SAMPLE""]"
PAPER:2026-08-08:KXMLBF3-26AUG081910MINMIL-TIE,2026-08-08,823752,MIN @ MIL,KXMLBF3-26AUG081910MINMIL-TIE,,inning_result,,F3,Tie,,,Tie,PAPER_SPREAD_LEDGER,,,exact_ticker,24.0,,,24.0,23.5,,,,,,,,,25.76,24.0,1.76,,MEDIUM,PAPER_ONLY_REAL_MONEY_BLOCKED,SUPPORTED,,PENDING,,,,,,,,,,,,F3,,"[""NOT_YET_ACTIVATED_NO_HISTORICAL_PAPER_SAMPLE""]","{""alternateLine"": null, ""rank"": 213}",CLEAN,[],PAPER,False,5.0,,,"[""NOT_YET_ACTIVATED_NO_HISTORICAL_PAPER_SAMPLE""]"
PAPER:2026-08-08:KXMLBF3-26AUG081915BALTEX-TIE,2026-08-08,822864,BAL @ TEX,KXMLBF3-26AUG081915BALTEX-TIE,,inning_result,,F3,Tie,,,Tie,PAPER_SPREAD_LEDGER,,,exact_ticker,27.0,,,27.0,25.5,,,,,,,,,28.888,27.0,1.888,,MEDIUM,PAPER_ONLY_REAL_MONEY_BLOCKED,SUPPORTED,,PENDING,,,,,,,,,,,,F3,,"[""NOT_YET_ACTIVATED_NO_HISTORICAL_PAPER_SAMPLE""]","{""alternateLine"": null, ""rank"": 211}",CLEAN,[],PAPER,False,5.0,,,"[""NOT_YET_ACTIVATED_NO_HISTORICAL_PAPER_SAMPLE""]"
PAPER:2026-08-08:KXMLBF3-26AUG081915CLECWS-CLE,2026-08-08,824565,CLE @ CWS,KXMLBF3-26AUG081915CLECWS-CLE,,inning_result,,F3,Away,,,Away,PAPER_SPREAD_LEDGER,,,exact_ticker,41.0,,,41.0,39.5,,,,,,,,,44.796,41.0,3.796,,HIGH,PAPER_ONLY_REAL_MONEY_BLOCKED,SUPPORTED,,PENDING,,,,,,,,,,,,F3,,"[""NOT_YET_ACTIVATED_NO_HISTORICAL_PAPER_SAMPLE""]","{""alternateLine"": null, ""rank"": 167}",CLEAN,[],PAPER,False,5.0,,,"[""NOT_YET_ACTIVATED_NO_HISTORICAL_PAPER_SAMPLE""]"
PAPER:2026-08-08:KXMLBF3-26AUG081915COLSTL-COL,2026-08-08,823021,COL @ STL,KXMLBF3-26AUG081915COLSTL-COL,,inning_result,,F3,Away,,,Away,PAPER_SPREAD_LEDGER,,,exact_ticker,33.0,,,33.0,32.0,,,,,,,,,40.896,33.0,7.896,,HIGH,PAPER_ONLY_REAL_MONEY_BLOCKED,SUPPORTED,,PENDING,,,,,,,,,,,,F3,,"[""NOT_YET_ACTIVATED_NO_HISTORICAL_PAPER_SAMPLE""]","{""alternateLine"": null, ""rank"": 94}",CLEAN,[],PAPER,False,5.0,,,"[""NOT_YET_ACTIVATED_NO_HISTORICAL_PAPER_SAMPLE""]"
PAPER:2026-08-08:KXMLBF3-26AUG081915HOUSD-HOU,2026-08-08,823267,HOU @ SD,KXMLBF3-26AUG081915HOUSD-HOU,,inning_result,,F3,Away,,,Away,PAPER_SPREAD_LEDGER,,,exact_ticker,38.0,,,38.0,37.5,,,,,,,,,41.323,38.0,3.323,,HIGH,PAPER_ONLY_REAL_MONEY_BLOCKED,SUPPORTED,,PENDING,,,,,,,,,,,,F3,,"[""NOT_YET_ACTIVATED_NO_HISTORICAL_PAPER_SAMPLE""]","{""alternateLine"": null, ""rank"": 179}",CLEAN,[],PAPER,False,5.0,,,"[""NOT_YET_ACTIVATED_NO_HISTORICAL_PAPER_SAMPLE""]"
PAPER:2026-08-08:KXMLBF3-26AUG081915HOUSD-TIE,2026-08-08,823267,HOU @ SD,KXMLBF3-26AUG081915HOUSD-TIE,,inning_result,,F3,Tie,,,Tie,PAPER_SPREAD_LEDGER,,,exact_ticker,23.0,,,23.0,22.5,,,,,,,,,26.051,23.0,3.051,,HIGH,PAPER_ONLY_REAL_MONEY_BLOCKED,SUPPORTED,,PENDING,,,,,,,,,,,,F3,,"[""NOT_YET_ACTIVATED_NO_HISTORICAL_PAPER_SAMPLE""]","{""alternateLine"": null, ""rank"": 181}",CLEAN,[],PAPER,False,5.0,,,"[""NOT_YET_ACTIVATED_NO_HISTORICAL_PAPER_SAMPLE""]"
PAPER:2026-08-08:KXMLBF3-26AUG082010LADAZ-AZ,2026-08-08,825049,LAD @ AZ,KXMLBF3-26AUG082010LADAZ-AZ,,inning_result,,F3,Home,,,Home,PAPER_SPREAD_LEDGER,,,exact_ticker,28.0,,,28.0,27.5,,,,,,,,,32.575,28.0,4.575,,HIGH,PAPER_ONLY_REAL_MONEY_BLOCKED,SUPPORTED,,PENDING,,,,,,,,,,,,F3,,"[""NOT_YET_ACTIVATED_NO_HISTORICAL_PAPER_SAMPLE""]","{""alternateLine"": null, ""rank"": 150}",CLEAN,[],PAPER,False,5.0,,,"[""NOT_YET_ACTIVATED_NO_HISTORICAL_PAPER_SAMPLE""]"
PAPER:2026-08-08:KXMLBF3-26AUG082010LADAZ-TIE,2026-08-08,825049,LAD @ AZ,KXMLBF3-26AUG082010LADAZ-TIE,,inning_result,,F3,Tie,,,Tie,PAPER_SPREAD_LEDGER,,,exact_ticker,23.0,,,23.0,22.0,,,,,,,,,27.295,23.0,4.295,,HIGH,PAPER_ONLY_REAL_MONEY_BLOCKED,SUPPORTED,,PENDING,,,,,,,,,,,,F3,,"[""NOT_YET_ACTIVATED_NO_HISTORICAL_PAPER_SAMPLE""]","{""alternateLine"": null, ""rank"": 160}",CLEAN,[],PAPER,False,5.0,,,"[""NOT_YET_ACTIVATED_NO_HISTORICAL_PAPER_SAMPLE""]"
PAPER:2026-08-08:KXMLBF3-26AUG082150TBSEA-TB,2026-08-08,823102,TB @ SEA,KXMLBF3-26AUG082150TBSEA-TB,,inning_result,,F3,Away,,,Away,PAPER_SPREAD_LEDGER,,,exact_ticker,34.0,,,34.0,33.5,,,,,,,,,35.94,34.0,1.94,,MEDIUM,PAPER_ONLY_REAL_MONEY_BLOCKED,SUPPORTED,,PENDING,,,,,,,,,,,,F3,,"[""NOT_YET_ACTIVATED_NO_HISTORICAL_PAPER_SAMPLE""]","{""alternateLine"": null, ""rank"": 209}",CLEAN,[],PAPER,False,5.0,,,"[""NOT_YET_ACTIVATED_NO_HISTORICAL_PAPER_SAMPLE""]"
PAPER:2026-08-08:KXMLBF5SPREAD-26AUG081805TORPHI-TOR2,2026-08-08,823426,TOR @ PHI,KXMLBF5SPREAD-26AUG081805TORPHI-TOR2,,winning_margin,,F5,TOR,1.5,,TOR,PAPER_SPREAD_LEDGER,,,exact_ticker,25.0,,,25.0,24.5,,,,,,,,,28.609,25.0,3.609,,HIGH,PAPER_ONLY_REAL_MONEY_BLOCKED,SUPPORTED,,PENDING,,,,,,,,,,,,F5,,"[""NOT_YET_ACTIVATED_NO_HISTORICAL_PAPER_SAMPLE""]","{""alternateLine"": false, ""rank"": 172}",CLEAN,[],PAPER,False,5.0,,,"[""NOT_YET_ACTIVATED_NO_HISTORICAL_PAPER_SAMPLE""]"
PAPER:2026-08-08:KXMLBF5SPREAD-26AUG081845CINWSH-WSH2,2026-08-08,822701,CIN @ WSH,KXMLBF5SPREAD-26AUG081845CINWSH-WSH2,,winning_margin,,F5,WSH,1.5,,WSH,PAPER_SPREAD_LEDGER,,,exact_ticker,23.0,,,23.0,22.5,,,,,,,,,26.374,23.0,3.374,,HIGH,PAPER_ONLY_REAL_MONEY_BLOCKED,SUPPORTED,,PENDING,,,,,,,,,,,,F5,,"[""NOT_YET_ACTIVATED_NO_HISTORICAL_PAPER_SAMPLE""]","{""alternateLine"": false, ""rank"": 177}",CLEAN,[],PAPER,False,5.0,,,"[""NOT_YET_ACTIVATED_NO_HISTORICAL_PAPER_SAMPLE""]"
PAPER:2026-08-08:KXMLBF7-26AUG081805TORPHI-TIE,2026-08-08,823426,TOR @ PHI,KXMLBF7-26AUG081805TORPHI-TIE,,inning_result,,F7,Tie,,,Tie,PAPER_SPREAD_LEDGER,,,exact_ticker,11.0,,,11.0,10.5,,,,,,,,,18.089,11.0,7.089,,HIGH,PAPER_ONLY_REAL_MONEY_BLOCKED,SUPPORTED,,PENDING,,,,,,,,,,,,F7,,"[""NOT_YET_ACTIVATED_NO_HISTORICAL_PAPER_SAMPLE""]","{""alternateLine"": null, ""rank"": 110}",CLEAN,[],PAPER,False,5.0,,,"[""NOT_YET_ACTIVATED_NO_HISTORICAL_PAPER_SAMPLE""]"
PAPER:2026-08-08:KXMLBF7-26AUG081805TORPHI-TOR,2026-08-08,823426,TOR @ PHI,KXMLBF7-26AUG081805TORPHI-TOR,,inning_result,,F7,Away,,,Away,PAPER_SPREAD_LEDGER,,,exact_ticker,37.0,,,37.0,35.5,,,,,,,,,46.491,37.0,9.491,,HIGH,PAPER_ONLY_REAL_MONEY_BLOCKED,SUPPORTED,,PENDING,,,,,,,,,,,,F7,,"[""NOT_YET_ACTIVATED_NO_HISTORICAL_PAPER_SAMPLE""]","{""alternateLine"": null, ""rank"": 74}",CLEAN,[],PAPER,False,5.0,,,"[""NOT_YET_ACTIVATED_NO_HISTORICAL_PAPER_SAMPLE""]"
PAPER:2026-08-08:KXMLBF7-26AUG081840NYMPIT-NYM,2026-08-08,823348,NYM @ PIT,KXMLBF7-26AUG081840NYMPIT-NYM,,inning_result,,F7,Away,,,Away,PAPER_SPREAD_LEDGER,,,exact_ticker,42.0,,,42.0,41.5,,,,,,,,,47.35,42.0,5.35,,HIGH,PAPER_ONLY_REAL_MONEY_BLOCKED,SUPPORTED,,PENDING,,,,,,,,,,,,F7,,"[""NOT_YET_ACTIVATED_NO_HISTORICAL_PAPER_SAMPLE""]","{""alternateLine"": null, ""rank"": 138}",CLEAN,[],PAPER,False,5.0,,,"[""NOT_YET_ACTIVATED_NO_HISTORICAL_PAPER_SAMPLE""]"
PAPER:2026-08-08:KXMLBF7-26AUG081840NYMPIT-TIE,2026-08-08,823348,NYM @ PIT,KXMLBF7-26AUG081840NYMPIT-TIE,,inning_result,,F7,Tie,,,Tie,PAPER_SPREAD_LEDGER,,,exact_ticker,13.0,,,13.0,12.5,,,,,,,,,18.763,13.0,5.763,,HIGH,PAPER_ONLY_REAL_MONEY_BLOCKED,SUPPORTED,,PENDING,,,,,,,,,,,,F7,,"[""NOT_YET_ACTIVATED_NO_HISTORICAL_PAPER_SAMPLE""]","{""alternateLine"": null, ""rank"": 127}",CLEAN,[],PAPER,False,5.0,,,"[""NOT_YET_ACTIVATED_NO_HISTORICAL_PAPER_SAMPLE""]"
PAPER:2026-08-08:KXMLBF7-26AUG081845CINWSH-TIE,2026-08-08,822701,CIN @ WSH,KXMLBF7-26AUG081845CINWSH-TIE,,inning_result,,F7,Tie,,,Tie,PAPER_SPREAD_LEDGER,,,exact_ticker,13.0,,,13.0,12.5,,,,,,,,,21.846,13.0,8.846,,HIGH,PAPER_ONLY_REAL_MONEY_BLOCKED,SUPPORTED,,PENDING,,,,,,,,,,,,F7,,"[""NOT_YET_ACTIVATED_NO_HISTORICAL_PAPER_SAMPLE""]","{""alternateLine"": null, ""rank"": 81}",CLEAN,[],PAPER,False,5.0,,,"[""NOT_YET_ACTIVATED_NO_HISTORICAL_PAPER_SAMPLE""]"
PAPER:2026-08-08:KXMLBF7-26AUG081845CINWSH-WSH,2026-08-08,822701,CIN @ WSH,KXMLBF7-26AUG081845CINWSH-WSH,,inning_result,,F7,Home,,,Home,PAPER_SPREAD_LEDGER,,,exact_ticker,38.0,,,38.0,37.5,,,,,,,,,51.37,38.0,13.37,,HIGH,PAPER_ONLY_REAL_MONEY_BLOCKED,SUPPORTED,,PENDING,,,,,,,,,,,,F7,,"[""NOT_YET_ACTIVATED_NO_HISTORICAL_PAPER_SAMPLE""]","{""alternateLine"": null, ""rank"": 46}",CLEAN,[],PAPER,False,5.0,,,"[""NOT_YET_ACTIVATED_NO_HISTORICAL_PAPER_SAMPLE""]"
PAPER:2026-08-08:KXMLBF7-26AUG081910CHCKC-TIE,2026-08-08,824079,CHC @ KC,KXMLBF7-26AUG081910CHCKC-TIE,,inning_result,,F7,Tie,,,Tie,PAPER_SPREAD_LEDGER,,,exact_ticker,11.0,,,11.0,10.5,,,,,,,,,19.545,11.0,8.545,,HIGH,PAPER_ONLY_REAL_MONEY_BLOCKED,SUPPORTED,,PENDING,,,,,,,,,,,,F7,,"[""NOT_YET_ACTIVATED_NO_HISTORICAL_PAPER_SAMPLE""]","{""alternateLine"": null, ""rank"": 87}",CLEAN,[],PAPER,False,5.0,,,"[""NOT_YET_ACTIVATED_NO_HISTORICAL_PAPER_SAMPLE""]"
PAPER:2026-08-08:KXMLBF7-26AUG081910MINMIL-TIE,2026-08-08,823752,MIN @ MIL,KXMLBF7-26AUG081910MINMIL-TIE,,inning_result,,F7,Tie,,,Tie,PAPER_SPREAD_LEDGER,,,exact_ticker,13.0,,,13.0,12.5,,,,,,,,,18.135,13.0,5.135,,HIGH,PAPER_ONLY_REAL_MONEY_BLOCKED,SUPPORTED,,PENDING,,,,,,,,,,,,F7,,"[""NOT_YET_ACTIVATED_NO_HISTORICAL_PAPER_SAMPLE""]","{""alternateLine"": null, ""rank"": 144}",CLEAN,[],PAPER,False,5.0,,,"[""NOT_YET_ACTIVATED_NO_HISTORICAL_PAPER_SAMPLE""]"
PAPER:2026-08-08:KXMLBF7-26AUG081915BALTEX-TIE,2026-08-08,822864,BAL @ TEX,KXMLBF7-26AUG081915BALTEX-TIE,,inning_result,,F7,Tie,,,Tie,PAPER_SPREAD_LEDGER,,,exact_ticker,14.0,,,14.0,13.0,,,,,,,,,20.228,14.0,6.228,,HIGH,PAPER_ONLY_REAL_MONEY_BLOCKED,SUPPORTED,,PENDING,,,,,,,,,,,,F7,,"[""NOT_YET_ACTIVATED_NO_HISTORICAL_PAPER_SAMPLE""]","{""alternateLine"": null, ""rank"": 122}",CLEAN,[],PAPER,False,5.0,,,"[""NOT_YET_ACTIVATED_NO_HISTORICAL_PAPER_SAMPLE""]"
PAPER:2026-08-08:KXMLBF7-26AUG081915CLECWS-TIE,2026-08-08,824565,CLE @ CWS,KXMLBF7-26AUG081915CLECWS-TIE,,inning_result,,F7,Tie,,,Tie,PAPER_SPREAD_LEDGER,,,exact_ticker,13.0,,,13.0,12.5,,,,,,,,,20.598,13.0,7.598,,HIGH,PAPER_ONLY_REAL_MONEY_BLOCKED,SUPPORTED,,PENDING,,,,,,,,,,,,F7,,"[""NOT_YET_ACTIVATED_NO_HISTORICAL_PAPER_SAMPLE""]","{""alternateLine"": null, ""rank"": 100}",CLEAN,[],PAPER,False,5.0,,,"[""NOT_YET_ACTIVATED_NO_HISTORICAL_PAPER_SAMPLE""]"
PAPER:2026-08-08:KXMLBF7-26AUG081915COLSTL-STL,2026-08-08,823021,COL @ STL,KXMLBF7-26AUG081915COLSTL-STL,,inning_result,,F7,Home,,,Home,PAPER_SPREAD_LEDGER,,,exact_ticker,51.0,,,51.0,50.5,,,,,,,,,53.315,51.0,2.315,,MEDIUM,PAPER_ONLY_REAL_MONEY_BLOCKED,SUPPORTED,,PENDING,,,,,,,,,,,,F7,,"[""NOT_YET_ACTIVATED_NO_HISTORICAL_PAPER_SAMPLE""]","{""alternateLine"": null, ""rank"": 200}",CLEAN,[],PAPER,False,5.0,,,"[""NOT_YET_ACTIVATED_NO_HISTORICAL_PAPER_SAMPLE""]"
PAPER:2026-08-08:KXMLBF7-26AUG081915COLSTL-TIE,2026-08-08,823021,COL @ STL,KXMLBF7-26AUG081915COLSTL-TIE,,inning_result,,F7,Tie,,,Tie,PAPER_SPREAD_LEDGER,,,exact_ticker,11.0,,,11.0,10.5,,,,,,,,,17.714,11.0,6.714,,HIGH,PAPER_ONLY_REAL_MONEY_BLOCKED,SUPPORTED,,PENDING,,,,,,,,,,,,F7,,"[""NOT_YET_ACTIVATED_NO_HISTORICAL_PAPER_SAMPLE""]","{""alternateLine"": null, ""rank"": 116}",CLEAN,[],PAPER,False,5.0,,,"[""NOT_YET_ACTIVATED_NO_HISTORICAL_PAPER_SAMPLE""]"
PAPER:2026-08-08:KXMLBF7-26AUG081915HOUSD-HOU,2026-08-08,823267,HOU @ SD,KXMLBF7-26AUG081915HOUSD-HOU,,inning_result,,F7,Away,,,Away,PAPER_SPREAD_LEDGER,,,exact_ticker,41.0,,,41.0,40.0,,,,,,,,,46.274,41.0,5.274,,HIGH,PAPER_ONLY_REAL_MONEY_BLOCKED,SUPPORTED,,PENDING,,,,,,,,,,,,F7,,"[""NOT_YET_ACTIVATED_NO_HISTORICAL_PAPER_SAMPLE""]","{""alternateLine"": null, ""rank"": 139}",CLEAN,[],PAPER,False,5.0,,,"[""NOT_YET_ACTIVATED_NO_HISTORICAL_PAPER_SAMPLE""]"
PAPER:2026-08-08:KXMLBF7-26AUG081915HOUSD-TIE,2026-08-08,823267,HOU @ SD,KXMLBF7-26AUG081915HOUSD-TIE,,inning_result,,F7,Tie,,,Tie,PAPER_SPREAD_LEDGER,,,exact_ticker,13.0,,,13.0,12.5,,,,,,,,,18.499,13.0,5.499,,HIGH,PAPER_ONLY_REAL_MONEY_BLOCKED,SUPPORTED,,PENDING,,,,,,,,,,,,F7,,"[""NOT_YET_ACTIVATED_NO_HISTORICAL_PAPER_SAMPLE""]","{""alternateLine"": null, ""rank"": 134}",CLEAN,[],PAPER,False,5.0,,,"[""NOT_YET_ACTIVATED_NO_HISTORICAL_PAPER_SAMPLE""]"
PAPER:2026-08-08:KXMLBF7-26AUG082010LADAZ-AZ,2026-08-08,825049,LAD @ AZ,KXMLBF7-26AUG082010LADAZ-AZ,,inning_result,,F7,Home,,,Home,PAPER_SPREAD_LEDGER,,,exact_ticker,33.0,,,33.0,30.5,,,,,,,,,45.008,33.0,12.008,,HIGH,PAPER_ONLY_REAL_MONEY_BLOCKED,SUPPORTED,,PENDING,,,,,,,,,,,,F7,,"[""NOT_YET_ACTIVATED_NO_HISTORICAL_PAPER_SAMPLE""]","{""alternateLine"": null, ""rank"": 54}",CLEAN,[],PAPER,False,5.0,,,"[""NOT_YET_ACTIVATED_NO_HISTORICAL_PAPER_SAMPLE""]"
PAPER:2026-08-08:KXMLBF7-26AUG082010LADAZ-TIE,2026-08-08,825049,LAD @ AZ,KXMLBF7-26AUG082010LADAZ-TIE,,inning_result,,F7,Tie,,,Tie,PAPER_SPREAD_LEDGER,,,exact_ticker,13.0,,,13.0,12.5,,,,,,,,,18.644,13.0,5.644,,HIGH,PAPER_ONLY_REAL_MONEY_BLOCKED,SUPPORTED,,PENDING,,,,,,,,,,,,F7,,"[""NOT_YET_ACTIVATED_NO_HISTORICAL_PAPER_SAMPLE""]","{""alternateLine"": null, ""rank"": 131}",CLEAN,[],PAPER,False,5.0,,,"[""NOT_YET_ACTIVATED_NO_HISTORICAL_PAPER_SAMPLE""]"
PAPER:2026-08-08:KXMLBF7-26AUG082150TBSEA-TIE,2026-08-08,823102,TB @ SEA,KXMLBF7-26AUG082150TBSEA-TIE,,inning_result,,F7,Tie,,,Tie,PAPER_SPREAD_LEDGER,,,exact_ticker,13.0,,,13.0,12.5,,,,,,,,,20.251,13.0,7.251,,HIGH,PAPER_ONLY_REAL_MONEY_BLOCKED,SUPPORTED,,PENDING,,,,,,,,,,,,F7,,"[""NOT_YET_ACTIVATED_NO_HISTORICAL_PAPER_SAMPLE""]","{""alternateLine"": null, ""rank"": 107}",CLEAN,[],PAPER,False,5.0,,,"[""NOT_YET_ACTIVATED_NO_HISTORICAL_PAPER_SAMPLE""]"
PAPER:2026-08-08:KXMLBSPREAD-26AUG081845CINWSH-WSH2,2026-08-08,822701,CIN @ WSH,KXMLBSPREAD-26AUG081845CINWSH-WSH2,,winning_margin,,full_game,WSH,1.5,,WSH,PAPER_SPREAD_LEDGER,,,exact_ticker,27.0,,,27.0,26.5,,,,,,,,,29.132,27.0,2.132,,MEDIUM,PAPER_ONLY_REAL_MONEY_BLOCKED,SUPPORTED,,PENDING,,,,,,,,,,,,full_game,,"[""RULE_81""]","{""alternateLine"": false, ""rank"": 204}",CLEAN,[],PAPER,False,5.0,,,"[""RULE_81""]"
PAPER:2026-08-08:KXMLBSPREAD-26AUG082010LADAZ-AZ2,2026-08-08,825049,LAD @ AZ,KXMLBSPREAD-26AUG082010LADAZ-AZ2,,winning_margin,,full_game,AZ,1.5,,AZ,PAPER_SPREAD_LEDGER,,,exact_ticker,22.0,,,22.0,21.5,,,,,,,,,23.18,22.0,1.18,,PAPER,PAPER_ONLY_REAL_MONEY_BLOCKED,SUPPORTED,,PENDING,,,,,,,,,,,,full_game,,"[""RULE_81""]","{""alternateLine"": false, ""rank"": 220}",CLEAN,[],PAPER,False,5.0,,,"[""RULE_81""]"
PAPER:2026-08-09:KXMLBF3-26AUG091335ATHBOS-BOS,2026-08-09,824724,ATH @ BOS,KXMLBF3-26AUG091335ATHBOS-BOS,,inning_result,,F3,Home,,,Home,PAPER_SPREAD_LEDGER,,,exact_ticker,48.0,,,48.0,47.5,,,,,,,,,53.69,48.0,5.69,,HIGH,PAPER_ONLY_REAL_MONEY_BLOCKED,SUPPORTED,,PENDING,,,,,,,,,,,,F3,,"[""NOT_YET_ACTIVATED_NO_HISTORICAL_PAPER_SAMPLE""]","{""alternateLine"": null, ""rank"": 109}",CLEAN,[],PAPER,False,5.0,,,"[""NOT_YET_ACTIVATED_NO_HISTORICAL_PAPER_SAMPLE""]"
PAPER:2026-08-09:KXMLBF3-26AUG091335ATHBOS-TIE,2026-08-09,824724,ATH @ BOS,KXMLBF3-26AUG091335ATHBOS-TIE,,inning_result,,F3,Tie,,,Tie,PAPER_SPREAD_LEDGER,,,exact_ticker,21.0,,,21.0,20.5,,,,,,,,,25.052,21.0,4.052,,HIGH,PAPER_ONLY_REAL_MONEY_BLOCKED,SUPPORTED,,PENDING,,,,,,,,,,,,F3,,"[""NOT_YET_ACTIVATED_NO_HISTORICAL_PAPER_SAMPLE""]","{""alternateLine"": null, ""rank"": 148}",CLEAN,[],PAPER,False,5.0,,,"[""NOT_YET_ACTIVATED_NO_HISTORICAL_PAPER_SAMPLE""]"
PAPER:2026-08-09:KXMLBF3-26AUG091335ATLNYY-NYY,2026-08-09,823513,ATL @ NYY,KXMLBF3-26AUG091335ATLNYY-NYY,,inning_result,,F3,Home,,,Home,PAPER_SPREAD_LEDGER,,,exact_ticker,46.0,,,46.0,45.5,,,,,,,,,51.011,46.0,5.011,,HIGH,PAPER_ONLY_REAL_MONEY_BLOCKED,SUPPORTED,,PENDING,,,,,,,,,,,,F3,,"[""NOT_YET_ACTIVATED_NO_HISTORICAL_PAPER_SAMPLE""]","{""alternateLine"": null, ""rank"": 127}",CLEAN,[],PAPER,False,5.0,,,"[""NOT_YET_ACTIVATED_NO_HISTORICAL_PAPER_SAMPLE""]"
PAPER:2026-08-09:KXMLBF3-26AUG091335ATLNYY-TIE,2026-08-09,823513,ATL @ NYY,KXMLBF3-26AUG091335ATLNYY-TIE,,inning_result,,F3,Tie,,,Tie,PAPER_SPREAD_LEDGER,,,exact_ticker,24.0,,,24.0,23.5,,,,,,,,,25.511,24.0,1.511,,MEDIUM,PAPER_ONLY_REAL_MONEY_BLOCKED,SUPPORTED,,PENDING,,,,,,,,,,,,F3,,"[""NOT_YET_ACTIVATED_NO_HISTORICAL_PAPER_SAMPLE""]","{""alternateLine"": null, ""rank"": 199}",CLEAN,[],PAPER,False,5.0,,,"[""NOT_YET_ACTIVATED_NO_HISTORICAL_PAPER_SAMPLE""]"
PAPER:2026-08-09:KXMLBF3-26AUG091335NYMPIT-NYM,2026-08-09,823345,NYM @ PIT,KXMLBF3-26AUG091335NYMPIT-NYM,,inning_result,,F3,Away,,,Away,PAPER_SPREAD_LEDGER,,,exact_ticker,32.0,,,32.0,31.0,,,,,,,,,37.569,32.0,5.569,,HIGH,PAPER_ONLY_REAL_MONEY_BLOCKED,SUPPORTED,,PENDING,,,,,,,,,,,,F3,,"[""NOT_YET_ACTIVATED_NO_HISTORICAL_PAPER_SAMPLE""]","{""alternateLine"": null, ""rank"": 113}",CLEAN,[],PAPER,False,5.0,,,"[""NOT_YET_ACTIVATED_NO_HISTORICAL_PAPER_SAMPLE""]"
PAPER:2026-08-09:KXMLBF3-26AUG091335NYMPIT-TIE,2026-08-09,823345,NYM @ PIT,KXMLBF3-26AUG091335NYMPIT-TIE,,inning_result,,F3,Tie,,,Tie,PAPER_SPREAD_LEDGER,,,exact_ticker,25.0,,,25.0,24.0,,,,,,,,,26.311,25.0,1.311,,PAPER,PAPER_ONLY_REAL_MONEY_BLOCKED,SUPPORTED,,PENDING,,,,,,,,,,,,F3,,"[""NOT_YET_ACTIVATED_NO_HISTORICAL_PAPER_SAMPLE""]","{""alternateLine"": null, ""rank"": 204}",CLEAN,[],PAPER,False,5.0,,,"[""NOT_YET_ACTIVATED_NO_HISTORICAL_PAPER_SAMPLE""]"
PAPER:2026-08-09:KXMLBF3-26AUG091335TORPHI-PHI,2026-08-09,823425,TOR @ PHI,KXMLBF3-26AUG091335TORPHI-PHI,,inning_result,,F3,Home,,,Home,PAPER_SPREAD_LEDGER,,,exact_ticker,51.0,,,51.0,50.0,,,,,,,,,63.0,51.0,12.0,,HIGH,PAPER_ONLY_REAL_MONEY_BLOCKED,SUPPORTED,,PENDING,,,,,,,,,,,,F3,,"[""NOT_YET_ACTIVATED_NO_HISTORICAL_PAPER_SAMPLE""]","{""alternateLine"": null, ""rank"": 28}",CLEAN,[],PAPER,False,5.0,,,"[""NOT_YET_ACTIVATED_NO_HISTORICAL_PAPER_SAMPLE""]"
PAPER:2026-08-09:KXMLBF3-26AUG091340LAAMIA-MIA,2026-08-09,823835,LAA @ MIA,KXMLBF3-26AUG091340LAAMIA-MIA,,inning_result,,F3,Home,,,Home,PAPER_SPREAD_LEDGER,,,exact_ticker,41.0,,,41.0,40.5,,,,,,,,,48.97,41.0,7.97,,HIGH,PAPER_ONLY_REAL_MONEY_BLOCKED,SUPPORTED,,PENDING,,,,,,,,,,,,F3,,"[""NOT_YET_ACTIVATED_NO_HISTORICAL_PAPER_SAMPLE""]","{""alternateLine"": null, ""rank"": 68}",CLEAN,[],PAPER,False,5.0,,,"[""NOT_YET_ACTIVATED_NO_HISTORICAL_PAPER_SAMPLE""]"
PAPER:2026-08-09:KXMLBF3-26AUG091340LAAMIA-TIE,2026-08-09,823835,LAA @ MIA,KXMLBF3-26AUG091340LAAMIA-TIE,,inning_result,,F3,Tie,,,Tie,PAPER_SPREAD_LEDGER,,,exact_ticker,24.0,,,24.0,23.0,,,,,,,,,25.133,24.0,1.133,,PAPER,PAPER_ONLY_REAL_MONEY_BLOCKED,SUPPORTED,,PENDING,,,,,,,,,,,,F3,,"[""NOT_YET_ACTIVATED_NO_HISTORICAL_PAPER_SAMPLE""]","{""alternateLine"": null, ""rank"": 208}",CLEAN,[],PAPER,False,5.0,,,"[""NOT_YET_ACTIVATED_NO_HISTORICAL_PAPER_SAMPLE""]"
PAPER:2026-08-09:KXMLBF3-26AUG091410CHCKC-TIE,2026-08-09,824078,CHC @ KC,KXMLBF3-26AUG091410CHCKC-TIE,,inning_result,,F3,Tie,,,Tie,PAPER_SPREAD_LEDGER,,,exact_ticker,20.0,,,20.0,19.0,,,,,,,,,25.775,20.0,5.775,,HIGH,PAPER_ONLY_REAL_MONEY_BLOCKED,SUPPORTED,,PENDING,,,,,,,,,,,,F3,,"[""NOT_YET_ACTIVATED_NO_HISTORICAL_PAPER_SAMPLE""]","{""alternateLine"": null, ""rank"": 107}",CLEAN,[],PAPER,False,5.0,,,"[""NOT_YET_ACTIVATED_NO_HISTORICAL_PAPER_SAMPLE""]"
PAPER:2026-08-09:KXMLBF3-26AUG091410CLECWS-CWS,2026-08-09,824564,CLE @ CWS,KXMLBF3-26AUG091410CLECWS-CWS,,inning_result,,F3,Home,,,Home,PAPER_SPREAD_LEDGER,,,exact_ticker,36.0,,,36.0,35.0,,,,,,,,,42.508,36.0,6.508,,HIGH,PAPER_ONLY_REAL_MONEY_BLOCKED,SUPPORTED,,PENDING,,,,,,,,,,,,F3,,"[""NOT_YET_ACTIVATED_NO_HISTORICAL_PAPER_SAMPLE""]","{""alternateLine"": null, ""rank"": 93}",CLEAN,[],PAPER,False,5.0,,,"[""NOT_YET_ACTIVATED_NO_HISTORICAL_PAPER_SAMPLE""]"
PAPER:2026-08-09:KXMLBF3-26AUG091410CLECWS-TIE,2026-08-09,824564,CLE @ CWS,KXMLBF3-26AUG091410CLECWS-TIE,,inning_result,,F3,Tie,,,Tie,PAPER_SPREAD_LEDGER,,,exact_ticker,24.0,,,24.0,23.5,,,,,,,,,26.856,24.0,2.856,,MEDIUM,PAPER_ONLY_REAL_MONEY_BLOCKED,SUPPORTED,,PENDING,,,,,,,,,,,,F3,,"[""NOT_YET_ACTIVATED_NO_HISTORICAL_PAPER_SAMPLE""]","{""alternateLine"": null, ""rank"": 173}",CLEAN,[],PAPER,False,5.0,,,"[""NOT_YET_ACTIVATED_NO_HISTORICAL_PAPER_SAMPLE""]"
PAPER:2026-08-09:KXMLBF3-26AUG091410MINMIL-MIN,2026-08-09,823751,MIN @ MIL,KXMLBF3-26AUG091410MINMIL-MIN,,inning_result,,F3,Away,,,Away,PAPER_SPREAD_LEDGER,,,exact_ticker,22.0,,,22.0,21.5,,,,,,,,,27.301,22.0,5.301,,HIGH,PAPER_ONLY_REAL_MONEY_BLOCKED,SUPPORTED,,PENDING,,,,,,,,,,,,F3,,"[""NOT_YET_ACTIVATED_NO_HISTORICAL_PAPER_SAMPLE""]","{""alternateLine"": null, ""rank"": 121}",CLEAN,[],PAPER,False,5.0,,,"[""NOT_YET_ACTIVATED_NO_HISTORICAL_PAPER_SAMPLE""]"
PAPER:2026-08-09:KXMLBF3-26AUG091410MINMIL-TIE,2026-08-09,823751,MIN @ MIL,KXMLBF3-26AUG091410MINMIL-TIE,,inning_result,,F3,Tie,,,Tie,PAPER_SPREAD_LEDGER,,,exact_ticker,27.0,,,27.0,26.0,,,,,,,,,28.976,27.0,1.976,,MEDIUM,PAPER_ONLY_REAL_MONEY_BLOCKED,SUPPORTED,,PENDING,,,,,,,,,,,,F3,,"[""NOT_YET_ACTIVATED_NO_HISTORICAL_PAPER_SAMPLE""]","{""alternateLine"": null, ""rank"": 188}",CLEAN,[],PAPER,False,5.0,,,"[""NOT_YET_ACTIVATED_NO_HISTORICAL_PAPER_SAMPLE""]"
PAPER:2026-08-09:KXMLBF3-26AUG091415COLSTL-COL,2026-08-09,823020,COL @ STL,KXMLBF3-26AUG091415COLSTL-COL,,inning_result,,F3,Away,,,Away,PAPER_SPREAD_LEDGER,,,exact_ticker,32.0,,,32.0,31.5,,,,,,,,,34.751,32.0,2.751,,MEDIUM,PAPER_ONLY_REAL_MONEY_BLOCKED,SUPPORTED,,PENDING,,,,,,,,,,,,F3,,"[""NOT_YET_ACTIVATED_NO_HISTORICAL_PAPER_SAMPLE""]","{""alternateLine"": null, ""rank"": 175}",CLEAN,[],PAPER,False,5.0,,,"[""NOT_YET_ACTIVATED_NO_HISTORICAL_PAPER_SAMPLE""]"
PAPER:2026-08-09:KXMLBF3-26AUG091415COLSTL-TIE,2026-08-09,823020,COL @ STL,KXMLBF3-26AUG091415COLSTL-TIE,,inning_result,,F3,Tie,,,Tie,PAPER_SPREAD_LEDGER,,,exact_ticker,22.0,,,22.0,21.0,,,,,,,,,23.608,22.0,1.608,,MEDIUM,PAPER_ONLY_REAL_MONEY_BLOCKED,SUPPORTED,,PENDING,,,,,,,,,,,,F3,,"[""NOT_YET_ACTIVATED_NO_HISTORICAL_PAPER_SAMPLE""]","{""alternateLine"": null, ""rank"": 196}",CLEAN,[],PAPER,False,5.0,,,"[""NOT_YET_ACTIVATED_NO_HISTORICAL_PAPER_SAMPLE""]"
PAPER:2026-08-09:KXMLBF3-26AUG091435BALTEX-TEX,2026-08-09,822862,BAL @ TEX,KXMLBF3-26AUG091435BALTEX-TEX,,inning_result,,F3,Home,,,Home,PAPER_SPREAD_LEDGER,,,exact_ticker,41.0,,,41.0,40.0,,,,,,,,,42.57,41.0,1.57,,MEDIUM,PAPER_ONLY_REAL_MONEY_BLOCKED,SUPPORTED,,PENDING,,,,,,,,,,,,F3,,"[""NOT_YET_ACTIVATED_NO_HISTORICAL_PAPER_SAMPLE""]","{""alternateLine"": null, ""rank"": 198}",CLEAN,[],PAPER,False,5.0,,,"[""NOT_YET_ACTIVATED_NO_HISTORICAL_PAPER_SAMPLE""]"
PAPER:2026-08-09:KXMLBF3-26AUG091435BALTEX-TIE,2026-08-09,822862,BAL @ TEX,KXMLBF3-26AUG091435BALTEX-TIE,,inning_result,,F3,Tie,,,Tie,PAPER_SPREAD_LEDGER,,,exact_ticker,24.0,,,24.0,23.0,,,,,,,,,25.966,24.0,1.966,,MEDIUM,PAPER_ONLY_REAL_MONEY_BLOCKED,SUPPORTED,,PENDING,,,,,,,,,,,,F3,,"[""NOT_YET_ACTIVATED_NO_HISTORICAL_PAPER_SAMPLE""]","{""alternateLine"": null, ""rank"": 189}",CLEAN,[],PAPER,False,5.0,,,"[""NOT_YET_ACTIVATED_NO_HISTORICAL_PAPER_SAMPLE""]"
PAPER:2026-08-09:KXMLBF3-26AUG091610LADAZ-AZ,2026-08-09,825050,LAD @ AZ,KXMLBF3-26AUG091610LADAZ-AZ,,inning_result,,F3,Home,,,Home,PAPER_SPREAD_LEDGER,,,exact_ticker,36.0,,,36.0,35.0,,,,,,,,,37.329,36.0,1.329,,PAPER,PAPER_ONLY_REAL_MONEY_BLOCKED,SUPPORTED,,PENDING,,,,,,,,,,,,F3,,"[""NOT_YET_ACTIVATED_NO_HISTORICAL_PAPER_SAMPLE""]","{""alternateLine"": null, ""rank"": 203}",CLEAN,[],PAPER,False,5.0,,,"[""NOT_YET_ACTIVATED_NO_HISTORICAL_PAPER_SAMPLE""]"
PAPER:2026-08-09:KXMLBF3-26AUG091610LADAZ-TIE,2026-08-09,825050,LAD @ AZ,KXMLBF3-26AUG091610LADAZ-TIE,,inning_result,,F3,Tie,,,Tie,PAPER_SPREAD_LEDGER,,,exact_ticker,22.0,,,22.0,21.5,,,,,,,,,26.325,22.0,4.325,,HIGH,PAPER_ONLY_REAL_MONEY_BLOCKED,SUPPORTED,,PENDING,,,,,,,,,,,,F3,,"[""NOT_YET_ACTIVATED_NO_HISTORICAL_PAPER_SAMPLE""]","{""alternateLine"": null, ""rank"": 139}",CLEAN,[],PAPER,False,5.0,,,"[""NOT_YET_ACTIVATED_NO_HISTORICAL_PAPER_SAMPLE""]"
PAPER:2026-08-09:KXMLBF3-26AUG091610TBSEA-TIE,2026-08-09,823104,TB @ SEA,KXMLBF3-26AUG091610TBSEA-TIE,,inning_result,,F3,Tie,,,Tie,PAPER_SPREAD_LEDGER,,,exact_ticker,25.0,,,25.0,24.5,,,,,,,,,28.148,25.0,3.148,,HIGH,PAPER_ONLY_REAL_MONEY_BLOCKED,SUPPORTED,,PENDING,,,,,,,,,,,,F3,,"[""NOT_YET_ACTIVATED_NO_HISTORICAL_PAPER_SAMPLE""]","{""alternateLine"": null, ""rank"": 167}",CLEAN,[],PAPER,False,5.0,,,"[""NOT_YET_ACTIVATED_NO_HISTORICAL_PAPER_SAMPLE""]"
PAPER:2026-08-09:KXMLBF5SPREAD-26AUG091335TORPHI-PHI2,2026-08-09,823425,TOR @ PHI,KXMLBF5SPREAD-26AUG091335TORPHI-PHI2,,winning_margin,,F5,PHI,1.5,,PHI,PAPER_SPREAD_LEDGER,,,exact_ticker,43.0,,,43.0,42.5,,,,,,,,,48.85,43.0,5.85,,HIGH,PAPER_ONLY_REAL_MONEY_BLOCKED,SUPPORTED,,PENDING,,,,,,,,,,,,F5,,"[""NOT_YET_ACTIVATED_NO_HISTORICAL_PAPER_SAMPLE""]","{""alternateLine"": false, ""rank"": 106}",CLEAN,[],PAPER,False,5.0,,,"[""NOT_YET_ACTIVATED_NO_HISTORICAL_PAPER_SAMPLE""]"
PAPER:2026-08-09:KXMLBF5SPREAD-26AUG091340LAAMIA-MIA2,2026-08-09,823835,LAA @ MIA,KXMLBF5SPREAD-26AUG091340LAAMIA-MIA2,,winning_margin,,F5,MIA,1.5,,MIA,PAPER_SPREAD_LEDGER,,,exact_ticker,34.0,,,34.0,33.0,,,,,,,,,36.031,34.0,2.031,,MEDIUM,PAPER_ONLY_REAL_MONEY_BLOCKED,SUPPORTED,,PENDING,,,,,,,,,,,,F5,,"[""NOT_YET_ACTIVATED_NO_HISTORICAL_PAPER_SAMPLE""]","{""alternateLine"": false, ""rank"": 186}",CLEAN,[],PAPER,False,5.0,,,"[""NOT_YET_ACTIVATED_NO_HISTORICAL_PAPER_SAMPLE""]"
PAPER:2026-08-09:KXMLBF5SPREAD-26AUG091410CLECWS-CWS2,2026-08-09,824564,CLE @ CWS,KXMLBF5SPREAD-26AUG091410CLECWS-CWS2,,winning_margin,,F5,CWS,1.5,,CWS,PAPER_SPREAD_LEDGER,,,exact_ticker,28.0,,,28.0,27.5,,,,,,,,,30.489,28.0,2.489,,MEDIUM,PAPER_ONLY_REAL_MONEY_BLOCKED,SUPPORTED,,PENDING,,,,,,,,,,,,F5,,"[""NOT_YET_ACTIVATED_NO_HISTORICAL_PAPER_SAMPLE""]","{""alternateLine"": false, ""rank"": 178}",CLEAN,[],PAPER,False,5.0,,,"[""NOT_YET_ACTIVATED_NO_HISTORICAL_PAPER_SAMPLE""]"
PAPER:2026-08-09:KXMLBF7-26AUG091335ATHBOS-TIE,2026-08-09,824724,ATH @ BOS,KXMLBF7-26AUG091335ATHBOS-TIE,,inning_result,,F7,Tie,,,Tie,PAPER_SPREAD_LEDGER,,,exact_ticker,11.0,,,11.0,10.0,,,,,,,,,16.29,11.0,5.29,,HIGH,PAPER_ONLY_REAL_MONEY_BLOCKED,SUPPORTED,,PENDING,,,,,,,,,,,,F7,,"[""NOT_YET_ACTIVATED_NO_HISTORICAL_PAPER_SAMPLE""]","{""alternateLine"": null, ""rank"": 122}",CLEAN,[],PAPER,False,5.0,,,"[""NOT_YET_ACTIVATED_NO_HISTORICAL_PAPER_SAMPLE""]"
PAPER:2026-08-09:KXMLBF7-26AUG091335ATLNYY-ATL,2026-08-09,823513,ATL @ NYY,KXMLBF7-26AUG091335ATLNYY-ATL,,inning_result,,F7,Away,,,Away,PAPER_SPREAD_LEDGER,,,exact_ticker,36.0,,,36.0,35.0,,,,,,,,,37.874,36.0,1.874,,MEDIUM,PAPER_ONLY_REAL_MONEY_BLOCKED,SUPPORTED,,PENDING,,,,,,,,,,,,F7,,"[""NOT_YET_ACTIVATED_NO_HISTORICAL_PAPER_SAMPLE""]","{""alternateLine"": null, ""rank"": 190}",CLEAN,[],PAPER,False,5.0,,,"[""NOT_YET_ACTIVATED_NO_HISTORICAL_PAPER_SAMPLE""]"
PAPER:2026-08-09:KXMLBF7-26AUG091335ATLNYY-TIE,2026-08-09,823513,ATL @ NYY,KXMLBF7-26AUG091335ATLNYY-TIE,,inning_result,,F7,Tie,,,Tie,PAPER_SPREAD_LEDGER,,,exact_ticker,12.0,,,12.0,10.5,,,,,,,,,20.837,12.0,8.837,,HIGH,PAPER_ONLY_REAL_MONEY_BLOCKED,SUPPORTED,,PENDING,,,,,,,,,,,,F7,,"[""NOT_YET_ACTIVATED_NO_HISTORICAL_PAPER_SAMPLE""]","{""alternateLine"": null, ""rank"": 54}",CLEAN,[],PAPER,False,5.0,,,"[""NOT_YET_ACTIVATED_NO_HISTORICAL_PAPER_SAMPLE""]"
PAPER:2026-08-09:KXMLBF7-26AUG091335NYMPIT-TIE,2026-08-09,823345,NYM @ PIT,KXMLBF7-26AUG091335NYMPIT-TIE,,inning_result,,F7,Tie,,,Tie,PAPER_SPREAD_LEDGER,,,exact_ticker,13.0,,,13.0,11.5,,,,,,,,,20.951,13.0,7.951,,HIGH,PAPER_ONLY_REAL_MONEY_BLOCKED,SUPPORTED,,PENDING,,,,,,,,,,,,F7,,"[""NOT_YET_ACTIVATED_NO_HISTORICAL_PAPER_SAMPLE""]","{""alternateLine"": null, ""rank"": 69}",CLEAN,[],PAPER,False,5.0,,,"[""NOT_YET_ACTIVATED_NO_HISTORICAL_PAPER_SAMPLE""]"
PAPER:2026-08-09:KXMLBF7-26AUG091335TORPHI-PHI,2026-08-09,823425,TOR @ PHI,KXMLBF7-26AUG091335TORPHI-PHI,,inning_result,,F7,Home,,,Home,PAPER_SPREAD_LEDGER,,,exact_ticker,61.0,,,61.0,60.5,,,,,,,,,63.221,61.0,2.221,,MEDIUM,PAPER_ONLY_REAL_MONEY_BLOCKED,SUPPORTED,,PENDING,,,,,,,,,,,,F7,,"[""NOT_YET_ACTIVATED_NO_HISTORICAL_PAPER_SAMPLE""]","{""alternateLine"": null, ""rank"": 184}",CLEAN,[],PAPER,False,5.0,,,"[""NOT_YET_ACTIVATED_NO_HISTORICAL_PAPER_SAMPLE""]"
PAPER:2026-08-09:KXMLBF7-26AUG091335TORPHI-TIE,2026-08-09,823425,TOR @ PHI,KXMLBF7-26AUG091335TORPHI-TIE,,inning_result,,F7,Tie,,,Tie,PAPER_SPREAD_LEDGER,,,exact_ticker,12.0,,,12.0,10.5,,,,,,,,,16.391,12.0,4.391,,HIGH,PAPER_ONLY_REAL_MONEY_BLOCKED,SUPPORTED,,PENDING,,,,,,,,,,,,F7,,"[""NOT_YET_ACTIVATED_NO_HISTORICAL_PAPER_SAMPLE""]","{""alternateLine"": null, ""rank"": 136}",CLEAN,[],PAPER,False,5.0,,,"[""NOT_YET_ACTIVATED_NO_HISTORICAL_PAPER_SAMPLE""]"
PAPER:2026-08-09:KXMLBF7-26AUG091340LAAMIA-MIA,2026-08-09,823835,LAA @ MIA,KXMLBF7-26AUG091340LAAMIA-MIA,,inning_result,,F7,Home,,,Home,PAPER_SPREAD_LEDGER,,,exact_ticker,50.0,,,50.0,49.5,,,,,,,,,58.215,50.0,8.215,,HIGH,PAPER_ONLY_REAL_MONEY_BLOCKED,SUPPORTED,,PENDING,,,,,,,,,,,,F7,,"[""NOT_YET_ACTIVATED_NO_HISTORICAL_PAPER_SAMPLE""]","{""alternateLine"": null, ""rank"": 64}",CLEAN,[],PAPER,False,5.0,,,"[""NOT_YET_ACTIVATED_NO_HISTORICAL_PAPER_SAMPLE""]"
PAPER:2026-08-09:KXMLBF7-26AUG091340LAAMIA-TIE,2026-08-09,823835,LAA @ MIA,KXMLBF7-26AUG091340LAAMIA-TIE,,inning_result,,F7,Tie,,,Tie,PAPER_SPREAD_LEDGER,,,exact_ticker,12.0,,,12.0,10.5,,,,,,,,,20.341,12.0,8.341,,HIGH,PAPER_ONLY_REAL_MONEY_BLOCKED,SUPPORTED,,PENDING,,,,,,,,,,,,F7,,"[""NOT_YET_ACTIVATED_NO_HISTORICAL_PAPER_SAMPLE""]","{""alternateLine"": null, ""rank"": 60}",CLEAN,[],PAPER,False,5.0,,,"[""NOT_YET_ACTIVATED_NO_HISTORICAL_PAPER_SAMPLE""]"
PAPER:2026-08-09:KXMLBF7-26AUG091410CHCKC-TIE,2026-08-09,824078,CHC @ KC,KXMLBF7-26AUG091410CHCKC-TIE,,inning_result,,F7,Tie,,,Tie,PAPER_SPREAD_LEDGER,,,exact_ticker,11.0,,,11.0,9.5,,,,,,,,,18.464,11.0,7.464,,HIGH,PAPER_ONLY_REAL_MONEY_BLOCKED,SUPPORTED,,PENDING,,,,,,,,,,,,F7,,"[""NOT_YET_ACTIVATED_NO_HISTORICAL_PAPER_SAMPLE""]","{""alternateLine"": null, ""rank"": 81}",CLEAN,[],PAPER,False,5.0,,,"[""NOT_YET_ACTIVATED_NO_HISTORICAL_PAPER_SAMPLE""]"
PAPER:2026-08-09:KXMLBF7-26AUG091410CLECWS-CWS,2026-08-09,824564,CLE @ CWS,KXMLBF7-26AUG091410CLECWS-CWS,,inning_result,,F7,Home,,,Home,PAPER_SPREAD_LEDGER,,,exact_ticker,41.0,,,41.0,40.0,,,,,,,,,57.202,41.0,16.202,,HIGH,PAPER_ONLY_REAL_MONEY_BLOCKED,SUPPORTED,,PENDING,,,,,,,,,,,,F7,,"[""NOT_YET_ACTIVATED_NO_HISTORICAL_PAPER_SAMPLE""]","{""alternateLine"": null, ""rank"": 16}",CLEAN,[],PAPER,False,5.0,,,"[""NOT_YET_ACTIVATED_NO_HISTORICAL_PAPER_SAMPLE""]"
PAPER:2026-08-09:KXMLBF7-26AUG091410CLECWS-TIE,2026-08-09,824564,CLE @ CWS,KXMLBF7-26AUG091410CLECWS-TIE,,inning_result,,F7,Tie,,,Tie,PAPER_SPREAD_LEDGER,,,exact_ticker,12.0,,,12.0,11.0,,,,,,,,,18.147,12.0,6.147,,HIGH,PAPER_ONLY_REAL_MONEY_BLOCKED,SUPPORTED,,PENDING,,,,,,,,,,,,F7,,"[""NOT_YET_ACTIVATED_NO_HISTORICAL_PAPER_SAMPLE""]","{""alternateLine"": null, ""rank"": 101}",CLEAN,[],PAPER,False,5.0,,,"[""NOT_YET_ACTIVATED_NO_HISTORICAL_PAPER_SAMPLE""]"
PAPER:2026-08-09:KXMLBF7-26AUG091410MINMIL-MIN,2026-08-09,823751,MIN @ MIL,KXMLBF7-26AUG091410MINMIL-MIN,,inning_result,,F7,Away,,,Away,PAPER_SPREAD_LEDGER,,,exact_ticker,24.0,,,24.0,23.5,,,,,,,,,42.417,24.0,18.417,,HIGH,PAPER_ONLY_REAL_MONEY_BLOCKED,SUPPORTED,,PENDING,,,,,,,,,,,,F7,,"[""NOT_YET_ACTIVATED_NO_HISTORICAL_PAPER_SAMPLE""]","{""alternateLine"": null, ""rank"": 11}",CLEAN,[],PAPER,False,5.0,,,"[""NOT_YET_ACTIVATED_NO_HISTORICAL_PAPER_SAMPLE""]"
PAPER:2026-08-09:KXMLBF7-26AUG091410MINMIL-TIE,2026-08-09,823751,MIN @ MIL,KXMLBF7-26AUG091410MINMIL-TIE,,inning_result,,F7,Tie,,,Tie,PAPER_SPREAD_LEDGER,,,exact_ticker,13.0,,,13.0,11.0,,,,,,,,,20.29,13.0,7.29,,HIGH,PAPER_ONLY_REAL_MONEY_BLOCKED,SUPPORTED,,PENDING,,,,,,,,,,,,F7,,"[""NOT_YET_ACTIVATED_NO_HISTORICAL_PAPER_SAMPLE""]","{""alternateLine"": null, ""rank"": 82}",CLEAN,[],PAPER,False,5.0,,,"[""NOT_YET_ACTIVATED_NO_HISTORICAL_PAPER_SAMPLE""]"
PAPER:2026-08-09:KXMLBF7-26AUG091415COLSTL-COL,2026-08-09,823020,COL @ STL,KXMLBF7-26AUG091415COLSTL-COL,,inning_result,,F7,Away,,,Away,PAPER_SPREAD_LEDGER,,,exact_ticker,36.0,,,36.0,35.5,,,,,,,,,44.506,36.0,8.506,,HIGH,PAPER_ONLY_REAL_MONEY_BLOCKED,SUPPORTED,,PENDING,,,,,,,,,,,,F7,,"[""NOT_YET_ACTIVATED_NO_HISTORICAL_PAPER_SAMPLE""]","{""alternateLine"": null, ""rank"": 59}",CLEAN,[],PAPER,False,5.0,,,"[""NOT_YET_ACTIVATED_NO_HISTORICAL_PAPER_SAMPLE""]"
PAPER:2026-08-09:KXMLBF7-26AUG091415COLSTL-TIE,2026-08-09,823020,COL @ STL,KXMLBF7-26AUG091415COLSTL-TIE,,inning_result,,F7,Tie,,,Tie,PAPER_SPREAD_LEDGER,,,exact_ticker,11.0,,,11.0,10.0,,,,,,,,,17.292,11.0,6.292,,HIGH,PAPER_ONLY_REAL_MONEY_BLOCKED,SUPPORTED,,PENDING,,,,,,,,,,,,F7,,"[""NOT_YET_ACTIVATED_NO_HISTORICAL_PAPER_SAMPLE""]","{""alternateLine"": null, ""rank"": 96}",CLEAN,[],PAPER,False,5.0,,,"[""NOT_YET_ACTIVATED_NO_HISTORICAL_PAPER_SAMPLE""]"
PAPER:2026-08-09:KXMLBF7-26AUG091435BALTEX-TIE,2026-08-09,822862,BAL @ TEX,KXMLBF7-26AUG091435BALTEX-TIE,,inning_result,,F7,Tie,,,Tie,PAPER_SPREAD_LEDGER,,,exact_ticker,12.0,,,12.0,11.0,,,,,,,,,19.873,12.0,7.873,,HIGH,PAPER_ONLY_REAL_MONEY_BLOCKED,SUPPORTED,,PENDING,,,,,,,,,,,,F7,,"[""NOT_YET_ACTIVATED_NO_HISTORICAL_PAPER_SAMPLE""]","{""alternateLine"": null, ""rank"": 73}",CLEAN,[],PAPER,False,5.0,,,"[""NOT_YET_ACTIVATED_NO_HISTORICAL_PAPER_SAMPLE""]"
PAPER:2026-08-09:KXMLBF7-26AUG091605DETSF-DET,2026-08-09,823190,DET @ SF,KXMLBF7-26AUG091605DETSF-DET,,inning_result,,F7,Away,,,Away,PAPER_SPREAD_LEDGER,,,exact_ticker,46.0,,,46.0,45.0,,,,,,,,,48.418,46.0,2.418,,MEDIUM,PAPER_ONLY_REAL_MONEY_BLOCKED,SUPPORTED,,PENDING,,,,,,,,,,,,F7,,"[""NOT_YET_ACTIVATED_NO_HISTORICAL_PAPER_SAMPLE""]","{""alternateLine"": null, ""rank"": 179}",CLEAN,[],PAPER,False,5.0,,,"[""NOT_YET_ACTIVATED_NO_HISTORICAL_PAPER_SAMPLE""]"
PAPER:2026-08-09:KXMLBF7-26AUG091605DETSF-TIE,2026-08-09,823190,DET @ SF,KXMLBF7-26AUG091605DETSF-TIE,,inning_result,,F7,Tie,,,Tie,PAPER_SPREAD_LEDGER,,,exact_ticker,12.0,,,12.0,11.5,,,,,,,,,17.703,12.0,5.703,,HIGH,PAPER_ONLY_REAL_MONEY_BLOCKED,SUPPORTED,,PENDING,,,,,,,,,,,,F7,,"[""NOT_YET_ACTIVATED_NO_HISTORICAL_PAPER_SAMPLE""]","{""alternateLine"": null, ""rank"": 108}",CLEAN,[],PAPER,False,5.0,,,"[""NOT_YET_ACTIVATED_NO_HISTORICAL_PAPER_SAMPLE""]"
PAPER:2026-08-09:KXMLBF7-26AUG091610LADAZ-AZ,2026-08-09,825050,LAD @ AZ,KXMLBF7-26AUG091610LADAZ-AZ,,inning_result,,F7,Home,,,Home,PAPER_SPREAD_LEDGER,,,exact_ticker,39.0,,,39.0,37.5,,,,,,,,,44.288,39.0,5.288,,HIGH,PAPER_ONLY_REAL_MONEY_BLOCKED,SUPPORTED,,PENDING,,,,,,,,,,,,F7,,"[""NOT_YET_ACTIVATED_NO_HISTORICAL_PAPER_SAMPLE""]","{""alternateLine"": null, ""rank"": 123}",CLEAN,[],PAPER,False,5.0,,,"[""NOT_YET_ACTIVATED_NO_HISTORICAL_PAPER_SAMPLE""]"
PAPER:2026-08-09:KXMLBF7-26AUG091610LADAZ-TIE,2026-08-09,825050,LAD @ AZ,KXMLBF7-26AUG091610LADAZ-TIE,,inning_result,,F7,Tie,,,Tie,PAPER_SPREAD_LEDGER,,,exact_ticker,12.0,,,12.0,11.5,,,,,,,,,18.094,12.0,6.094,,HIGH,PAPER_ONLY_REAL_MONEY_BLOCKED,SUPPORTED,,PENDING,,,,,,,,,,,,F7,,"[""NOT_YET_ACTIVATED_NO_HISTORICAL_PAPER_SAMPLE""]","{""alternateLine"": null, ""rank"": 102}",CLEAN,[],PAPER,False,5.0,,,"[""NOT_YET_ACTIVATED_NO_HISTORICAL_PAPER_SAMPLE""]"
PAPER:2026-08-09:KXMLBF7-26AUG091610TBSEA-TB,2026-08-09,823104,TB @ SEA,KXMLBF7-26AUG091610TBSEA-TB,,inning_result,,F7,Away,,,Away,PAPER_SPREAD_LEDGER,,,exact_ticker,43.0,,,43.0,42.0,,,,,,,,,47.732,43.0,4.732,,HIGH,PAPER_ONLY_REAL_MONEY_BLOCKED,SUPPORTED,,PENDING,,,,,,,,,,,,F7,,"[""NOT_YET_ACTIVATED_NO_HISTORICAL_PAPER_SAMPLE""]","{""alternateLine"": null, ""rank"": 131}",CLEAN,[],PAPER,False,5.0,,,"[""NOT_YET_ACTIVATED_NO_HISTORICAL_PAPER_SAMPLE""]"
PAPER:2026-08-09:KXMLBF7-26AUG091610TBSEA-TIE,2026-08-09,823104,TB @ SEA,KXMLBF7-26AUG091610TBSEA-TIE,,inning_result,,F7,Tie,,,Tie,PAPER_SPREAD_LEDGER,,,exact_ticker,13.0,,,13.0,12.0,,,,,,,,,21.231,13.0,8.231,,HIGH,PAPER_ONLY_REAL_MONEY_BLOCKED,SUPPORTED,,PENDING,,,,,,,,,,,,F7,,"[""NOT_YET_ACTIVATED_NO_HISTORICAL_PAPER_SAMPLE""]","{""alternateLine"": null, ""rank"": 63}",CLEAN,[],PAPER,False,5.0,,,"[""NOT_YET_ACTIVATED_NO_HISTORICAL_PAPER_SAMPLE""]"
PAPER:2026-08-09:KXMLBSPREAD-26AUG091335ATHBOS-BOS2,2026-08-09,824724,ATH @ BOS,KXMLBSPREAD-26AUG091335ATHBOS-BOS2,,winning_margin,,full_game,BOS,1.5,,BOS,PAPER_SPREAD_LEDGER,,,exact_ticker,52.0,,,52.0,51.5,,,,,,,,,62.478,52.0,10.478,,HIGH,PAPER_ONLY_REAL_MONEY_BLOCKED,SUPPORTED,,PENDING,,,,,,,,,,,,full_game,,"[""RULE_81""]","{""alternateLine"": false, ""rank"": 38}",CLEAN,[],PAPER,False,5.0,,,"[""RULE_81""]"
PAPER:2026-08-09:KXMLBSPREAD-26AUG091335ATHBOS-BOS3,2026-08-09,824724,ATH @ BOS,KXMLBSPREAD-26AUG091335ATHBOS-BOS3,,winning_margin,,full_game,BOS,2.5,,BOS,PAPER_SPREAD_LEDGER,,,exact_ticker,41.0,,,41.0,40.5,,,,,,,,,48.613,41.0,7.613,,HIGH,PAPER_ONLY_REAL_MONEY_BLOCKED,SUPPORTED,,PENDING,,,,,,,,,,,,full_game,,"[""RULE_81""]","{""alternateLine"": true, ""rank"": 74}",CLEAN,[],PAPER,False,5.0,,,"[""RULE_81""]"
PAPER:2026-08-09:KXMLBSPREAD-26AUG091335ATHBOS-BOS4,2026-08-09,824724,ATH @ BOS,KXMLBSPREAD-26AUG091335ATHBOS-BOS4,,winning_margin,,full_game,BOS,3.5,,BOS,PAPER_SPREAD_LEDGER,,,exact_ticker,32.0,,,32.0,31.5,,,,,,,,,35.096,32.0,3.096,,HIGH,PAPER_ONLY_REAL_MONEY_BLOCKED,SUPPORTED,,PENDING,,,,,,,,,,,,full_game,,"[""RULE_81""]","{""alternateLine"": true, ""rank"": 168}",CLEAN,[],PAPER,False,5.0,,,"[""RULE_81""]"
PAPER:2026-08-09:KXMLBSPREAD-26AUG091335ATLNYY-NYY2,2026-08-09,823513,ATL @ NYY,KXMLBSPREAD-26AUG091335ATLNYY-NYY2,,winning_margin,,full_game,NYY,1.5,,NYY,PAPER_SPREAD_LEDGER,,,exact_ticker,40.0,,,40.0,39.5,,,,,,,,,43.433,40.0,3.433,,HIGH,PAPER_ONLY_REAL_MONEY_BLOCKED,SUPPORTED,,PENDING,,,,,,,,,,,,full_game,,"[""RULE_81""]","{""alternateLine"": false, ""rank"": 161}",CLEAN,[],PAPER,False,5.0,,,"[""RULE_81""]"
PAPER:2026-08-09:KXMLBSPREAD-26AUG091335TORPHI-PHI2,2026-08-09,823425,TOR @ PHI,KXMLBSPREAD-26AUG091335TORPHI-PHI2,,winning_margin,,full_game,PHI,1.5,,PHI,PAPER_SPREAD_LEDGER,,,exact_ticker,52.0,,,52.0,51.5,,,,,,,,,59.904,52.0,7.904,,HIGH,PAPER_ONLY_REAL_MONEY_BLOCKED,SUPPORTED,,PENDING,,,,,,,,,,,,full_game,,"[""RULE_81""]","{""alternateLine"": false, ""rank"": 72}",CLEAN,[],PAPER,False,5.0,,,"[""RULE_81""]"
PAPER:2026-08-09:KXMLBSPREAD-26AUG091335TORPHI-PHI3,2026-08-09,823425,TOR @ PHI,KXMLBSPREAD-26AUG091335TORPHI-PHI3,,winning_margin,,full_game,PHI,2.5,,PHI,PAPER_SPREAD_LEDGER,,,exact_ticker,38.0,,,38.0,37.5,,,,,,,,,45.938,38.0,7.938,,HIGH,PAPER_ONLY_REAL_MONEY_BLOCKED,SUPPORTED,,PENDING,,,,,,,,,,,,full_game,,"[""RULE_81""]","{""alternateLine"": true, ""rank"": 70}",CLEAN,[],PAPER,False,5.0,,,"[""RULE_81""]"
PAPER:2026-08-09:KXMLBSPREAD-26AUG091335TORPHI-PHI4,2026-08-09,823425,TOR @ PHI,KXMLBSPREAD-26AUG091335TORPHI-PHI4,,winning_margin,,full_game,PHI,3.5,,PHI,PAPER_SPREAD_LEDGER,,,exact_ticker,29.0,,,29.0,28.5,,,,,,,,,32.633,29.0,3.633,,HIGH,PAPER_ONLY_REAL_MONEY_BLOCKED,SUPPORTED,,PENDING,,,,,,,,,,,,full_game,,"[""RULE_81""]","{""alternateLine"": true, ""rank"": 157}",CLEAN,[],PAPER,False,5.0,,,"[""RULE_81""]"
PAPER:2026-08-09:KXMLBSPREAD-26AUG091340LAAMIA-MIA2,2026-08-09,823835,LAA @ MIA,KXMLBSPREAD-26AUG091340LAAMIA-MIA2,,winning_margin,,full_game,MIA,1.5,,MIA,PAPER_SPREAD_LEDGER,,,exact_ticker,40.0,,,40.0,39.5,,,,,,,,,44.204,40.0,4.204,,HIGH,PAPER_ONLY_REAL_MONEY_BLOCKED,SUPPORTED,,PENDING,,,,,,,,,,,,full_game,,"[""RULE_81""]","{""alternateLine"": false, ""rank"": 143}",CLEAN,[],PAPER,False,5.0,,,"[""RULE_81""]"
PAPER:2026-08-09:KXMLBSPREAD-26AUG091410CLECWS-CWS2,2026-08-09,824564,CLE @ CWS,KXMLBSPREAD-26AUG091410CLECWS-CWS2,,winning_margin,,full_game,CWS,1.5,,CWS,PAPER_SPREAD_LEDGER,,,exact_ticker,30.0,,,30.0,29.5,,,,,,,,,31.237,30.0,1.237,,PAPER,PAPER_ONLY_REAL_MONEY_BLOCKED,SUPPORTED,,PENDING,,,,,,,,,,,,full_game,,"[""RULE_81""]","{""alternateLine"": false, ""rank"": 206}",CLEAN,[],PAPER,False,5.0,,,"[""RULE_81""]"
PAPER:2026-08-09:KXMLBSPREAD-26AUG091610LADAZ-AZ2,2026-08-09,825050,LAD @ AZ,KXMLBSPREAD-26AUG091610LADAZ-AZ2,,winning_margin,,full_game,AZ,1.5,,AZ,PAPER_SPREAD_LEDGER,,,exact_ticker,28.0,,,28.0,27.5,,,,,,,,,30.877,28.0,2.877,,MEDIUM,PAPER_ONLY_REAL_MONEY_BLOCKED,SUPPORTED,,PENDING,,,,,,,,,,,,full_game,,"[""RULE_81""]","{""alternateLine"": false, ""rank"": 172}",CLEAN,[],PAPER,False,5.0,,,"[""RULE_81""]"
PAPER:2026-08-10:KXMLBF3-26AUG101907BOSTOR-BOS,2026-08-10,822780,BOS @ TOR,KXMLBF3-26AUG101907BOSTOR-BOS,,inning_result,,F3,Away,,,Away,PAPER_SPREAD_LEDGER,,,exact_ticker,44.0,,,44.0,43.5,,,,,,,,,61.055,44.0,17.055,,HIGH,PAPER_ONLY_REAL_MONEY_BLOCKED,SUPPORTED,,PENDING,,,,,,,,,,,,F3,,"[""NOT_YET_ACTIVATED_NO_HISTORICAL_PAPER_SAMPLE""]","{""alternateLine"": null, ""rank"": 15}",CLEAN,[],PAPER,False,5.0,,,"[""NOT_YET_ACTIVATED_NO_HISTORICAL_PAPER_SAMPLE""]"
PAPER:2026-08-10:KXMLBF3-26AUG101915NYMATL-NYM,2026-08-10,824887,NYM @ ATL,KXMLBF3-26AUG101915NYMATL-NYM,,inning_result,,F3,Away,,,Away,PAPER_SPREAD_LEDGER,,,exact_ticker,35.0,,,35.0,34.5,,,,,,,,,50.732,35.0,15.732,,HIGH,PAPER_ONLY_REAL_MONEY_BLOCKED,SUPPORTED,,PENDING,,,,,,,,,,,,F3,,"[""NOT_YET_ACTIVATED_NO_HISTORICAL_PAPER_SAMPLE""]","{""alternateLine"": null, ""rank"": 20}",CLEAN,[],PAPER,False,5.0,,,"[""NOT_YET_ACTIVATED_NO_HISTORICAL_PAPER_SAMPLE""]"
PAPER:2026-08-10:KXMLBF3-26AUG101940BALMIN-BAL,2026-08-10,823675,BAL @ MIN,KXMLBF3-26AUG101940BALMIN-BAL,,inning_result,,F3,Away,,,Away,PAPER_SPREAD_LEDGER,,,exact_ticker,39.0,,,39.0,38.5,,,,,,,,,51.908,39.0,12.908,,HIGH,PAPER_ONLY_REAL_MONEY_BLOCKED,SUPPORTED,,PENDING,,,,,,,,,,,,F3,,"[""NOT_YET_ACTIVATED_NO_HISTORICAL_PAPER_SAMPLE""]","{""alternateLine"": null, ""rank"": 33}",CLEAN,[],PAPER,False,5.0,,,"[""NOT_YET_ACTIVATED_NO_HISTORICAL_PAPER_SAMPLE""]"
PAPER:2026-08-10:KXMLBF3-26AUG101945PHISTL-STL,2026-08-10,823018,PHI @ STL,KXMLBF3-26AUG101945PHISTL-STL,,inning_result,,F3,Home,,,Home,PAPER_SPREAD_LEDGER,,,exact_ticker,38.0,,,38.0,37.5,,,,,,,,,42.828,38.0,4.828,,HIGH,PAPER_ONLY_REAL_MONEY_BLOCKED,SUPPORTED,,PENDING,,,,,,,,,,,,F3,,"[""NOT_YET_ACTIVATED_NO_HISTORICAL_PAPER_SAMPLE""]","{""alternateLine"": null, ""rank"": 115}",CLEAN,[],PAPER,False,5.0,,,"[""NOT_YET_ACTIVATED_NO_HISTORICAL_PAPER_SAMPLE""]"
PAPER:2026-08-10:KXMLBF3-26AUG101945PHISTL-TIE,2026-08-10,823018,PHI @ STL,KXMLBF3-26AUG101945PHISTL-TIE,,inning_result,,F3,Tie,,,Tie,PAPER_SPREAD_LEDGER,,,exact_ticker,21.0,,,21.0,20.5,,,,,,,,,22.936,21.0,1.936,,MEDIUM,PAPER_ONLY_REAL_MONEY_BLOCKED,SUPPORTED,,PENDING,,,,,,,,,,,,F3,,"[""NOT_YET_ACTIVATED_NO_HISTORICAL_PAPER_SAMPLE""]","{""alternateLine"": null, ""rank"": 162}",CLEAN,[],PAPER,False,5.0,,,"[""NOT_YET_ACTIVATED_NO_HISTORICAL_PAPER_SAMPLE""]"
PAPER:2026-08-10:KXMLBF3-26AUG102138TEXLAA-TIE,2026-08-10,823998,TEX @ LAA,KXMLBF3-26AUG102138TEXLAA-TIE,,inning_result,,F3,Tie,,,Tie,PAPER_SPREAD_LEDGER,,,exact_ticker,25.0,,,25.0,24.5,,,,,,,,,29.576,25.0,4.576,,HIGH,PAPER_ONLY_REAL_MONEY_BLOCKED,SUPPORTED,,PENDING,,,,,,,,,,,,F3,,"[""NOT_YET_ACTIVATED_NO_HISTORICAL_PAPER_SAMPLE""]","{""alternateLine"": null, ""rank"": 118}",CLEAN,[],PAPER,False,5.0,,,"[""NOT_YET_ACTIVATED_NO_HISTORICAL_PAPER_SAMPLE""]"
PAPER:2026-08-10:KXMLBF3-26AUG102140COLAZ-COL,2026-08-10,825048,COL @ AZ,KXMLBF3-26AUG102140COLAZ-COL,,inning_result,,F3,Away,,,Away,PAPER_SPREAD_LEDGER,,,exact_ticker,31.0,,,31.0,30.5,,,,,,,,,35.125,31.0,4.125,,HIGH,PAPER_ONLY_REAL_MONEY_BLOCKED,SUPPORTED,,PENDING,,,,,,,,,,,,F3,,"[""NOT_YET_ACTIVATED_NO_HISTORICAL_PAPER_SAMPLE""]","{""alternateLine"": null, ""rank"": 126}",CLEAN,[],PAPER,False,5.0,,,"[""NOT_YET_ACTIVATED_NO_HISTORICAL_PAPER_SAMPLE""]"
PAPER:2026-08-10:KXMLBF3-26AUG102140COLAZ-TIE,2026-08-10,825048,COL @ AZ,KXMLBF3-26AUG102140COLAZ-TIE,,inning_result,,F3,Tie,,,Tie,PAPER_SPREAD_LEDGER,,,exact_ticker,23.0,,,23.0,22.0,,,,,,,,,31.725,23.0,8.725,,HIGH,PAPER_ONLY_REAL_MONEY_BLOCKED,SUPPORTED,,PENDING,,,,,,,,,,,,F3,,"[""NOT_YET_ACTIVATED_NO_HISTORICAL_PAPER_SAMPLE""]","{""alternateLine"": null, ""rank"": 64}",CLEAN,[],PAPER,False,5.0,,,"[""NOT_YET_ACTIVATED_NO_HISTORICAL_PAPER_SAMPLE""]"
PAPER:2026-08-10:KXMLBF3-26AUG102140MILSD-SD,2026-08-10,823265,MIL @ SD,KXMLBF3-26AUG102140MILSD-SD,,inning_result,,F3,Home,,,Home,PAPER_SPREAD_LEDGER,,,exact_ticker,34.0,,,34.0,33.0,,,,,,,,,36.736,34.0,2.736,,MEDIUM,PAPER_ONLY_REAL_MONEY_BLOCKED,SUPPORTED,,PENDING,,,,,,,,,,,,F3,,"[""NOT_YET_ACTIVATED_NO_HISTORICAL_PAPER_SAMPLE""]","{""alternateLine"": null, ""rank"": 148}",CLEAN,[],PAPER,False,5.0,,,"[""NOT_YET_ACTIVATED_NO_HISTORICAL_PAPER_SAMPLE""]"
PAPER:2026-08-10:KXMLBF3-26AUG102140MILSD-TIE,2026-08-10,823265,MIL @ SD,KXMLBF3-26AUG102140MILSD-TIE,,inning_result,,F3,Tie,,,Tie,PAPER_SPREAD_LEDGER,,,exact_ticker,29.0,,,29.0,28.0,,,,,,,,,31.056,29.0,2.056,,MEDIUM,PAPER_ONLY_REAL_MONEY_BLOCKED,SUPPORTED,,PENDING,,,,,,,,,,,,F3,,"[""NOT_YET_ACTIVATED_NO_HISTORICAL_PAPER_SAMPLE""]","{""alternateLine"": null, ""rank"": 157}",CLEAN,[],PAPER,False,5.0,,,"[""NOT_YET_ACTIVATED_NO_HISTORICAL_PAPER_SAMPLE""]"
PAPER:2026-08-10:KXMLBF3-26AUG102140TBATH-TB,2026-08-10,824969,TB @ ATH,KXMLBF3-26AUG102140TBATH-TB,,inning_result,,F3,Away,,,Away,PAPER_SPREAD_LEDGER,,,exact_ticker,43.0,,,43.0,42.5,,,,,,,,,46.142,43.0,3.142,,HIGH,PAPER_ONLY_REAL_MONEY_BLOCKED,SUPPORTED,,PENDING,,,,,,,,,,,,F3,,"[""NOT_YET_ACTIVATED_NO_HISTORICAL_PAPER_SAMPLE""]","{""alternateLine"": null, ""rank"": 143}",CLEAN,[],PAPER,False,5.0,,,"[""NOT_YET_ACTIVATED_NO_HISTORICAL_PAPER_SAMPLE""]"
PAPER:2026-08-10:KXMLBF3-26AUG102140TBATH-TIE,2026-08-10,824969,TB @ ATH,KXMLBF3-26AUG102140TBATH-TIE,,inning_result,,F3,Tie,,,Tie,PAPER_SPREAD_LEDGER,,,exact_ticker,22.0,,,22.0,21.5,,,,,,,,,23.195,22.0,1.195,,PAPER,PAPER_ONLY_REAL_MONEY_BLOCKED,SUPPORTED,,PENDING,,,,,,,,,,,,F3,,"[""NOT_YET_ACTIVATED_NO_HISTORICAL_PAPER_SAMPLE""]","{""alternateLine"": null, ""rank"": 178}",CLEAN,[],PAPER,False,5.0,,,"[""NOT_YET_ACTIVATED_NO_HISTORICAL_PAPER_SAMPLE""]"
PAPER:2026-08-10:KXMLBF3-26AUG102145HOUSF-TIE,2026-08-10,823189,HOU @ SF,KXMLBF3-26AUG102145HOUSF-TIE,,inning_result,,F3,Tie,,,Tie,PAPER_SPREAD_LEDGER,,,exact_ticker,22.0,,,22.0,21.5,,,,,,,,,32.221,22.0,10.221,,HIGH,PAPER_ONLY_REAL_MONEY_BLOCKED,SUPPORTED,,PENDING,,,,,,,,,,,,F3,,"[""NOT_YET_ACTIVATED_NO_HISTORICAL_PAPER_SAMPLE""]","{""alternateLine"": null, ""rank"": 50}",CLEAN,[],PAPER,False,5.0,,,"[""NOT_YET_ACTIVATED_NO_HISTORICAL_PAPER_SAMPLE""]"
PAPER:2026-08-10:KXMLBF3-26AUG102210KCLAD-KC,2026-08-10,823918,KC @ LAD,KXMLBF3-26AUG102210KCLAD-KC,,inning_result,,F3,Away,,,Away,PAPER_SPREAD_LEDGER,,,exact_ticker,25.0,,,25.0,24.5,,,,,,,,,27.616,25.0,2.616,,MEDIUM,PAPER_ONLY_REAL_MONEY_BLOCKED,SUPPORTED,,PENDING,,,,,,,,,,,,F3,,"[""NOT_YET_ACTIVATED_NO_HISTORICAL_PAPER_SAMPLE""]","{""alternateLine"": null, ""rank"": 153}",CLEAN,[],PAPER,False,5.0,,,"[""NOT_YET_ACTIVATED_NO_HISTORICAL_PAPER_SAMPLE""]"
PAPER:2026-08-10:KXMLBF3-26AUG102210KCLAD-TIE,2026-08-10,823918,KC @ LAD,KXMLBF3-26AUG102210KCLAD-TIE,,inning_result,,F3,Tie,,,Tie,PAPER_SPREAD_LEDGER,,,exact_ticker,26.0,,,26.0,25.5,,,,,,,,,29.835,26.0,3.835,,HIGH,PAPER_ONLY_REAL_MONEY_BLOCKED,SUPPORTED,,PENDING,,,,,,,,,,,,F3,,"[""NOT_YET_ACTIVATED_NO_HISTORICAL_PAPER_SAMPLE""]","{""alternateLine"": null, ""rank"": 132}",CLEAN,[],PAPER,False,5.0,,,"[""NOT_YET_ACTIVATED_NO_HISTORICAL_PAPER_SAMPLE""]"
PAPER:2026-08-10:KXMLBF5SPREAD-26AUG101907BOSTOR-BOS2,2026-08-10,822780,BOS @ TOR,KXMLBF5SPREAD-26AUG101907BOSTOR-BOS2,,winning_margin,,F5,BOS,1.5,,BOS,PAPER_SPREAD_LEDGER,,,exact_ticker,37.0,,,37.0,36.5,,,,,,,,,51.893,37.0,14.893,,HIGH,PAPER_ONLY_REAL_MONEY_BLOCKED,SUPPORTED,,PENDING,,,,,,,,,,,,F5,,"[""NOT_YET_ACTIVATED_NO_HISTORICAL_PAPER_SAMPLE""]","{""alternateLine"": false, ""rank"": 22}",CLEAN,[],PAPER,False,5.0,,,"[""NOT_YET_ACTIVATED_NO_HISTORICAL_PAPER_SAMPLE""]"
PAPER:2026-08-10:KXMLBF5SPREAD-26AUG101907BOSTOR-BOS3,2026-08-10,822780,BOS @ TOR,KXMLBF5SPREAD-26AUG101907BOSTOR-BOS3,,winning_margin,,F5,BOS,2.5,,BOS,PAPER_SPREAD_LEDGER,,,exact_ticker,23.0,,,23.0,22.5,,,,,,,,,34.643,23.0,11.643,,HIGH,PAPER_ONLY_REAL_MONEY_BLOCKED,SUPPORTED,,PENDING,,,,,,,,,,,,F5,,"[""NOT_YET_ACTIVATED_NO_HISTORICAL_PAPER_SAMPLE""]","{""alternateLine"": true, ""rank"": 41}",CLEAN,[],PAPER,False,5.0,,,"[""NOT_YET_ACTIVATED_NO_HISTORICAL_PAPER_SAMPLE""]"
PAPER:2026-08-10:KXMLBF5SPREAD-26AUG101915NYMATL-NYM2,2026-08-10,824887,NYM @ ATL,KXMLBF5SPREAD-26AUG101915NYMATL-NYM2,,winning_margin,,F5,NYM,1.5,,NYM,PAPER_SPREAD_LEDGER,,,exact_ticker,28.0,,,28.0,27.5,,,,,,,,,41.62,28.0,13.62,,HIGH,PAPER_ONLY_REAL_MONEY_BLOCKED,SUPPORTED,,PENDING,,,,,,,,,,,,F5,,"[""NOT_YET_ACTIVATED_NO_HISTORICAL_PAPER_SAMPLE""]","{""alternateLine"": false, ""rank"": 31}",CLEAN,[],PAPER,False,5.0,,,"[""NOT_YET_ACTIVATED_NO_HISTORICAL_PAPER_SAMPLE""]"
PAPER:2026-08-10:KXMLBF5SPREAD-26AUG101915NYMATL-NYM3,2026-08-10,824887,NYM @ ATL,KXMLBF5SPREAD-26AUG101915NYMATL-NYM3,,winning_margin,,F5,NYM,2.5,,NYM,PAPER_SPREAD_LEDGER,,,exact_ticker,17.0,,,17.0,16.5,,,,,,,,,24.223,17.0,7.223,,HIGH,PAPER_ONLY_REAL_MONEY_BLOCKED,SUPPORTED,,PENDING,,,,,,,,,,,,F5,,"[""NOT_YET_ACTIVATED_NO_HISTORICAL_PAPER_SAMPLE""]","{""alternateLine"": true, ""rank"": 78}",CLEAN,[],PAPER,False,5.0,,,"[""NOT_YET_ACTIVATED_NO_HISTORICAL_PAPER_SAMPLE""]"
PAPER:2026-08-10:KXMLBF5SPREAD-26AUG101940BALMIN-BAL2,2026-08-10,823675,BAL @ MIN,KXMLBF5SPREAD-26AUG101940BALMIN-BAL2,,winning_margin,,F5,BAL,1.5,,BAL,PAPER_SPREAD_LEDGER,,,exact_ticker,32.0,,,32.0,31.5,,,,,,,,,40.543,32.0,8.543,,HIGH,PAPER_ONLY_REAL_MONEY_BLOCKED,SUPPORTED,,PENDING,,,,,,,,,,,,F5,,"[""NOT_YET_ACTIVATED_NO_HISTORICAL_PAPER_SAMPLE""]","{""alternateLine"": false, ""rank"": 67}",CLEAN,[],PAPER,False,5.0,,,"[""NOT_YET_ACTIVATED_NO_HISTORICAL_PAPER_SAMPLE""]"
PAPER:2026-08-10:KXMLBF5SPREAD-26AUG101940BALMIN-BAL3,2026-08-10,823675,BAL @ MIN,KXMLBF5SPREAD-26AUG101940BALMIN-BAL3,,winning_margin,,F5,BAL,2.5,,BAL,PAPER_SPREAD_LEDGER,,,exact_ticker,20.0,,,20.0,19.5,,,,,,,,,24.1,20.0,4.1,,HIGH,PAPER_ONLY_REAL_MONEY_BLOCKED,SUPPORTED,,PENDING,,,,,,,,,,,,F5,,"[""NOT_YET_ACTIVATED_NO_HISTORICAL_PAPER_SAMPLE""]","{""alternateLine"": true, ""rank"": 127}",CLEAN,[],PAPER,False,5.0,,,"[""NOT_YET_ACTIVATED_NO_HISTORICAL_PAPER_SAMPLE""]"
PAPER:2026-08-10:KXMLBF7-26AUG101907BOSTOR-BOS,2026-08-10,822780,BOS @ TOR,KXMLBF7-26AUG101907BOSTOR-BOS,,inning_result,,F7,Away,,,Away,PAPER_SPREAD_LEDGER,,,exact_ticker,54.0,,,54.0,53.0,,,,,,,,,59.052,54.0,5.052,,HIGH,PAPER_ONLY_REAL_MONEY_BLOCKED,SUPPORTED,,PENDING,,,,,,,,,,,,F7,,"[""NOT_YET_ACTIVATED_NO_HISTORICAL_PAPER_SAMPLE""]","{""alternateLine"": null, ""rank"": 108}",CLEAN,[],PAPER,False,5.0,,,"[""NOT_YET_ACTIVATED_NO_HISTORICAL_PAPER_SAMPLE""]"
PAPER:2026-08-10:KXMLBF7-26AUG101907BOSTOR-TIE,2026-08-10,822780,BOS @ TOR,KXMLBF7-26AUG101907BOSTOR-TIE,,inning_result,,F7,Tie,,,Tie,PAPER_SPREAD_LEDGER,,,exact_ticker,12.0,,,12.0,11.0,,,,,,,,,15.371,12.0,3.371,,HIGH,PAPER_ONLY_REAL_MONEY_BLOCKED,SUPPORTED,,PENDING,,,,,,,,,,,,F7,,"[""NOT_YET_ACTIVATED_NO_HISTORICAL_PAPER_SAMPLE""]","{""alternateLine"": null, ""rank"": 138}",CLEAN,[],PAPER,False,5.0,,,"[""NOT_YET_ACTIVATED_NO_HISTORICAL_PAPER_SAMPLE""]"
PAPER:2026-08-10:KXMLBF7-26AUG101915NYMATL-NYM,2026-08-10,824887,NYM @ ATL,KXMLBF7-26AUG101915NYMATL-NYM,,inning_result,,F7,Away,,,Away,PAPER_SPREAD_LEDGER,,,exact_ticker,40.0,,,40.0,39.5,,,,,,,,,63.762,40.0,23.762,,HIGH,PAPER_ONLY_REAL_MONEY_BLOCKED,SUPPORTED,,PENDING,,,,,,,,,,,,F7,,"[""NOT_YET_ACTIVATED_NO_HISTORICAL_PAPER_SAMPLE""]","{""alternateLine"": null, ""rank"": 7}",CLEAN,[],PAPER,False,5.0,,,"[""NOT_YET_ACTIVATED_NO_HISTORICAL_PAPER_SAMPLE""]"
PAPER:2026-08-10:KXMLBF7-26AUG101915NYMATL-TIE,2026-08-10,824887,NYM @ ATL,KXMLBF7-26AUG101915NYMATL-TIE,,inning_result,,F7,Tie,,,Tie,PAPER_SPREAD_LEDGER,,,exact_ticker,11.0,,,11.0,10.5,,,,,,,,,16.743,11.0,5.743,,HIGH,PAPER_ONLY_REAL_MONEY_BLOCKED,SUPPORTED,,PENDING,,,,,,,,,,,,F7,,"[""NOT_YET_ACTIVATED_NO_HISTORICAL_PAPER_SAMPLE""]","{""alternateLine"": null, ""rank"": 104}",CLEAN,[],PAPER,False,5.0,,,"[""NOT_YET_ACTIVATED_NO_HISTORICAL_PAPER_SAMPLE""]"
PAPER:2026-08-10:KXMLBF7-26AUG101940BALMIN-BAL,2026-08-10,823675,BAL @ MIN,KXMLBF7-26AUG101940BALMIN-BAL,,inning_result,,F7,Away,,,Away,PAPER_SPREAD_LEDGER,,,exact_ticker,45.0,,,45.0,44.5,,,,,,,,,55.401,45.0,10.401,,HIGH,PAPER_ONLY_REAL_MONEY_BLOCKED,SUPPORTED,,PENDING,,,,,,,,,,,,F7,,"[""NOT_YET_ACTIVATED_NO_HISTORICAL_PAPER_SAMPLE""]","{""alternateLine"": null, ""rank"": 48}",CLEAN,[],PAPER,False,5.0,,,"[""NOT_YET_ACTIVATED_NO_HISTORICAL_PAPER_SAMPLE""]"
PAPER:2026-08-10:KXMLBF7-26AUG101940BALMIN-TIE,2026-08-10,823675,BAL @ MIN,KXMLBF7-26AUG101940BALMIN-TIE,,inning_result,,F7,Tie,,,Tie,PAPER_SPREAD_LEDGER,,,exact_ticker,13.0,,,13.0,12.5,,,,,,,,,16.987,13.0,3.987,,HIGH,PAPER_ONLY_REAL_MONEY_BLOCKED,SUPPORTED,,PENDING,,,,,,,,,,,,F7,,"[""NOT_YET_ACTIVATED_NO_HISTORICAL_PAPER_SAMPLE""]","{""alternateLine"": null, ""rank"": 129}",CLEAN,[],PAPER,False,5.0,,,"[""NOT_YET_ACTIVATED_NO_HISTORICAL_PAPER_SAMPLE""]"
PAPER:2026-08-10:KXMLBF7-26AUG101945PHISTL-TIE,2026-08-10,823018,PHI @ STL,KXMLBF7-26AUG101945PHISTL-TIE,,inning_result,,F7,Tie,,,Tie,PAPER_SPREAD_LEDGER,,,exact_ticker,10.0,,,10.0,9.5,,,,,,,,,17.701,10.0,7.701,,HIGH,PAPER_ONLY_REAL_MONEY_BLOCKED,SUPPORTED,,PENDING,,,,,,,,,,,,F7,,"[""NOT_YET_ACTIVATED_NO_HISTORICAL_PAPER_SAMPLE""]","{""alternateLine"": null, ""rank"": 75}",CLEAN,[],PAPER,False,5.0,,,"[""NOT_YET_ACTIVATED_NO_HISTORICAL_PAPER_SAMPLE""]"
PAPER:2026-08-10:KXMLBF7-26AUG102138TEXLAA-TIE,2026-08-10,823998,TEX @ LAA,KXMLBF7-26AUG102138TEXLAA-TIE,,inning_result,,F7,Tie,,,Tie,PAPER_SPREAD_LEDGER,,,exact_ticker,14.0,,,14.0,13.0,,,,,,,,,19.894,14.0,5.894,,HIGH,PAPER_ONLY_REAL_MONEY_BLOCKED,SUPPORTED,,PENDING,,,,,,,,,,,,F7,,"[""NOT_YET_ACTIVATED_NO_HISTORICAL_PAPER_SAMPLE""]","{""alternateLine"": null, ""rank"": 101}",CLEAN,[],PAPER,False,5.0,,,"[""NOT_YET_ACTIVATED_NO_HISTORICAL_PAPER_SAMPLE""]"
PAPER:2026-08-10:KXMLBF7-26AUG102140COLAZ-COL,2026-08-10,825048,COL @ AZ,KXMLBF7-26AUG102140COLAZ-COL,,inning_result,,F7,Away,,,Away,PAPER_SPREAD_LEDGER,,,exact_ticker,31.0,,,31.0,30.0,,,,,,,,,40.247,31.0,9.247,,HIGH,PAPER_ONLY_REAL_MONEY_BLOCKED,SUPPORTED,,PENDING,,,,,,,,,,,,F7,,"[""NOT_YET_ACTIVATED_NO_HISTORICAL_PAPER_SAMPLE""]","{""alternateLine"": null, ""rank"": 59}",CLEAN,[],PAPER,False,5.0,,,"[""NOT_YET_ACTIVATED_NO_HISTORICAL_PAPER_SAMPLE""]"
PAPER:2026-08-10:KXMLBF7-26AUG102140COLAZ-TIE,2026-08-10,825048,COL @ AZ,KXMLBF7-26AUG102140COLAZ-TIE,,inning_result,,F7,Tie,,,Tie,PAPER_SPREAD_LEDGER,,,exact_ticker,11.0,,,11.0,10.0,,,,,,,,,22.81,11.0,11.81,,HIGH,PAPER_ONLY_REAL_MONEY_BLOCKED,SUPPORTED,,PENDING,,,,,,,,,,,,F7,,"[""NOT_YET_ACTIVATED_NO_HISTORICAL_PAPER_SAMPLE""]","{""alternateLine"": null, ""rank"": 37}",CLEAN,[],PAPER,False,5.0,,,"[""NOT_YET_ACTIVATED_NO_HISTORICAL_PAPER_SAMPLE""]"
PAPER:2026-08-10:KXMLBF7-26AUG102140MILSD-TIE,2026-08-10,823265,MIL @ SD,KXMLBF7-26AUG102140MILSD-TIE,,inning_result,,F7,Tie,,,Tie,PAPER_SPREAD_LEDGER,,,exact_ticker,15.0,,,15.0,14.0,,,,,,,,,23.198,15.0,8.198,,HIGH,PAPER_ONLY_REAL_MONEY_BLOCKED,SUPPORTED,,PENDING,,,,,,,,,,,,F7,,"[""NOT_YET_ACTIVATED_NO_HISTORICAL_PAPER_SAMPLE""]","{""alternateLine"": null, ""rank"": 71}",CLEAN,[],PAPER,False,5.0,,,"[""NOT_YET_ACTIVATED_NO_HISTORICAL_PAPER_SAMPLE""]"
PAPER:2026-08-10:KXMLBF7-26AUG102140TBATH-ATH,2026-08-10,824969,TB @ ATH,KXMLBF7-26AUG102140TBATH-ATH,,inning_result,,F7,Home,,,Home,PAPER_SPREAD_LEDGER,,,exact_ticker,38.0,,,38.0,37.0,,,,,,,,,44.802,38.0,6.802,,HIGH,PAPER_ONLY_REAL_MONEY_BLOCKED,SUPPORTED,,PENDING,,,,,,,,,,,,F7,,"[""NOT_YET_ACTIVATED_NO_HISTORICAL_PAPER_SAMPLE""]","{""alternateLine"": null, ""rank"": 85}",CLEAN,[],PAPER,False,5.0,,,"[""NOT_YET_ACTIVATED_NO_HISTORICAL_PAPER_SAMPLE""]"
PAPER:2026-08-10:KXMLBF7-26AUG102140TBATH-TIE,2026-08-10,824969,TB @ ATH,KXMLBF7-26AUG102140TBATH-TIE,,inning_result,,F7,Tie,,,Tie,PAPER_SPREAD_LEDGER,,,exact_ticker,9.0,,,9.0,8.5,,,,,,,,,20.77,9.0,11.77,,HIGH,PAPER_ONLY_REAL_MONEY_BLOCKED,SUPPORTED,,PENDING,,,,,,,,,,,,F7,,"[""NOT_YET_ACTIVATED_NO_HISTORICAL_PAPER_SAMPLE""]","{""alternateLine"": null, ""rank"": 38}",CLEAN,[],PAPER,False,5.0,,,"[""NOT_YET_ACTIVATED_NO_HISTORICAL_PAPER_SAMPLE""]"
PAPER:2026-08-10:KXMLBF7-26AUG102145HOUSF-TIE,2026-08-10,823189,HOU @ SF,KXMLBF7-26AUG102145HOUSF-TIE,,inning_result,,F7,Tie,,,Tie,PAPER_SPREAD_LEDGER,,,exact_ticker,13.0,,,13.0,12.5,,,,,,,,,23.246,13.0,10.246,,HIGH,PAPER_ONLY_REAL_MONEY_BLOCKED,SUPPORTED,,PENDING,,,,,,,,,,,,F7,,"[""NOT_YET_ACTIVATED_NO_HISTORICAL_PAPER_SAMPLE""]","{""alternateLine"": null, ""rank"": 49}",CLEAN,[],PAPER,False,5.0,,,"[""NOT_YET_ACTIVATED_NO_HISTORICAL_PAPER_SAMPLE""]"
PAPER:2026-08-10:KXMLBF7-26AUG102210KCLAD-KC,2026-08-10,823918,KC @ LAD,KXMLBF7-26AUG102210KCLAD-KC,,inning_result,,F7,Away,,,Away,PAPER_SPREAD_LEDGER,,,exact_ticker,26.0,,,26.0,24.5,,,,,,,,,34.626,26.0,8.626,,HIGH,PAPER_ONLY_REAL_MONEY_BLOCKED,SUPPORTED,,PENDING,,,,,,,,,,,,F7,,"[""NOT_YET_ACTIVATED_NO_HISTORICAL_PAPER_SAMPLE""]","{""alternateLine"": null, ""rank"": 66}",CLEAN,[],PAPER,False,5.0,,,"[""NOT_YET_ACTIVATED_NO_HISTORICAL_PAPER_SAMPLE""]"
PAPER:2026-08-10:KXMLBF7-26AUG102210KCLAD-TIE,2026-08-10,823918,KC @ LAD,KXMLBF7-26AUG102210KCLAD-TIE,,inning_result,,F7,Tie,,,Tie,PAPER_SPREAD_LEDGER,,,exact_ticker,13.0,,,13.0,12.5,,,,,,,,,22.889,13.0,9.889,,HIGH,PAPER_ONLY_REAL_MONEY_BLOCKED,SUPPORTED,,PENDING,,,,,,,,,,,,F7,,"[""NOT_YET_ACTIVATED_NO_HISTORICAL_PAPER_SAMPLE""]","{""alternateLine"": null, ""rank"": 53}",CLEAN,[],PAPER,False,5.0,,,"[""NOT_YET_ACTIVATED_NO_HISTORICAL_PAPER_SAMPLE""]"
PAPER:2026-08-10:KXMLBSPREAD-26AUG101907BOSTOR-BOS2,2026-08-10,822780,BOS @ TOR,KXMLBSPREAD-26AUG101907BOSTOR-BOS2,,winning_margin,,full_game,BOS,1.5,,BOS,PAPER_SPREAD_LEDGER,,,exact_ticker,48.0,,,48.0,47.5,,,,,,,,,61.641,48.0,13.641,,HIGH,PAPER_ONLY_REAL_MONEY_BLOCKED,SUPPORTED,,PENDING,,,,,,,,,,,,full_game,,"[""RULE_81""]","{""alternateLine"": false, ""rank"": 30}",CLEAN,[],PAPER,False,5.0,,,"[""RULE_81""]"
PAPER:2026-08-10:KXMLBSPREAD-26AUG101907BOSTOR-BOS3,2026-08-10,822780,BOS @ TOR,KXMLBSPREAD-26AUG101907BOSTOR-BOS3,,winning_margin,,full_game,BOS,2.5,,BOS,PAPER_SPREAD_LEDGER,,,exact_ticker,37.0,,,37.0,36.5,,,,,,,,,48.415,37.0,11.415,,HIGH,PAPER_ONLY_REAL_MONEY_BLOCKED,SUPPORTED,,PENDING,,,,,,,,,,,,full_game,,"[""RULE_81""]","{""alternateLine"": true, ""rank"": 43}",CLEAN,[],PAPER,False,5.0,,,"[""RULE_81""]"
PAPER:2026-08-10:KXMLBSPREAD-26AUG101907BOSTOR-BOS4,2026-08-10,822780,BOS @ TOR,KXMLBSPREAD-26AUG101907BOSTOR-BOS4,,winning_margin,,full_game,BOS,3.5,,BOS,PAPER_SPREAD_LEDGER,,,exact_ticker,27.0,,,27.0,26.5,,,,,,,,,35.504,27.0,8.504,,HIGH,PAPER_ONLY_REAL_MONEY_BLOCKED,SUPPORTED,,PENDING,,,,,,,,,,,,full_game,,"[""RULE_81""]","{""alternateLine"": true, ""rank"": 68}",CLEAN,[],PAPER,False,5.0,,,"[""RULE_81""]"
PAPER:2026-08-10:KXMLBSPREAD-26AUG101915NYMATL-NYM2,2026-08-10,824887,NYM @ ATL,KXMLBSPREAD-26AUG101915NYMATL-NYM2,,winning_margin,,full_game,NYM,1.5,,NYM,PAPER_SPREAD_LEDGER,,,exact_ticker,32.0,,,32.0,31.5,,,,,,,,,44.436,32.0,12.436,,HIGH,PAPER_ONLY_REAL_MONEY_BLOCKED,SUPPORTED,,PENDING,,,,,,,,,,,,full_game,,"[""RULE_81""]","{""alternateLine"": false, ""rank"": 35}",CLEAN,[],PAPER,False,5.0,,,"[""RULE_81""]"
PAPER:2026-08-10:KXMLBSPREAD-26AUG101915NYMATL-NYM3,2026-08-10,824887,NYM @ ATL,KXMLBSPREAD-26AUG101915NYMATL-NYM3,,winning_margin,,full_game,NYM,2.5,,NYM,PAPER_SPREAD_LEDGER,,,exact_ticker,23.0,,,23.0,22.5,,,,,,,,,31.14,23.0,8.14,,HIGH,PAPER_ONLY_REAL_MONEY_BLOCKED,SUPPORTED,,PENDING,,,,,,,,,,,,full_game,,"[""RULE_81""]","{""alternateLine"": true, ""rank"": 72}",CLEAN,[],PAPER,False,5.0,,,"[""RULE_81""]"
PAPER:2026-08-10:KXMLBSPREAD-26AUG101915NYMATL-NYM4,2026-08-10,824887,NYM @ ATL,KXMLBSPREAD-26AUG101915NYMATL-NYM4,,winning_margin,,full_game,NYM,3.5,,NYM,PAPER_SPREAD_LEDGER,,,exact_ticker,16.0,,,16.0,15.5,,,,,,,,,20.054,16.0,4.054,,HIGH,PAPER_ONLY_REAL_MONEY_BLOCKED,SUPPORTED,,PENDING,,,,,,,,,,,,full_game,,"[""RULE_81""]","{""alternateLine"": true, ""rank"": 128}",CLEAN,[],PAPER,False,5.0,,,"[""RULE_81""]"
PAPER:2026-08-10:KXMLBSPREAD-26AUG101940BALMIN-BAL2,2026-08-10,823675,BAL @ MIN,KXMLBSPREAD-26AUG101940BALMIN-BAL2,,winning_margin,,full_game,BAL,1.5,,BAL,PAPER_SPREAD_LEDGER,,,exact_ticker,38.0,,,38.0,37.5,,,,,,,,,45.053,38.0,7.053,,HIGH,PAPER_ONLY_REAL_MONEY_BLOCKED,SUPPORTED,,PENDING,,,,,,,,,,,,full_game,,"[""RULE_81""]","{""alternateLine"": false, ""rank"": 81}",CLEAN,[],PAPER,False,5.0,,,"[""RULE_81""]"
PAPER:2026-08-10:KXMLBSPREAD-26AUG101940BALMIN-BAL3,2026-08-10,823675,BAL @ MIN,KXMLBSPREAD-26AUG101940BALMIN-BAL3,,winning_margin,,full_game,BAL,2.5,,BAL,PAPER_SPREAD_LEDGER,,,exact_ticker,29.0,,,29.0,28.5,,,,,,,,,31.782,29.0,2.782,,MEDIUM,PAPER_ONLY_REAL_MONEY_BLOCKED,SUPPORTED,,PENDING,,,,,,,,,,,,full_game,,"[""RULE_81""]","{""alternateLine"": true, ""rank"": 146}",CLEAN,[],PAPER,False,5.0,,,"[""RULE_81""]"
PAPER:2026-08-10:KXMLBSPREAD-26AUG101945PHISTL-STL2,2026-08-10,823018,PHI @ STL,KXMLBSPREAD-26AUG101945PHISTL-STL2,,winning_margin,,full_game,STL,1.5,,STL,PAPER_SPREAD_LEDGER,,,exact_ticker,32.0,,,32.0,31.5,,,,,,,,,34.009,32.0,2.009,,MEDIUM,PAPER_ONLY_REAL_MONEY_BLOCKED,SUPPORTED,,PENDING,,,,,,,,,,,,full_game,,"[""RULE_81""]","{""alternateLine"": false, ""rank"": 159}",CLEAN,[],PAPER,False,5.0,,,"[""RULE_81""]"
PAPER:2026-08-16:KXMLBF3-26AUG161335AZATL-AZ,2026-08-16,824880,AZ @ ATL,KXMLBF3-26AUG161335AZATL-AZ,,inning_result,,F3,Away,,,Away,PAPER_SPREAD_LEDGER,,,exact_ticker,38.0,,,38.0,37.5,,,,,,,,,51.096,38.0,13.096,,HIGH,PAPER_ONLY_REAL_MONEY_BLOCKED,SUPPORTED,,PENDING,,,,,,,,,,,,F3,,"[""NOT_YET_ACTIVATED_NO_HISTORICAL_PAPER_SAMPLE""]","{""alternateLine"": null, ""rank"": 53}",CLEAN,[],PAPER,False,5.0,,,"[""NOT_YET_ACTIVATED_NO_HISTORICAL_PAPER_SAMPLE""]"
PAPER:2026-08-16:KXMLBF3-26AUG161335AZATL-TIE,2026-08-16,824880,AZ @ ATL,KXMLBF3-26AUG161335AZATL-TIE,,inning_result,,F3,Tie,,,Tie,PAPER_SPREAD_LEDGER,,,exact_ticker,23.0,,,23.0,22.5,,,,,,,,,25.965,23.0,2.965,,MEDIUM,PAPER_ONLY_REAL_MONEY_BLOCKED,SUPPORTED,,PENDING,,,,,,,,,,,,F3,,"[""NOT_YET_ACTIVATED_NO_HISTORICAL_PAPER_SAMPLE""]","{""alternateLine"": null, ""rank"": 220}",CLEAN,[],PAPER,False,5.0,,,"[""NOT_YET_ACTIVATED_NO_HISTORICAL_PAPER_SAMPLE""]"
PAPER:2026-08-16:KXMLBF3-26AUG161335BOSPIT-BOS,2026-08-16,823344,BOS @ PIT,KXMLBF3-26AUG161335BOSPIT-BOS,,inning_result,,F3,Away,,,Away,PAPER_SPREAD_LEDGER,,,exact_ticker,39.0,,,39.0,38.5,,,,,,,,,44.115,39.0,5.115,,HIGH,PAPER_ONLY_REAL_MONEY_BLOCKED,SUPPORTED,,PENDING,,,,,,,,,,,,F3,,"[""NOT_YET_ACTIVATED_NO_HISTORICAL_PAPER_SAMPLE""]","{""alternateLine"": null, ""rank"": 168}",CLEAN,[],PAPER,False,5.0,,,"[""NOT_YET_ACTIVATED_NO_HISTORICAL_PAPER_SAMPLE""]"
PAPER:2026-08-16:KXMLBF3-26AUG161335BOSPIT-TIE,2026-08-16,823344,BOS @ PIT,KXMLBF3-26AUG161335BOSPIT-TIE,,inning_result,,F3,Tie,,,Tie,PAPER_SPREAD_LEDGER,,,exact_ticker,24.0,,,24.0,23.5,,,,,,,,,25.432,24.0,1.432,,PAPER,PAPER_ONLY_REAL_MONEY_BLOCKED,SUPPORTED,,PENDING,,,,,,,,,,,,F3,,"[""NOT_YET_ACTIVATED_NO_HISTORICAL_PAPER_SAMPLE""]","{""alternateLine"": null, ""rank"": 257}",CLEAN,[],PAPER,False,5.0,,,"[""NOT_YET_ACTIVATED_NO_HISTORICAL_PAPER_SAMPLE""]"
PAPER:2026-08-16:KXMLBF3-26AUG161337NYYTOR-TOR,2026-08-16,822774,NYY @ TOR,KXMLBF3-26AUG161337NYYTOR-TOR,,inning_result,,F3,Home,,,Home,PAPER_SPREAD_LEDGER,,,exact_ticker,38.0,,,38.0,37.5,,,,,,,,,42.01,38.0,4.01,,HIGH,PAPER_ONLY_REAL_MONEY_BLOCKED,SUPPORTED,,PENDING,,,,,,,,,,,,F3,,"[""NOT_YET_ACTIVATED_NO_HISTORICAL_PAPER_SAMPLE""]","{""alternateLine"": null, ""rank"": 194}",CLEAN,[],PAPER,False,5.0,,,"[""NOT_YET_ACTIVATED_NO_HISTORICAL_PAPER_SAMPLE""]"
PAPER:2026-08-16:KXMLBF3-26AUG161340CWSDET-CWS,2026-08-16,824236,CWS @ DET,KXMLBF3-26AUG161340CWSDET-CWS,,inning_result,,F3,Away,,,Away,PAPER_SPREAD_LEDGER,,,exact_ticker,39.0,,,39.0,38.0,,,,,,,,,42.784,39.0,3.784,,HIGH,PAPER_ONLY_REAL_MONEY_BLOCKED,SUPPORTED,,PENDING,,,,,,,,,,,,F3,,"[""NOT_YET_ACTIVATED_NO_HISTORICAL_PAPER_SAMPLE""]","{""alternateLine"": null, ""rank"": 198}",CLEAN,[],PAPER,False,5.0,,,"[""NOT_YET_ACTIVATED_NO_HISTORICAL_PAPER_SAMPLE""]"
PAPER:2026-08-16:KXMLBF3-26AUG161340CWSDET-TIE,2026-08-16,824236,CWS @ DET,KXMLBF3-26AUG161340CWSDET-TIE,,inning_result,,F3,Tie,,,Tie,PAPER_SPREAD_LEDGER,,,exact_ticker,25.0,,,25.0,24.5,,,,,,,,,27.263,25.0,2.263,,MEDIUM,PAPER_ONLY_REAL_MONEY_BLOCKED,SUPPORTED,,PENDING,,,,,,,,,,,,F3,,"[""NOT_YET_ACTIVATED_NO_HISTORICAL_PAPER_SAMPLE""]","{""alternateLine"": null, ""rank"": 239}",CLEAN,[],PAPER,False,5.0,,,"[""NOT_YET_ACTIVATED_NO_HISTORICAL_PAPER_SAMPLE""]"
PAPER:2026-08-16:KXMLBF3-26AUG161340MIACIN-MIA,2026-08-16,824477,MIA @ CIN,KXMLBF3-26AUG161340MIACIN-MIA,,inning_result,,F3,Away,,,Away,PAPER_SPREAD_LEDGER,,,exact_ticker,40.0,,,40.0,39.5,,,,,,,,,51.014,40.0,11.014,,HIGH,PAPER_ONLY_REAL_MONEY_BLOCKED,SUPPORTED,,PENDING,,,,,,,,,,,,F3,,"[""NOT_YET_ACTIVATED_NO_HISTORICAL_PAPER_SAMPLE""]","{""alternateLine"": null, ""rank"": 77}",CLEAN,[],PAPER,False,5.0,,,"[""NOT_YET_ACTIVATED_NO_HISTORICAL_PAPER_SAMPLE""]"
PAPER:2026-08-16:KXMLBF3-26AUG161340SDCLE-SD,2026-08-16,824397,SD @ CLE,KXMLBF3-26AUG161340SDCLE-SD,,inning_result,,F3,Away,,,Away,PAPER_SPREAD_LEDGER,,,exact_ticker,38.0,,,38.0,37.0,,,,,,,,,50.953,38.0,12.953,,HIGH,PAPER_ONLY_REAL_MONEY_BLOCKED,SUPPORTED,,PENDING,,,,,,,,,,,,F3,,"[""NOT_YET_ACTIVATED_NO_HISTORICAL_PAPER_SAMPLE""]","{""alternateLine"": null, ""rank"": 56}",CLEAN,[],PAPER,False,5.0,,,"[""NOT_YET_ACTIVATED_NO_HISTORICAL_PAPER_SAMPLE""]"
PAPER:2026-08-16:KXMLBF3-26AUG161340WSHNYM-NYM,2026-08-16,823590,WSH @ NYM,KXMLBF3-26AUG161340WSHNYM-NYM,,inning_result,,F3,Home,,,Home,PAPER_SPREAD_LEDGER,,,exact_ticker,44.0,,,44.0,43.5,,,,,,,,,48.77,44.0,4.77,,HIGH,PAPER_ONLY_REAL_MONEY_BLOCKED,SUPPORTED,,PENDING,,,,,,,,,,,,F3,,"[""NOT_YET_ACTIVATED_NO_HISTORICAL_PAPER_SAMPLE""]","{""alternateLine"": null, ""rank"": 172}",CLEAN,[],PAPER,False,5.0,,,"[""NOT_YET_ACTIVATED_NO_HISTORICAL_PAPER_SAMPLE""]"
PAPER:2026-08-16:KXMLBF3-26AUG161410PHIMIN-PHI,2026-08-16,823670,PHI @ MIN,KXMLBF3-26AUG161410PHIMIN-PHI,,inning_result,,F3,Away,,,Away,PAPER_SPREAD_LEDGER,,,exact_ticker,39.0,,,39.0,38.5,,,,,,,,,44.603,39.0,5.603,,HIGH,PAPER_ONLY_REAL_MONEY_BLOCKED,SUPPORTED,,PENDING,,,,,,,,,,,,F3,,"[""NOT_YET_ACTIVATED_NO_HISTORICAL_PAPER_SAMPLE""]","{""alternateLine"": null, ""rank"": 159}",CLEAN,[],PAPER,False,5.0,,,"[""NOT_YET_ACTIVATED_NO_HISTORICAL_PAPER_SAMPLE""]"
PAPER:2026-08-16:KXMLBF3-26AUG161515STLCHC-STL,2026-08-16,824642,STL @ CHC,KXMLBF3-26AUG161515STLCHC-STL,,inning_result,,F3,Away,,,Away,PAPER_SPREAD_LEDGER,,,exact_ticker,33.0,,,33.0,31.5,,,,,,,,,43.3,33.0,10.3,,HIGH,PAPER_ONLY_REAL_MONEY_BLOCKED,SUPPORTED,,PENDING,,,,,,,,,,,,F3,,"[""NOT_YET_ACTIVATED_NO_HISTORICAL_PAPER_SAMPLE""]","{""alternateLine"": null, ""rank"": 88}",CLEAN,[],PAPER,False,5.0,,,"[""NOT_YET_ACTIVATED_NO_HISTORICAL_PAPER_SAMPLE""]"
PAPER:2026-08-16:KXMLBF3-26AUG161515STLCHC-TIE,2026-08-16,824642,STL @ CHC,KXMLBF3-26AUG161515STLCHC-TIE,,inning_result,,F3,Tie,,,Tie,PAPER_SPREAD_LEDGER,,,exact_ticker,22.0,,,22.0,21.0,,,,,,,,,23.046,22.0,1.046,,PAPER,PAPER_ONLY_REAL_MONEY_BLOCKED,SUPPORTED,,PENDING,,,,,,,,,,,,F3,,"[""NOT_YET_ACTIVATED_NO_HISTORICAL_PAPER_SAMPLE""]","{""alternateLine"": null, ""rank"": 265}",CLEAN,[],PAPER,False,5.0,,,"[""NOT_YET_ACTIVATED_NO_HISTORICAL_PAPER_SAMPLE""]"
PAPER:2026-08-16:KXMLBF3-26AUG161605COLSF-TIE,2026-08-16,823182,COL @ SF,KXMLBF3-26AUG161605COLSF-TIE,,inning_result,,F3,Tie,,,Tie,PAPER_SPREAD_LEDGER,,,exact_ticker,25.0,,,25.0,24.0,,,,,,,,,32.376,25.0,7.376,,HIGH,PAPER_ONLY_REAL_MONEY_BLOCKED,SUPPORTED,,PENDING,,,,,,,,,,,,F3,,"[""NOT_YET_ACTIVATED_NO_HISTORICAL_PAPER_SAMPLE""]","{""alternateLine"": null, ""rank"": 132}",CLEAN,[],PAPER,False,5.0,,,"[""NOT_YET_ACTIVATED_NO_HISTORICAL_PAPER_SAMPLE""]"
PAPER:2026-08-16:KXMLBF3-26AUG161605TEXATH-TEX,2026-08-16,824965,TEX @ ATH,KXMLBF3-26AUG161605TEXATH-TEX,,inning_result,,F3,Away,,,Away,PAPER_SPREAD_LEDGER,,,exact_ticker,43.0,,,43.0,42.0,,,,,,,,,51.779,43.0,8.779,,HIGH,PAPER_ONLY_REAL_MONEY_BLOCKED,SUPPORTED,,PENDING,,,,,,,,,,,,F3,,"[""NOT_YET_ACTIVATED_NO_HISTORICAL_PAPER_SAMPLE""]","{""alternateLine"": null, ""rank"": 100}",CLEAN,[],PAPER,False,5.0,,,"[""NOT_YET_ACTIVATED_NO_HISTORICAL_PAPER_SAMPLE""]"
PAPER:2026-08-16:KXMLBF3-26AUG161605TEXATH-TIE,2026-08-16,824965,TEX @ ATH,KXMLBF3-26AUG161605TEXATH-TIE,,inning_result,,F3,Tie,,,Tie,PAPER_SPREAD_LEDGER,,,exact_ticker,21.0,,,21.0,20.5,,,,,,,,,25.502,21.0,4.502,,HIGH,PAPER_ONLY_REAL_MONEY_BLOCKED,SUPPORTED,,PENDING,,,,,,,,,,,,F3,,"[""NOT_YET_ACTIVATED_NO_HISTORICAL_PAPER_SAMPLE""]","{""alternateLine"": null, ""rank"": 181}",CLEAN,[],PAPER,False,5.0,,,"[""NOT_YET_ACTIVATED_NO_HISTORICAL_PAPER_SAMPLE""]"
PAPER:2026-08-16:KXMLBF3-26AUG161607KCLAA-KC,2026-08-16,823991,KC @ LAA,KXMLBF3-26AUG161607KCLAA-KC,,inning_result,,F3,Away,,,Away,PAPER_SPREAD_LEDGER,,,exact_ticker,43.0,,,43.0,42.0,,,,,,,,,51.673,43.0,8.673,,HIGH,PAPER_ONLY_REAL_MONEY_BLOCKED,SUPPORTED,,PENDING,,,,,,,,,,,,F3,,"[""NOT_YET_ACTIVATED_NO_HISTORICAL_PAPER_SAMPLE""]","{""alternateLine"": null, ""rank"": 106}",CLEAN,[],PAPER,False,5.0,,,"[""NOT_YET_ACTIVATED_NO_HISTORICAL_PAPER_SAMPLE""]"
PAPER:2026-08-16:KXMLBF3-26AUG161607KCLAA-TIE,2026-08-16,823991,KC @ LAA,KXMLBF3-26AUG161607KCLAA-TIE,,inning_result,,F3,Tie,,,Tie,PAPER_SPREAD_LEDGER,,,exact_ticker,22.0,,,22.0,21.5,,,,,,,,,23.735,22.0,1.735,,MEDIUM,PAPER_ONLY_REAL_MONEY_BLOCKED,SUPPORTED,,PENDING,,,,,,,,,,,,F3,,"[""NOT_YET_ACTIVATED_NO_HISTORICAL_PAPER_SAMPLE""]","{""alternateLine"": null, ""rank"": 245}",CLEAN,[],PAPER,False,5.0,,,"[""NOT_YET_ACTIVATED_NO_HISTORICAL_PAPER_SAMPLE""]"
PAPER:2026-08-16:KXMLBF3-26AUG161610MILLAD-MIL,2026-08-16,823912,MIL @ LAD,KXMLBF3-26AUG161610MILLAD-MIL,,inning_result,,F3,Away,,,Away,PAPER_SPREAD_LEDGER,,,exact_ticker,27.0,,,27.0,26.0,,,,,,,,,29.341,27.0,2.341,,MEDIUM,PAPER_ONLY_REAL_MONEY_BLOCKED,SUPPORTED,,PENDING,,,,,,,,,,,,F3,,"[""NOT_YET_ACTIVATED_NO_HISTORICAL_PAPER_SAMPLE""]","{""alternateLine"": null, ""rank"": 233}",CLEAN,[],PAPER,False,5.0,,,"[""NOT_YET_ACTIVATED_NO_HISTORICAL_PAPER_SAMPLE""]"
PAPER:2026-08-16:KXMLBF3-26AUG161610MILLAD-TIE,2026-08-16,823912,MIL @ LAD,KXMLBF3-26AUG161610MILLAD-TIE,,inning_result,,F3,Tie,,,Tie,PAPER_SPREAD_LEDGER,,,exact_ticker,28.0,,,28.0,27.5,,,,,,,,,31.428,28.0,3.428,,HIGH,PAPER_ONLY_REAL_MONEY_BLOCKED,SUPPORTED,,PENDING,,,,,,,,,,,,F3,,"[""NOT_YET_ACTIVATED_NO_HISTORICAL_PAPER_SAMPLE""]","{""alternateLine"": null, ""rank"": 208}",CLEAN,[],PAPER,False,5.0,,,"[""NOT_YET_ACTIVATED_NO_HISTORICAL_PAPER_SAMPLE""]"
PAPER:2026-08-16:KXMLBF3-26AUG161920SEAHOU-SEA,2026-08-16,824156,SEA @ HOU,KXMLBF3-26AUG161920SEAHOU-SEA,,inning_result,,F3,Away,,,Away,PAPER_SPREAD_LEDGER,,,exact_ticker,33.0,,,33.0,32.5,,,,,,,,,43.865,33.0,10.865,,HIGH,PAPER_ONLY_REAL_MONEY_BLOCKED,SUPPORTED,,PENDING,,,,,,,,,,,,F3,,"[""NOT_YET_ACTIVATED_NO_HISTORICAL_PAPER_SAMPLE""]","{""alternateLine"": null, ""rank"": 79}",CLEAN,[],PAPER,False,5.0,,,"[""NOT_YET_ACTIVATED_NO_HISTORICAL_PAPER_SAMPLE""]"
PAPER:2026-08-16:KXMLBF5SPREAD-26AUG161335AZATL-AZ2,2026-08-16,824880,AZ @ ATL,KXMLBF5SPREAD-26AUG161335AZATL-AZ2,,winning_margin,,F5,AZ,1.5,,AZ,PAPER_SPREAD_LEDGER,,,exact_ticker,29.0,,,29.0,28.5,,,,,,,,,36.635,29.0,7.635,,HIGH,PAPER_ONLY_REAL_MONEY_BLOCKED,SUPPORTED,,PENDING,,,,,,,,,,,,F5,,"[""NOT_YET_ACTIVATED_NO_HISTORICAL_PAPER_SAMPLE""]","{""alternateLine"": false, ""rank"": 126}",CLEAN,[],PAPER,False,5.0,,,"[""NOT_YET_ACTIVATED_NO_HISTORICAL_PAPER_SAMPLE""]"
PAPER:2026-08-16:KXMLBF5SPREAD-26AUG161335BOSPIT-BOS2,2026-08-16,823344,BOS @ PIT,KXMLBF5SPREAD-26AUG161335BOSPIT-BOS2,,winning_margin,,F5,BOS,1.5,,BOS,PAPER_SPREAD_LEDGER,,,exact_ticker,30.0,,,30.0,29.5,,,,,,,,,32.878,30.0,2.878,,MEDIUM,PAPER_ONLY_REAL_MONEY_BLOCKED,SUPPORTED,,PENDING,,,,,,,,,,,,F5,,"[""NOT_YET_ACTIVATED_NO_HISTORICAL_PAPER_SAMPLE""]","{""alternateLine"": false, ""rank"": 223}",CLEAN,[],PAPER,False,5.0,,,"[""NOT_YET_ACTIVATED_NO_HISTORICAL_PAPER_SAMPLE""]"
PAPER:2026-08-16:KXMLBF5SPREAD-26AUG161340MIACIN-MIA2,2026-08-16,824477,MIA @ CIN,KXMLBF5SPREAD-26AUG161340MIACIN-MIA2,,winning_margin,,F5,MIA,1.5,,MIA,PAPER_SPREAD_LEDGER,,,exact_ticker,32.0,,,32.0,31.5,,,,,,,,,39.305,32.0,7.305,,HIGH,PAPER_ONLY_REAL_MONEY_BLOCKED,SUPPORTED,,PENDING,,,,,,,,,,,,F5,,"[""NOT_YET_ACTIVATED_NO_HISTORICAL_PAPER_SAMPLE""]","{""alternateLine"": false, ""rank"": 134}",CLEAN,[],PAPER,False,5.0,,,"[""NOT_YET_ACTIVATED_NO_HISTORICAL_PAPER_SAMPLE""]"
PAPER:2026-08-16:KXMLBF5SPREAD-26AUG161340SDCLE-SD2,2026-08-16,824397,SD @ CLE,KXMLBF5SPREAD-26AUG161340SDCLE-SD2,,winning_margin,,F5,SD,1.5,,SD,PAPER_SPREAD_LEDGER,,,exact_ticker,29.0,,,29.0,28.5,,,,,,,,,38.685,29.0,9.685,,HIGH,PAPER_ONLY_REAL_MONEY_BLOCKED,SUPPORTED,,PENDING,,,,,,,,,,,,F5,,"[""NOT_YET_ACTIVATED_NO_HISTORICAL_PAPER_SAMPLE""]","{""alternateLine"": false, ""rank"": 92}",CLEAN,[],PAPER,False,5.0,,,"[""NOT_YET_ACTIVATED_NO_HISTORICAL_PAPER_SAMPLE""]"
PAPER:2026-08-16:KXMLBF5SPREAD-26AUG161340SDCLE-SD3,2026-08-16,824397,SD @ CLE,KXMLBF5SPREAD-26AUG161340SDCLE-SD3,,winning_margin,,F5,SD,2.5,,SD,PAPER_SPREAD_LEDGER,,,exact_ticker,19.0,,,19.0,18.5,,,,,,,,,21.782,19.0,2.782,,MEDIUM,PAPER_ONLY_REAL_MONEY_BLOCKED,SUPPORTED,,PENDING,,,,,,,,,,,,F5,,"[""NOT_YET_ACTIVATED_NO_HISTORICAL_PAPER_SAMPLE""]","{""alternateLine"": true, ""rank"": 225}",CLEAN,[],PAPER,False,5.0,,,"[""NOT_YET_ACTIVATED_NO_HISTORICAL_PAPER_SAMPLE""]"
PAPER:2026-08-16:KXMLBF5SPREAD-26AUG161410PHIMIN-PHI2,2026-08-16,823670,PHI @ MIN,KXMLBF5SPREAD-26AUG161410PHIMIN-PHI2,,winning_margin,,F5,PHI,1.5,,PHI,PAPER_SPREAD_LEDGER,,,exact_ticker,30.0,,,30.0,29.5,,,,,,,,,33.416,30.0,3.416,,HIGH,PAPER_ONLY_REAL_MONEY_BLOCKED,SUPPORTED,,PENDING,,,,,,,,,,,,F5,,"[""NOT_YET_ACTIVATED_NO_HISTORICAL_PAPER_SAMPLE""]","{""alternateLine"": false, ""rank"": 210}",CLEAN,[],PAPER,False,5.0,,,"[""NOT_YET_ACTIVATED_NO_HISTORICAL_PAPER_SAMPLE""]"
PAPER:2026-08-16:KXMLBF5SPREAD-26AUG161515STLCHC-STL2,2026-08-16,824642,STL @ CHC,KXMLBF5SPREAD-26AUG161515STLCHC-STL2,,winning_margin,,F5,STL,1.5,,STL,PAPER_SPREAD_LEDGER,,,exact_ticker,23.0,,,23.0,22.5,,,,,,,,,30.844,23.0,7.844,,HIGH,PAPER_ONLY_REAL_MONEY_BLOCKED,SUPPORTED,,PENDING,,,,,,,,,,,,F5,,"[""NOT_YET_ACTIVATED_NO_HISTORICAL_PAPER_SAMPLE""]","{""alternateLine"": false, ""rank"": 122}",CLEAN,[],PAPER,False,5.0,,,"[""NOT_YET_ACTIVATED_NO_HISTORICAL_PAPER_SAMPLE""]"
PAPER:2026-08-16:KXMLBF5SPREAD-26AUG161515STLCHC-STL3,2026-08-16,824642,STL @ CHC,KXMLBF5SPREAD-26AUG161515STLCHC-STL3,,winning_margin,,F5,STL,2.5,,STL,PAPER_SPREAD_LEDGER,,,exact_ticker,14.0,,,14.0,13.5,,,,,,,,,17.525,14.0,3.525,,HIGH,PAPER_ONLY_REAL_MONEY_BLOCKED,SUPPORTED,,PENDING,,,,,,,,,,,,F5,,"[""NOT_YET_ACTIVATED_NO_HISTORICAL_PAPER_SAMPLE""]","{""alternateLine"": true, ""rank"": 206}",CLEAN,[],PAPER,False,5.0,,,"[""NOT_YET_ACTIVATED_NO_HISTORICAL_PAPER_SAMPLE""]"
PAPER:2026-08-16:KXMLBF5SPREAD-26AUG161607KCLAA-KC2,2026-08-16,823991,KC @ LAA,KXMLBF5SPREAD-26AUG161607KCLAA-KC2,,winning_margin,,F5,KC,1.5,,KC,PAPER_SPREAD_LEDGER,,,exact_ticker,33.0,,,33.0,32.5,,,,,,,,,40.281,33.0,7.281,,HIGH,PAPER_ONLY_REAL_MONEY_BLOCKED,SUPPORTED,,PENDING,,,,,,,,,,,,F5,,"[""NOT_YET_ACTIVATED_NO_HISTORICAL_PAPER_SAMPLE""]","{""alternateLine"": false, ""rank"": 135}",CLEAN,[],PAPER,False,5.0,,,"[""NOT_YET_ACTIVATED_NO_HISTORICAL_PAPER_SAMPLE""]"
PAPER:2026-08-16:KXMLBF5SPREAD-26AUG161607KCLAA-KC3,2026-08-16,823991,KC @ LAA,KXMLBF5SPREAD-26AUG161607KCLAA-KC3,,winning_margin,,F5,KC,2.5,,KC,PAPER_SPREAD_LEDGER,,,exact_ticker,22.0,,,22.0,21.5,,,,,,,,,23.915,22.0,1.915,,MEDIUM,PAPER_ONLY_REAL_MONEY_BLOCKED,SUPPORTED,,PENDING,,,,,,,,,,,,F5,,"[""NOT_YET_ACTIVATED_NO_HISTORICAL_PAPER_SAMPLE""]","{""alternateLine"": true, ""rank"": 244}",CLEAN,[],PAPER,False,5.0,,,"[""NOT_YET_ACTIVATED_NO_HISTORICAL_PAPER_SAMPLE""]"
PAPER:2026-08-16:KXMLBF5SPREAD-26AUG161920SEAHOU-SEA2,2026-08-16,824156,SEA @ HOU,KXMLBF5SPREAD-26AUG161920SEAHOU-SEA2,,winning_margin,,F5,SEA,1.5,,SEA,PAPER_SPREAD_LEDGER,,,exact_ticker,26.0,,,26.0,25.5,,,,,,,,,28.579,26.0,2.579,,MEDIUM,PAPER_ONLY_REAL_MONEY_BLOCKED,SUPPORTED,,PENDING,,,,,,,,,,,,F5,,"[""NOT_YET_ACTIVATED_NO_HISTORICAL_PAPER_SAMPLE""]","{""alternateLine"": false, ""rank"": 228}",CLEAN,[],PAPER,False,5.0,,,"[""NOT_YET_ACTIVATED_NO_HISTORICAL_PAPER_SAMPLE""]"
PAPER:2026-08-16:KXMLBF7-26AUG161335AZATL-AZ,2026-08-16,824880,AZ @ ATL,KXMLBF7-26AUG161335AZATL-AZ,,inning_result,,F7,Away,,,Away,PAPER_SPREAD_LEDGER,,,exact_ticker,43.0,,,43.0,42.0,,,,,,,,,51.751,43.0,8.751,,HIGH,PAPER_ONLY_REAL_MONEY_BLOCKED,SUPPORTED,,PENDING,,,,,,,,,,,,F7,,"[""NOT_YET_ACTIVATED_NO_HISTORICAL_PAPER_SAMPLE""]","{""alternateLine"": null, ""rank"": 102}",CLEAN,[],PAPER,False,5.0,,,"[""NOT_YET_ACTIVATED_NO_HISTORICAL_PAPER_SAMPLE""]"
PAPER:2026-08-16:KXMLBF7-26AUG161335AZATL-TIE,2026-08-16,824880,AZ @ ATL,KXMLBF7-26AUG161335AZATL-TIE,,inning_result,,F7,Tie,,,Tie,PAPER_SPREAD_LEDGER,,,exact_ticker,11.0,,,11.0,10.0,,,,,,,,,19.316,11.0,8.316,,HIGH,PAPER_ONLY_REAL_MONEY_BLOCKED,SUPPORTED,,PENDING,,,,,,,,,,,,F7,,"[""NOT_YET_ACTIVATED_NO_HISTORICAL_PAPER_SAMPLE""]","{""alternateLine"": null, ""rank"": 112}",CLEAN,[],PAPER,False,5.0,,,"[""NOT_YET_ACTIVATED_NO_HISTORICAL_PAPER_SAMPLE""]"
PAPER:2026-08-16:KXMLBF7-26AUG161335BOSPIT-BOS,2026-08-16,823344,BOS @ PIT,KXMLBF7-26AUG161335BOSPIT-BOS,,inning_result,,F7,Away,,,Away,PAPER_SPREAD_LEDGER,,,exact_ticker,46.0,,,46.0,44.5,,,,,,,,,60.95,46.0,14.95,,HIGH,PAPER_ONLY_REAL_MONEY_BLOCKED,SUPPORTED,,PENDING,,,,,,,,,,,,F7,,"[""NOT_YET_ACTIVATED_NO_HISTORICAL_PAPER_SAMPLE""]","{""alternateLine"": null, ""rank"": 45}",CLEAN,[],PAPER,False,5.0,,,"[""NOT_YET_ACTIVATED_NO_HISTORICAL_PAPER_SAMPLE""]"
PAPER:2026-08-16:KXMLBF7-26AUG161335BOSPIT-TIE,2026-08-16,823344,BOS @ PIT,KXMLBF7-26AUG161335BOSPIT-TIE,,inning_result,,F7,Tie,,,Tie,PAPER_SPREAD_LEDGER,,,exact_ticker,12.0,,,12.0,11.0,,,,,,,,,16.516,12.0,4.516,,HIGH,PAPER_ONLY_REAL_MONEY_BLOCKED,SUPPORTED,,PENDING,,,,,,,,,,,,F7,,"[""NOT_YET_ACTIVATED_NO_HISTORICAL_PAPER_SAMPLE""]","{""alternateLine"": null, ""rank"": 180}",CLEAN,[],PAPER,False,5.0,,,"[""NOT_YET_ACTIVATED_NO_HISTORICAL_PAPER_SAMPLE""]"
PAPER:2026-08-16:KXMLBF7-26AUG161337NYYTOR-TIE,2026-08-16,822774,NYY @ TOR,KXMLBF7-26AUG161337NYYTOR-TIE,,inning_result,,F7,Tie,,,Tie,PAPER_SPREAD_LEDGER,,,exact_ticker,15.0,,,15.0,14.0,,,,,,,,,22.65,15.0,7.65,,HIGH,PAPER_ONLY_REAL_MONEY_BLOCKED,SUPPORTED,,PENDING,,,,,,,,,,,,F7,,"[""NOT_YET_ACTIVATED_NO_HISTORICAL_PAPER_SAMPLE""]","{""alternateLine"": null, ""rank"": 125}",CLEAN,[],PAPER,False,5.0,,,"[""NOT_YET_ACTIVATED_NO_HISTORICAL_PAPER_SAMPLE""]"
PAPER:2026-08-16:KXMLBF7-26AUG161340CWSDET-DET,2026-08-16,824236,CWS @ DET,KXMLBF7-26AUG161340CWSDET-DET,,inning_result,,F7,Home,,,Home,PAPER_SPREAD_LEDGER,,,exact_ticker,45.0,,,45.0,44.5,,,,,,,,,50.936,45.0,5.936,,HIGH,PAPER_ONLY_REAL_MONEY_BLOCKED,SUPPORTED,,PENDING,,,,,,,,,,,,F7,,"[""NOT_YET_ACTIVATED_NO_HISTORICAL_PAPER_SAMPLE""]","{""alternateLine"": null, ""rank"": 155}",CLEAN,[],PAPER,False,5.0,,,"[""NOT_YET_ACTIVATED_NO_HISTORICAL_PAPER_SAMPLE""]"
PAPER:2026-08-16:KXMLBF7-26AUG161340CWSDET-TIE,2026-08-16,824236,CWS @ DET,KXMLBF7-26AUG161340CWSDET-TIE,,inning_result,,F7,Tie,,,Tie,PAPER_SPREAD_LEDGER,,,exact_ticker,13.0,,,13.0,11.5,,,,,,,,,20.556,13.0,7.556,,HIGH,PAPER_ONLY_REAL_MONEY_BLOCKED,SUPPORTED,,PENDING,,,,,,,,,,,,F7,,"[""NOT_YET_ACTIVATED_NO_HISTORICAL_PAPER_SAMPLE""]","{""alternateLine"": null, ""rank"": 128}",CLEAN,[],PAPER,False,5.0,,,"[""NOT_YET_ACTIVATED_NO_HISTORICAL_PAPER_SAMPLE""]"
PAPER:2026-08-16:KXMLBF7-26AUG161340MIACIN-MIA,2026-08-16,824477,MIA @ CIN,KXMLBF7-26AUG161340MIACIN-MIA,,inning_result,,F7,Away,,,Away,PAPER_SPREAD_LEDGER,,,exact_ticker,47.0,,,47.0,46.5,,,,,,,,,59.463,47.0,12.463,,HIGH,PAPER_ONLY_REAL_MONEY_BLOCKED,SUPPORTED,,PENDING,,,,,,,,,,,,F7,,"[""NOT_YET_ACTIVATED_NO_HISTORICAL_PAPER_SAMPLE""]","{""alternateLine"": null, ""rank"": 64}",CLEAN,[],PAPER,False,5.0,,,"[""NOT_YET_ACTIVATED_NO_HISTORICAL_PAPER_SAMPLE""]"
PAPER:2026-08-16:KXMLBF7-26AUG161340MIACIN-TIE,2026-08-16,824477,MIA @ CIN,KXMLBF7-26AUG161340MIACIN-TIE,,inning_result,,F7,Tie,,,Tie,PAPER_SPREAD_LEDGER,,,exact_ticker,12.0,,,12.0,11.0,,,,,,,,,16.753,12.0,4.753,,HIGH,PAPER_ONLY_REAL_MONEY_BLOCKED,SUPPORTED,,PENDING,,,,,,,,,,,,F7,,"[""NOT_YET_ACTIVATED_NO_HISTORICAL_PAPER_SAMPLE""]","{""alternateLine"": null, ""rank"": 173}",CLEAN,[],PAPER,False,5.0,,,"[""NOT_YET_ACTIVATED_NO_HISTORICAL_PAPER_SAMPLE""]"
PAPER:2026-08-16:KXMLBF7-26AUG161340SDCLE-SD,2026-08-16,824397,SD @ CLE,KXMLBF7-26AUG161340SDCLE-SD,,inning_result,,F7,Away,,,Away,PAPER_SPREAD_LEDGER,,,exact_ticker,44.0,,,44.0,43.0,,,,,,,,,62.781,44.0,18.781,,HIGH,PAPER_ONLY_REAL_MONEY_BLOCKED,SUPPORTED,,PENDING,,,,,,,,,,,,F7,,"[""NOT_YET_ACTIVATED_NO_HISTORICAL_PAPER_SAMPLE""]","{""alternateLine"": null, ""rank"": 30}",CLEAN,[],PAPER,False,5.0,,,"[""NOT_YET_ACTIVATED_NO_HISTORICAL_PAPER_SAMPLE""]"
PAPER:2026-08-16:KXMLBF7-26AUG161340SDCLE-TIE,2026-08-16,824397,SD @ CLE,KXMLBF7-26AUG161340SDCLE-TIE,,inning_result,,F7,Tie,,,Tie,PAPER_SPREAD_LEDGER,,,exact_ticker,12.0,,,12.0,11.0,,,,,,,,,16.593,12.0,4.593,,HIGH,PAPER_ONLY_REAL_MONEY_BLOCKED,SUPPORTED,,PENDING,,,,,,,,,,,,F7,,"[""NOT_YET_ACTIVATED_NO_HISTORICAL_PAPER_SAMPLE""]","{""alternateLine"": null, ""rank"": 175}",CLEAN,[],PAPER,False,5.0,,,"[""NOT_YET_ACTIVATED_NO_HISTORICAL_PAPER_SAMPLE""]"
PAPER:2026-08-16:KXMLBF7-26AUG161340WSHNYM-TIE,2026-08-16,823590,WSH @ NYM,KXMLBF7-26AUG161340WSHNYM-TIE,,inning_result,,F7,Tie,,,Tie,PAPER_SPREAD_LEDGER,,,exact_ticker,11.0,,,11.0,10.5,,,,,,,,,19.305,11.0,8.305,,HIGH,PAPER_ONLY_REAL_MONEY_BLOCKED,SUPPORTED,,PENDING,,,,,,,,,,,,F7,,"[""NOT_YET_ACTIVATED_NO_HISTORICAL_PAPER_SAMPLE""]","{""alternateLine"": null, ""rank"": 113}",CLEAN,[],PAPER,False,5.0,,,"[""NOT_YET_ACTIVATED_NO_HISTORICAL_PAPER_SAMPLE""]"
PAPER:2026-08-16:KXMLBF7-26AUG161410PHIMIN-PHI,2026-08-16,823670,PHI @ MIN,KXMLBF7-26AUG161410PHIMIN-PHI,,inning_result,,F7,Away,,,Away,PAPER_SPREAD_LEDGER,,,exact_ticker,46.0,,,46.0,45.0,,,,,,,,,52.147,46.0,6.147,,HIGH,PAPER_ONLY_REAL_MONEY_BLOCKED,SUPPORTED,,PENDING,,,,,,,,,,,,F7,,"[""NOT_YET_ACTIVATED_NO_HISTORICAL_PAPER_SAMPLE""]","{""alternateLine"": null, ""rank"": 152}",CLEAN,[],PAPER,False,5.0,,,"[""NOT_YET_ACTIVATED_NO_HISTORICAL_PAPER_SAMPLE""]"
PAPER:2026-08-16:KXMLBF7-26AUG161410PHIMIN-TIE,2026-08-16,823670,PHI @ MIN,KXMLBF7-26AUG161410PHIMIN-TIE,,inning_result,,F7,Tie,,,Tie,PAPER_SPREAD_LEDGER,,,exact_ticker,10.0,,,10.0,9.5,,,,,,,,,16.396,10.0,6.396,,HIGH,PAPER_ONLY_REAL_MONEY_BLOCKED,SUPPORTED,,PENDING,,,,,,,,,,,,F7,,"[""NOT_YET_ACTIVATED_NO_HISTORICAL_PAPER_SAMPLE""]","{""alternateLine"": null, ""rank"": 148}",CLEAN,[],PAPER,False,5.0,,,"[""NOT_YET_ACTIVATED_NO_HISTORICAL_PAPER_SAMPLE""]"
PAPER:2026-08-16:KXMLBF7-26AUG161515STLCHC-STL,2026-08-16,824642,STL @ CHC,KXMLBF7-26AUG161515STLCHC-STL,,inning_result,,F7,Away,,,Away,PAPER_SPREAD_LEDGER,,,exact_ticker,35.0,,,35.0,33.0,,,,,,,,,51.873,35.0,16.873,,HIGH,PAPER_ONLY_REAL_MONEY_BLOCKED,SUPPORTED,,PENDING,,,,,,,,,,,,F7,,"[""NOT_YET_ACTIVATED_NO_HISTORICAL_PAPER_SAMPLE""]","{""alternateLine"": null, ""rank"": 35}",CLEAN,[],PAPER,False,5.0,,,"[""NOT_YET_ACTIVATED_NO_HISTORICAL_PAPER_SAMPLE""]"
PAPER:2026-08-16:KXMLBF7-26AUG161515STLCHC-TIE,2026-08-16,824642,STL @ CHC,KXMLBF7-26AUG161515STLCHC-TIE,,inning_result,,F7,Tie,,,Tie,PAPER_SPREAD_LEDGER,,,exact_ticker,11.0,,,11.0,10.0,,,,,,,,,16.522,11.0,5.522,,HIGH,PAPER_ONLY_REAL_MONEY_BLOCKED,SUPPORTED,,PENDING,,,,,,,,,,,,F7,,"[""NOT_YET_ACTIVATED_NO_HISTORICAL_PAPER_SAMPLE""]","{""alternateLine"": null, ""rank"": 161}",CLEAN,[],PAPER,False,5.0,,,"[""NOT_YET_ACTIVATED_NO_HISTORICAL_PAPER_SAMPLE""]"
PAPER:2026-08-16:KXMLBF7-26AUG161605COLSF-TIE,2026-08-16,823182,COL @ SF,KXMLBF7-26AUG161605COLSF-TIE,,inning_result,,F7,Tie,,,Tie,PAPER_SPREAD_LEDGER,,,exact_ticker,13.0,,,13.0,11.5,,,,,,,,,23.514,13.0,10.514,,HIGH,PAPER_ONLY_REAL_MONEY_BLOCKED,SUPPORTED,,PENDING,,,,,,,,,,,,F7,,"[""NOT_YET_ACTIVATED_NO_HISTORICAL_PAPER_SAMPLE""]","{""alternateLine"": null, ""rank"": 84}",CLEAN,[],PAPER,False,5.0,,,"[""NOT_YET_ACTIVATED_NO_HISTORICAL_PAPER_SAMPLE""]"
PAPER:2026-08-16:KXMLBF7-26AUG161605TEXATH-ATH,2026-08-16,824965,TEX @ ATH,KXMLBF7-26AUG161605TEXATH-ATH,,inning_result,,F7,Home,,,Home,PAPER_SPREAD_LEDGER,,,exact_ticker,39.0,,,39.0,37.5,,,,,,,,,41.173,39.0,2.173,,MEDIUM,PAPER_ONLY_REAL_MONEY_BLOCKED,SUPPORTED,,PENDING,,,,,,,,,,,,F7,,"[""NOT_YET_ACTIVATED_NO_HISTORICAL_PAPER_SAMPLE""]","{""alternateLine"": null, ""rank"": 240}",CLEAN,[],PAPER,False,5.0,,,"[""NOT_YET_ACTIVATED_NO_HISTORICAL_PAPER_SAMPLE""]"
PAPER:2026-08-16:KXMLBF7-26AUG161605TEXATH-TIE,2026-08-16,824965,TEX @ ATH,KXMLBF7-26AUG161605TEXATH-TIE,,inning_result,,F7,Tie,,,Tie,PAPER_SPREAD_LEDGER,,,exact_ticker,11.0,,,11.0,9.5,,,,,,,,,22.8,11.0,11.8,,HIGH,PAPER_ONLY_REAL_MONEY_BLOCKED,SUPPORTED,,PENDING,,,,,,,,,,,,F7,,"[""NOT_YET_ACTIVATED_NO_HISTORICAL_PAPER_SAMPLE""]","{""alternateLine"": null, ""rank"": 71}",CLEAN,[],PAPER,False,5.0,,,"[""NOT_YET_ACTIVATED_NO_HISTORICAL_PAPER_SAMPLE""]"
PAPER:2026-08-16:KXMLBF7-26AUG161607KCLAA-KC,2026-08-16,823991,KC @ LAA,KXMLBF7-26AUG161607KCLAA-KC,,inning_result,,F7,Away,,,Away,PAPER_SPREAD_LEDGER,,,exact_ticker,46.0,,,46.0,45.0,,,,,,,,,58.804,46.0,12.804,,HIGH,PAPER_ONLY_REAL_MONEY_BLOCKED,SUPPORTED,,PENDING,,,,,,,,,,,,F7,,"[""NOT_YET_ACTIVATED_NO_HISTORICAL_PAPER_SAMPLE""]","{""alternateLine"": null, ""rank"": 59}",CLEAN,[],PAPER,False,5.0,,,"[""NOT_YET_ACTIVATED_NO_HISTORICAL_PAPER_SAMPLE""]"
PAPER:2026-08-16:KXMLBF7-26AUG161607KCLAA-TIE,2026-08-16,823991,KC @ LAA,KXMLBF7-26AUG161607KCLAA-TIE,,inning_result,,F7,Tie,,,Tie,PAPER_SPREAD_LEDGER,,,exact_ticker,11.0,,,11.0,10.5,,,,,,,,,17.126,11.0,6.126,,HIGH,PAPER_ONLY_REAL_MONEY_BLOCKED,SUPPORTED,,PENDING,,,,,,,,,,,,F7,,"[""NOT_YET_ACTIVATED_NO_HISTORICAL_PAPER_SAMPLE""]","{""alternateLine"": null, ""rank"": 153}",CLEAN,[],PAPER,False,5.0,,,"[""NOT_YET_ACTIVATED_NO_HISTORICAL_PAPER_SAMPLE""]"
PAPER:2026-08-16:KXMLBF7-26AUG161610MILLAD-MIL,2026-08-16,823912,MIL @ LAD,KXMLBF7-26AUG161610MILLAD-MIL,,inning_result,,F7,Away,,,Away,PAPER_SPREAD_LEDGER,,,exact_ticker,32.0,,,32.0,31.0,,,,,,,,,33.394,32.0,1.394,,PAPER,PAPER_ONLY_REAL_MONEY_BLOCKED,SUPPORTED,,PENDING,,,,,,,,,,,,F7,,"[""NOT_YET_ACTIVATED_NO_HISTORICAL_PAPER_SAMPLE""]","{""alternateLine"": null, ""rank"": 258}",CLEAN,[],PAPER,False,5.0,,,"[""NOT_YET_ACTIVATED_NO_HISTORICAL_PAPER_SAMPLE""]"
PAPER:2026-08-16:KXMLBF7-26AUG161610MILLAD-TIE,2026-08-16,823912,MIL @ LAD,KXMLBF7-26AUG161610MILLAD-TIE,,inning_result,,F7,Tie,,,Tie,PAPER_SPREAD_LEDGER,,,exact_ticker,13.0,,,13.0,12.0,,,,,,,,,22.468,13.0,9.468,,HIGH,PAPER_ONLY_REAL_MONEY_BLOCKED,SUPPORTED,,PENDING,,,,,,,,,,,,F7,,"[""NOT_YET_ACTIVATED_NO_HISTORICAL_PAPER_SAMPLE""]","{""alternateLine"": null, ""rank"": 94}",CLEAN,[],PAPER,False,5.0,,,"[""NOT_YET_ACTIVATED_NO_HISTORICAL_PAPER_SAMPLE""]"
PAPER:2026-08-16:KXMLBF7-26AUG161920SEAHOU-SEA,2026-08-16,824156,SEA @ HOU,KXMLBF7-26AUG161920SEAHOU-SEA,,inning_result,,F7,Away,,,Away,PAPER_SPREAD_LEDGER,,,exact_ticker,41.0,,,41.0,39.5,,,,,,,,,45.727,41.0,4.727,,HIGH,PAPER_ONLY_REAL_MONEY_BLOCKED,SUPPORTED,,PENDING,,,,,,,,,,,,F7,,"[""NOT_YET_ACTIVATED_NO_HISTORICAL_PAPER_SAMPLE""]","{""alternateLine"": null, ""rank"": 174}",CLEAN,[],PAPER,False,5.0,,,"[""NOT_YET_ACTIVATED_NO_HISTORICAL_PAPER_SAMPLE""]"
PAPER:2026-08-16:KXMLBF7-26AUG161920SEAHOU-TIE,2026-08-16,824156,SEA @ HOU,KXMLBF7-26AUG161920SEAHOU-TIE,,inning_result,,F7,Tie,,,Tie,PAPER_SPREAD_LEDGER,,,exact_ticker,13.0,,,13.0,12.0,,,,,,,,,20.526,13.0,7.526,,HIGH,PAPER_ONLY_REAL_MONEY_BLOCKED,SUPPORTED,,PENDING,,,,,,,,,,,,F7,,"[""NOT_YET_ACTIVATED_NO_HISTORICAL_PAPER_SAMPLE""]","{""alternateLine"": null, ""rank"": 129}",CLEAN,[],PAPER,False,5.0,,,"[""NOT_YET_ACTIVATED_NO_HISTORICAL_PAPER_SAMPLE""]"
PAPER:2026-08-16:KXMLBSPREAD-26AUG161335AZATL-AZ2,2026-08-16,824880,AZ @ ATL,KXMLBSPREAD-26AUG161335AZATL-AZ2,,winning_margin,,full_game,AZ,1.5,,AZ,PAPER_SPREAD_LEDGER,,,exact_ticker,35.0,,,35.0,34.5,,,,,,,,,45.251,35.0,10.251,,HIGH,PAPER_ONLY_REAL_MONEY_BLOCKED,SUPPORTED,,PENDING,,,,,,,,,,,,full_game,,"[""RULE_81""]","{""alternateLine"": false, ""rank"": 90}",CLEAN,[],PAPER,False,5.0,,,"[""RULE_81""]"
PAPER:2026-08-16:KXMLBSPREAD-26AUG161335AZATL-AZ3,2026-08-16,824880,AZ @ ATL,KXMLBSPREAD-26AUG161335AZATL-AZ3,,winning_margin,,full_game,AZ,2.5,,AZ,PAPER_SPREAD_LEDGER,,,exact_ticker,26.0,,,26.0,25.5,,,,,,,,,31.444,26.0,5.444,,HIGH,PAPER_ONLY_REAL_MONEY_BLOCKED,SUPPORTED,,PENDING,,,,,,,,,,,,full_game,,"[""RULE_81""]","{""alternateLine"": true, ""rank"": 163}",CLEAN,[],PAPER,False,5.0,,,"[""RULE_81""]"
PAPER:2026-08-16:KXMLBSPREAD-26AUG161340MIACIN-MIA2,2026-08-16,824477,MIA @ CIN,KXMLBSPREAD-26AUG161340MIACIN-MIA2,,winning_margin,,full_game,MIA,1.5,,MIA,PAPER_SPREAD_LEDGER,,,exact_ticker,42.0,,,42.0,41.5,,,,,,,,,50.059,42.0,8.059,,HIGH,PAPER_ONLY_REAL_MONEY_BLOCKED,SUPPORTED,,PENDING,,,,,,,,,,,,full_game,,"[""RULE_81""]","{""alternateLine"": false, ""rank"": 115}",CLEAN,[],PAPER,False,5.0,,,"[""RULE_81""]"
PAPER:2026-08-16:KXMLBSPREAD-26AUG161340MIACIN-MIA3,2026-08-16,824477,MIA @ CIN,KXMLBSPREAD-26AUG161340MIACIN-MIA3,,winning_margin,,full_game,MIA,2.5,,MIA,PAPER_SPREAD_LEDGER,,,exact_ticker,32.0,,,32.0,31.5,,,,,,,,,36.453,32.0,4.453,,HIGH,PAPER_ONLY_REAL_MONEY_BLOCKED,SUPPORTED,,PENDING,,,,,,,,,,,,full_game,,"[""RULE_81""]","{""alternateLine"": true, ""rank"": 183}",CLEAN,[],PAPER,False,5.0,,,"[""RULE_81""]"
PAPER:2026-08-16:KXMLBSPREAD-26AUG161340MIACIN-MIA4,2026-08-16,824477,MIA @ CIN,KXMLBSPREAD-26AUG161340MIACIN-MIA4,,winning_margin,,full_game,MIA,3.5,,MIA,PAPER_SPREAD_LEDGER,,,exact_ticker,23.0,,,23.0,22.5,,,,,,,,,24.505,23.0,1.505,,MEDIUM,PAPER_ONLY_REAL_MONEY_BLOCKED,SUPPORTED,,PENDING,,,,,,,,,,,,full_game,,"[""RULE_81""]","{""alternateLine"": true, ""rank"": 254}",CLEAN,[],PAPER,False,5.0,,,"[""RULE_81""]"
PAPER:2026-08-16:KXMLBSPREAD-26AUG161340SDCLE-SD2,2026-08-16,824397,SD @ CLE,KXMLBSPREAD-26AUG161340SDCLE-SD2,,winning_margin,,full_game,SD,1.5,,SD,PAPER_SPREAD_LEDGER,,,exact_ticker,39.0,,,39.0,38.5,,,,,,,,,41.514,39.0,2.514,,MEDIUM,PAPER_ONLY_REAL_MONEY_BLOCKED,SUPPORTED,,PENDING,,,,,,,,,,,,full_game,,"[""RULE_81""]","{""alternateLine"": false, ""rank"": 230}",CLEAN,[],PAPER,False,5.0,,,"[""RULE_81""]"
PAPER:2026-08-16:KXMLBSPREAD-26AUG161340WSHNYM-NYM2,2026-08-16,823590,WSH @ NYM,KXMLBSPREAD-26AUG161340WSHNYM-NYM2,,winning_margin,,full_game,NYM,1.5,,NYM,PAPER_SPREAD_LEDGER,,,exact_ticker,43.0,,,43.0,42.5,,,,,,,,,46.161,43.0,3.161,,HIGH,PAPER_ONLY_REAL_MONEY_BLOCKED,SUPPORTED,,PENDING,,,,,,,,,,,,full_game,,"[""RULE_81""]","{""alternateLine"": false, ""rank"": 215}",CLEAN,[],PAPER,False,5.0,,,"[""RULE_81""]"
PAPER:2026-08-16:KXMLBSPREAD-26AUG161410PHIMIN-PHI2,2026-08-16,823670,PHI @ MIN,KXMLBSPREAD-26AUG161410PHIMIN-PHI2,,winning_margin,,full_game,PHI,1.5,,PHI,PAPER_SPREAD_LEDGER,,,exact_ticker,39.0,,,39.0,38.5,,,,,,,,,43.21,39.0,4.21,,HIGH,PAPER_ONLY_REAL_MONEY_BLOCKED,SUPPORTED,,PENDING,,,,,,,,,,,,full_game,,"[""RULE_81""]","{""alternateLine"": false, ""rank"": 191}",CLEAN,[],PAPER,False,5.0,,,"[""RULE_81""]"
PAPER:2026-08-16:KXMLBSPREAD-26AUG161515STLCHC-STL2,2026-08-16,824642,STL @ CHC,KXMLBSPREAD-26AUG161515STLCHC-STL2,,winning_margin,,full_game,STL,1.5,,STL,PAPER_SPREAD_LEDGER,,,exact_ticker,29.0,,,29.0,28.5,,,,,,,,,37.939,29.0,8.939,,HIGH,PAPER_ONLY_REAL_MONEY_BLOCKED,SUPPORTED,,PENDING,,,,,,,,,,,,full_game,,"[""RULE_81""]","{""alternateLine"": false, ""rank"": 99}",CLEAN,[],PAPER,False,5.0,,,"[""RULE_81""]"
PAPER:2026-08-16:KXMLBSPREAD-26AUG161515STLCHC-STL3,2026-08-16,824642,STL @ CHC,KXMLBSPREAD-26AUG161515STLCHC-STL3,,winning_margin,,full_game,STL,2.5,,STL,PAPER_SPREAD_LEDGER,,,exact_ticker,21.0,,,21.0,20.5,,,,,,,,,26.391,21.0,5.391,,HIGH,PAPER_ONLY_REAL_MONEY_BLOCKED,SUPPORTED,,PENDING,,,,,,,,,,,,full_game,,"[""RULE_81""]","{""alternateLine"": true, ""rank"": 165}",CLEAN,[],PAPER,False,5.0,,,"[""RULE_81""]"
PAPER:2026-08-16:KXMLBSPREAD-26AUG161515STLCHC-STL4,2026-08-16,824642,STL @ CHC,KXMLBSPREAD-26AUG161515STLCHC-STL4,,winning_margin,,full_game,STL,3.5,,STL,PAPER_SPREAD_LEDGER,,,exact_ticker,14.0,,,14.0,13.5,,,,,,,,,17.03,14.0,3.03,,HIGH,PAPER_ONLY_REAL_MONEY_BLOCKED,SUPPORTED,,PENDING,,,,,,,,,,,,full_game,,"[""RULE_81""]","{""alternateLine"": true, ""rank"": 218}",CLEAN,[],PAPER,False,5.0,,,"[""RULE_81""]"
PAPER:2026-08-16:KXMLBSPREAD-26AUG161607KCLAA-KC2,2026-08-16,823991,KC @ LAA,KXMLBSPREAD-26AUG161607KCLAA-KC2,,winning_margin,,full_game,KC,1.5,,KC,PAPER_SPREAD_LEDGER,,,exact_ticker,40.0,,,40.0,39.5,,,,,,,,,41.162,40.0,1.162,,PAPER,PAPER_ONLY_REAL_MONEY_BLOCKED,SUPPORTED,,PENDING,,,,,,,,,,,,full_game,,"[""RULE_81""]","{""alternateLine"": false, ""rank"": 263}",CLEAN,[],PAPER,False,5.0,,,"[""RULE_81""]"
PAPER:2026-08-16:KXMLBSPREAD-26AUG161920SEAHOU-SEA2,2026-08-16,824156,SEA @ HOU,KXMLBSPREAD-26AUG161920SEAHOU-SEA2,,winning_margin,,full_game,SEA,1.5,,SEA,PAPER_SPREAD_LEDGER,,,exact_ticker,34.0,,,34.0,33.5,,,,,,,,,41.764,34.0,7.764,,HIGH,PAPER_ONLY_REAL_MONEY_BLOCKED,SUPPORTED,,PENDING,,,,,,,,,,,,full_game,,"[""RULE_81""]","{""alternateLine"": false, ""rank"": 124}",CLEAN,[],PAPER,False,5.0,,,"[""RULE_81""]"
PAPER:2026-08-16:KXMLBSPREAD-26AUG161920SEAHOU-SEA3,2026-08-16,824156,SEA @ HOU,KXMLBSPREAD-26AUG161920SEAHOU-SEA3,,winning_margin,,full_game,SEA,2.5,,SEA,PAPER_SPREAD_LEDGER,,,exact_ticker,24.0,,,24.0,23.5,,,,,,,,,28.314,24.0,4.314,,HIGH,PAPER_ONLY_REAL_MONEY_BLOCKED,SUPPORTED,,PENDING,,,,,,,,,,,,full_game,,"[""RULE_81""]","{""alternateLine"": true, ""rank"": 187}",CLEAN,[],PAPER,False,5.0,,,"[""RULE_81""]"
PAPER:2026-08-17:KXMLBF3-26AUG171805BALTB-TB,2026-08-17,822939,BAL @ TB,KXMLBF3-26AUG171805BALTB-TB,,inning_result,,F3,Home,,,Home,PAPER_SPREAD_LEDGER,,,exact_ticker,43.0,,,43.0,42.5,,,,,,,,,44.354,43.0,1.354,,PAPER,PAPER_ONLY_REAL_MONEY_BLOCKED,SUPPORTED,,PENDING,,,,,,,,,,,,F3,,"[""NOT_YET_ACTIVATED_NO_HISTORICAL_PAPER_SAMPLE""]","{""alternateLine"": null, ""rank"": 138}",CLEAN,[],PAPER,False,5.0,,,"[""NOT_YET_ACTIVATED_NO_HISTORICAL_PAPER_SAMPLE""]"
PAPER:2026-08-17:KXMLBF3-26AUG171805BALTB-TIE,2026-08-17,822939,BAL @ TB,KXMLBF3-26AUG171805BALTB-TIE,,inning_result,,F3,Tie,,,Tie,PAPER_SPREAD_LEDGER,,,exact_ticker,25.0,,,25.0,24.5,,,,,,,,,26.228,25.0,1.228,,PAPER,PAPER_ONLY_REAL_MONEY_BLOCKED,SUPPORTED,,PENDING,,,,,,,,,,,,F3,,"[""NOT_YET_ACTIVATED_NO_HISTORICAL_PAPER_SAMPLE""]","{""alternateLine"": null, ""rank"": 143}",CLEAN,[],PAPER,False,5.0,,,"[""NOT_YET_ACTIVATED_NO_HISTORICAL_PAPER_SAMPLE""]"
PAPER:2026-08-17:KXMLBF3-26AUG171840MIAPHI-TIE,2026-08-17,823427,MIA @ PHI,KXMLBF3-26AUG171840MIAPHI-TIE,,inning_result,,F3,Tie,,,Tie,PAPER_SPREAD_LEDGER,,,exact_ticker,24.0,,,24.0,23.5,,,,,,,,,25.985,24.0,1.985,,MEDIUM,PAPER_ONLY_REAL_MONEY_BLOCKED,SUPPORTED,,PENDING,,,,,,,,,,,,F3,,"[""NOT_YET_ACTIVATED_NO_HISTORICAL_PAPER_SAMPLE""]","{""alternateLine"": null, ""rank"": 126}",CLEAN,[],PAPER,False,5.0,,,"[""NOT_YET_ACTIVATED_NO_HISTORICAL_PAPER_SAMPLE""]"
PAPER:2026-08-17:KXMLBF3-26AUG171910AZBOS-BOS,2026-08-17,824725,AZ @ BOS,KXMLBF3-26AUG171910AZBOS-BOS,,inning_result,,F3,Home,,,Home,PAPER_SPREAD_LEDGER,,,exact_ticker,42.0,,,42.0,41.5,,,,,,,,,52.988,42.0,10.988,,HIGH,PAPER_ONLY_REAL_MONEY_BLOCKED,SUPPORTED,,PENDING,,,,,,,,,,,,F3,,"[""NOT_YET_ACTIVATED_NO_HISTORICAL_PAPER_SAMPLE""]","{""alternateLine"": null, ""rank"": 20}",CLEAN,[],PAPER,False,5.0,,,"[""NOT_YET_ACTIVATED_NO_HISTORICAL_PAPER_SAMPLE""]"
PAPER:2026-08-17:KXMLBF3-26AUG171910SDNYM-TIE,2026-08-17,823589,SD @ NYM,KXMLBF3-26AUG171910SDNYM-TIE,,inning_result,,F3,Tie,,,Tie,PAPER_SPREAD_LEDGER,,,exact_ticker,24.0,,,24.0,23.5,,,,,,,,,26.618,24.0,2.618,,MEDIUM,PAPER_ONLY_REAL_MONEY_BLOCKED,SUPPORTED,,PENDING,,,,,,,,,,,,F3,,"[""NOT_YET_ACTIVATED_NO_HISTORICAL_PAPER_SAMPLE""]","{""alternateLine"": null, ""rank"": 113}",CLEAN,[],PAPER,False,5.0,,,"[""NOT_YET_ACTIVATED_NO_HISTORICAL_PAPER_SAMPLE""]"
PAPER:2026-08-17:KXMLBF3-26AUG171940ATHKC-TIE,2026-08-17,824077,ATH @ KC,KXMLBF3-26AUG171940ATHKC-TIE,,inning_result,,F3,Tie,,,Tie,PAPER_SPREAD_LEDGER,,,exact_ticker,22.0,,,22.0,21.0,,,,,,,,,23.556,22.0,1.556,,MEDIUM,PAPER_ONLY_REAL_MONEY_BLOCKED,SUPPORTED,,PENDING,,,,,,,,,,,,F3,,"[""NOT_YET_ACTIVATED_NO_HISTORICAL_PAPER_SAMPLE""]","{""alternateLine"": null, ""rank"": 134}",CLEAN,[],PAPER,False,5.0,,,"[""NOT_YET_ACTIVATED_NO_HISTORICAL_PAPER_SAMPLE""]"
PAPER:2026-08-17:KXMLBF3-26AUG171940ATLMIN-TIE,2026-08-17,823668,ATL @ MIN,KXMLBF3-26AUG171940ATLMIN-TIE,,inning_result,,F3,Tie,,,Tie,PAPER_SPREAD_LEDGER,,,exact_ticker,21.0,,,21.0,20.5,,,,,,,,,24.556,21.0,3.556,,HIGH,PAPER_ONLY_REAL_MONEY_BLOCKED,SUPPORTED,,PENDING,,,,,,,,,,,,F3,,"[""NOT_YET_ACTIVATED_NO_HISTORICAL_PAPER_SAMPLE""]","{""alternateLine"": null, ""rank"": 101}",CLEAN,[],PAPER,False,5.0,,,"[""NOT_YET_ACTIVATED_NO_HISTORICAL_PAPER_SAMPLE""]"
PAPER:2026-08-17:KXMLBF3-26AUG172005CWSCHC-CWS,2026-08-17,824641,CWS @ CHC,KXMLBF3-26AUG172005CWSCHC-CWS,,inning_result,,F3,Away,,,Away,PAPER_SPREAD_LEDGER,,,exact_ticker,31.0,,,31.0,30.5,,,,,,,,,40.764,31.0,9.764,,HIGH,PAPER_ONLY_REAL_MONEY_BLOCKED,SUPPORTED,,PENDING,,,,,,,,,,,,F3,,"[""NOT_YET_ACTIVATED_NO_HISTORICAL_PAPER_SAMPLE""]","{""alternateLine"": null, ""rank"": 30}",CLEAN,[],PAPER,False,5.0,,,"[""NOT_YET_ACTIVATED_NO_HISTORICAL_PAPER_SAMPLE""]"
PAPER:2026-08-17:KXMLBF3-26AUG172040LADCOL-LAD,2026-08-17,824320,LAD @ COL,KXMLBF3-26AUG172040LADCOL-LAD,,inning_result,,F3,Away,,,Away,PAPER_SPREAD_LEDGER,,,exact_ticker,54.0,,,54.0,53.5,,,,,,,,,55.184,54.0,1.184,,PAPER,PAPER_ONLY_REAL_MONEY_BLOCKED,SUPPORTED,,PENDING,,,,,,,,,,,,F3,,"[""NOT_YET_ACTIVATED_NO_HISTORICAL_PAPER_SAMPLE""]","{""alternateLine"": null, ""rank"": 144}",CLEAN,[],PAPER,False,5.0,,,"[""NOT_YET_ACTIVATED_NO_HISTORICAL_PAPER_SAMPLE""]"
PAPER:2026-08-17:KXMLBF3-26AUG172040LADCOL-TIE,2026-08-17,824320,LAD @ COL,KXMLBF3-26AUG172040LADCOL-TIE,,inning_result,,F3,Tie,,,Tie,PAPER_SPREAD_LEDGER,,,exact_ticker,21.0,,,21.0,20.0,,,,,,,,,23.595,21.0,2.595,,MEDIUM,PAPER_ONLY_REAL_MONEY_BLOCKED,SUPPORTED,,PENDING,,,,,,,,,,,,F3,,"[""NOT_YET_ACTIVATED_NO_HISTORICAL_PAPER_SAMPLE""]","{""alternateLine"": null, ""rank"": 114}",CLEAN,[],PAPER,False,5.0,,,"[""NOT_YET_ACTIVATED_NO_HISTORICAL_PAPER_SAMPLE""]"
PAPER:2026-08-17:KXMLBF5SPREAD-26AUG171905DETPIT-PIT2,2026-08-17,823343,DET @ PIT,KXMLBF5SPREAD-26AUG171905DETPIT-PIT2,,winning_margin,,F5,PIT,1.5,,PIT,PAPER_SPREAD_LEDGER,,,exact_ticker,28.0,,,28.0,27.5,,,,,,,,,37.983,28.0,9.983,,HIGH,PAPER_ONLY_REAL_MONEY_BLOCKED,SUPPORTED,,PENDING,,,,,,,,,,,,F5,,"[""NOT_YET_ACTIVATED_NO_HISTORICAL_PAPER_SAMPLE""]","{""alternateLine"": false, ""rank"": 28}",CLEAN,[],PAPER,False,5.0,,,"[""NOT_YET_ACTIVATED_NO_HISTORICAL_PAPER_SAMPLE""]"
PAPER:2026-08-17:KXMLBF5SPREAD-26AUG171905DETPIT-PIT3,2026-08-17,823343,DET @ PIT,KXMLBF5SPREAD-26AUG171905DETPIT-PIT3,,winning_margin,,F5,PIT,2.5,,PIT,PAPER_SPREAD_LEDGER,,,exact_ticker,18.0,,,18.0,17.5,,,,,,,,,19.936,18.0,1.936,,MEDIUM,PAPER_ONLY_REAL_MONEY_BLOCKED,SUPPORTED,,PENDING,,,,,,,,,,,,F5,,"[""NOT_YET_ACTIVATED_NO_HISTORICAL_PAPER_SAMPLE""]","{""alternateLine"": true, ""rank"": 127}",CLEAN,[],PAPER,False,5.0,,,"[""NOT_YET_ACTIVATED_NO_HISTORICAL_PAPER_SAMPLE""]"
PAPER:2026-08-17:KXMLBF5SPREAD-26AUG172005CWSCHC-CWS2,2026-08-17,824641,CWS @ CHC,KXMLBF5SPREAD-26AUG172005CWSCHC-CWS2,,winning_margin,,F5,CWS,1.5,,CWS,PAPER_SPREAD_LEDGER,,,exact_ticker,22.0,,,22.0,21.5,,,,,,,,,27.831,22.0,5.831,,HIGH,PAPER_ONLY_REAL_MONEY_BLOCKED,SUPPORTED,,PENDING,,,,,,,,,,,,F5,,"[""NOT_YET_ACTIVATED_NO_HISTORICAL_PAPER_SAMPLE""]","{""alternateLine"": false, ""rank"": 77}",CLEAN,[],PAPER,False,5.0,,,"[""NOT_YET_ACTIVATED_NO_HISTORICAL_PAPER_SAMPLE""]"
PAPER:2026-08-17:KXMLBF5SPREAD-26AUG172005CWSCHC-CWS3,2026-08-17,824641,CWS @ CHC,KXMLBF5SPREAD-26AUG172005CWSCHC-CWS3,,winning_margin,,F5,CWS,2.5,,CWS,PAPER_SPREAD_LEDGER,,,exact_ticker,12.0,,,12.0,11.5,,,,,,,,,15.193,12.0,3.193,,HIGH,PAPER_ONLY_REAL_MONEY_BLOCKED,SUPPORTED,,PENDING,,,,,,,,,,,,F5,,"[""NOT_YET_ACTIVATED_NO_HISTORICAL_PAPER_SAMPLE""]","{""alternateLine"": true, ""rank"": 108}",CLEAN,[],PAPER,False,5.0,,,"[""NOT_YET_ACTIVATED_NO_HISTORICAL_PAPER_SAMPLE""]"
PAPER:2026-08-17:KXMLBF7-26AUG171805BALTB-TB,2026-08-17,822939,BAL @ TB,KXMLBF7-26AUG171805BALTB-TB,,inning_result,,F7,Home,,,Home,PAPER_SPREAD_LEDGER,,,exact_ticker,53.0,,,53.0,52.5,,,,,,,,,58.155,53.0,5.155,,HIGH,PAPER_ONLY_REAL_MONEY_BLOCKED,SUPPORTED,,PENDING,,,,,,,,,,,,F7,,"[""NOT_YET_ACTIVATED_NO_HISTORICAL_PAPER_SAMPLE""]","{""alternateLine"": null, ""rank"": 87}",CLEAN,[],PAPER,False,5.0,,,"[""NOT_YET_ACTIVATED_NO_HISTORICAL_PAPER_SAMPLE""]"
PAPER:2026-08-17:KXMLBF7-26AUG171805BALTB-TIE,2026-08-17,822939,BAL @ TB,KXMLBF7-26AUG171805BALTB-TIE,,inning_result,,F7,Tie,,,Tie,PAPER_SPREAD_LEDGER,,,exact_ticker,11.0,,,11.0,10.5,,,,,,,,,17.909,11.0,6.909,,HIGH,PAPER_ONLY_REAL_MONEY_BLOCKED,SUPPORTED,,PENDING,,,,,,,,,,,,F7,,"[""NOT_YET_ACTIVATED_NO_HISTORICAL_PAPER_SAMPLE""]","{""alternateLine"": null, ""rank"": 58}",CLEAN,[],PAPER,False,5.0,,,"[""NOT_YET_ACTIVATED_NO_HISTORICAL_PAPER_SAMPLE""]"
PAPER:2026-08-17:KXMLBF7-26AUG171840MIAPHI-TIE,2026-08-17,823427,MIA @ PHI,KXMLBF7-26AUG171840MIAPHI-TIE,,inning_result,,F7,Tie,,,Tie,PAPER_SPREAD_LEDGER,,,exact_ticker,12.0,,,12.0,11.5,,,,,,,,,18.132,12.0,6.132,,HIGH,PAPER_ONLY_REAL_MONEY_BLOCKED,SUPPORTED,,PENDING,,,,,,,,,,,,F7,,"[""NOT_YET_ACTIVATED_NO_HISTORICAL_PAPER_SAMPLE""]","{""alternateLine"": null, ""rank"": 74}",CLEAN,[],PAPER,False,5.0,,,"[""NOT_YET_ACTIVATED_NO_HISTORICAL_PAPER_SAMPLE""]"
PAPER:2026-08-17:KXMLBF7-26AUG171910AZBOS-TIE,2026-08-17,824725,AZ @ BOS,KXMLBF7-26AUG171910AZBOS-TIE,,inning_result,,F7,Tie,,,Tie,PAPER_SPREAD_LEDGER,,,exact_ticker,12.0,,,12.0,11.5,,,,,,,,,18.986,12.0,6.986,,HIGH,PAPER_ONLY_REAL_MONEY_BLOCKED,SUPPORTED,,PENDING,,,,,,,,,,,,F7,,"[""NOT_YET_ACTIVATED_NO_HISTORICAL_PAPER_SAMPLE""]","{""alternateLine"": null, ""rank"": 56}",CLEAN,[],PAPER,False,5.0,,,"[""NOT_YET_ACTIVATED_NO_HISTORICAL_PAPER_SAMPLE""]"
PAPER:2026-08-17:KXMLBF7-26AUG171910SDNYM-SD,2026-08-17,823589,SD @ NYM,KXMLBF7-26AUG171910SDNYM-SD,,inning_result,,F7,Away,,,Away,PAPER_SPREAD_LEDGER,,,exact_ticker,38.0,,,38.0,37.5,,,,,,,,,46.797,38.0,8.797,,HIGH,PAPER_ONLY_REAL_MONEY_BLOCKED,SUPPORTED,,PENDING,,,,,,,,,,,,F7,,"[""NOT_YET_ACTIVATED_NO_HISTORICAL_PAPER_SAMPLE""]","{""alternateLine"": null, ""rank"": 39}",CLEAN,[],PAPER,False,5.0,,,"[""NOT_YET_ACTIVATED_NO_HISTORICAL_PAPER_SAMPLE""]"
PAPER:2026-08-17:KXMLBF7-26AUG171910SDNYM-TIE,2026-08-17,823589,SD @ NYM,KXMLBF7-26AUG171910SDNYM-TIE,,inning_result,,F7,Tie,,,Tie,PAPER_SPREAD_LEDGER,,,exact_ticker,11.0,,,11.0,10.5,,,,,,,,,19.707,11.0,8.707,,HIGH,PAPER_ONLY_REAL_MONEY_BLOCKED,SUPPORTED,,PENDING,,,,,,,,,,,,F7,,"[""NOT_YET_ACTIVATED_NO_HISTORICAL_PAPER_SAMPLE""]","{""alternateLine"": null, ""rank"": 40}",CLEAN,[],PAPER,False,5.0,,,"[""NOT_YET_ACTIVATED_NO_HISTORICAL_PAPER_SAMPLE""]"
PAPER:2026-08-17:KXMLBF7-26AUG171940ATHKC-ATH,2026-08-17,824077,ATH @ KC,KXMLBF7-26AUG171940ATHKC-ATH,,inning_result,,F7,Away,,,Away,PAPER_SPREAD_LEDGER,,,exact_ticker,33.0,,,33.0,31.5,,,,,,,,,42.597,33.0,9.597,,HIGH,PAPER_ONLY_REAL_MONEY_BLOCKED,SUPPORTED,,PENDING,,,,,,,,,,,,F7,,"[""NOT_YET_ACTIVATED_NO_HISTORICAL_PAPER_SAMPLE""]","{""alternateLine"": null, ""rank"": 32}",CLEAN,[],PAPER,False,5.0,,,"[""NOT_YET_ACTIVATED_NO_HISTORICAL_PAPER_SAMPLE""]"
PAPER:2026-08-17:KXMLBF7-26AUG171940ATHKC-TIE,2026-08-17,824077,ATH @ KC,KXMLBF7-26AUG171940ATHKC-TIE,,inning_result,,F7,Tie,,,Tie,PAPER_SPREAD_LEDGER,,,exact_ticker,11.0,,,11.0,10.0,,,,,,,,,18.063,11.0,7.063,,HIGH,PAPER_ONLY_REAL_MONEY_BLOCKED,SUPPORTED,,PENDING,,,,,,,,,,,,F7,,"[""NOT_YET_ACTIVATED_NO_HISTORICAL_PAPER_SAMPLE""]","{""alternateLine"": null, ""rank"": 55}",CLEAN,[],PAPER,False,5.0,,,"[""NOT_YET_ACTIVATED_NO_HISTORICAL_PAPER_SAMPLE""]"
PAPER:2026-08-17:KXMLBF7-26AUG171940ATLMIN-ATL,2026-08-17,823668,ATL @ MIN,KXMLBF7-26AUG171940ATLMIN-ATL,,inning_result,,F7,Away,,,Away,PAPER_SPREAD_LEDGER,,,exact_ticker,49.0,,,49.0,48.5,,,,,,,,,54.003,49.0,5.003,,HIGH,PAPER_ONLY_REAL_MONEY_BLOCKED,SUPPORTED,,PENDING,,,,,,,,,,,,F7,,"[""NOT_YET_ACTIVATED_NO_HISTORICAL_PAPER_SAMPLE""]","{""alternateLine"": null, ""rank"": 89}",CLEAN,[],PAPER,False,5.0,,,"[""NOT_YET_ACTIVATED_NO_HISTORICAL_PAPER_SAMPLE""]"
PAPER:2026-08-17:KXMLBF7-26AUG171940ATLMIN-TIE,2026-08-17,823668,ATL @ MIN,KXMLBF7-26AUG171940ATLMIN-TIE,,inning_result,,F7,Tie,,,Tie,PAPER_SPREAD_LEDGER,,,exact_ticker,11.0,,,11.0,10.5,,,,,,,,,17.268,11.0,6.268,,HIGH,PAPER_ONLY_REAL_MONEY_BLOCKED,SUPPORTED,,PENDING,,,,,,,,,,,,F7,,"[""NOT_YET_ACTIVATED_NO_HISTORICAL_PAPER_SAMPLE""]","{""alternateLine"": null, ""rank"": 73}",CLEAN,[],PAPER,False,5.0,,,"[""NOT_YET_ACTIVATED_NO_HISTORICAL_PAPER_SAMPLE""]"
PAPER:2026-08-17:KXMLBF7-26AUG172005CWSCHC-CWS,2026-08-17,824641,CWS @ CHC,KXMLBF7-26AUG172005CWSCHC-CWS,,inning_result,,F7,Away,,,Away,PAPER_SPREAD_LEDGER,,,exact_ticker,35.0,,,35.0,34.0,,,,,,,,,41.701,35.0,6.701,,HIGH,PAPER_ONLY_REAL_MONEY_BLOCKED,SUPPORTED,,PENDING,,,,,,,,,,,,F7,,"[""NOT_YET_ACTIVATED_NO_HISTORICAL_PAPER_SAMPLE""]","{""alternateLine"": null, ""rank"": 64}",CLEAN,[],PAPER,False,5.0,,,"[""NOT_YET_ACTIVATED_NO_HISTORICAL_PAPER_SAMPLE""]"
PAPER:2026-08-17:KXMLBF7-26AUG172005CWSCHC-TIE,2026-08-17,824641,CWS @ CHC,KXMLBF7-26AUG172005CWSCHC-TIE,,inning_result,,F7,Tie,,,Tie,PAPER_SPREAD_LEDGER,,,exact_ticker,11.0,,,11.0,10.5,,,,,,,,,17.325,11.0,6.325,,HIGH,PAPER_ONLY_REAL_MONEY_BLOCKED,SUPPORTED,,PENDING,,,,,,,,,,,,F7,,"[""NOT_YET_ACTIVATED_NO_HISTORICAL_PAPER_SAMPLE""]","{""alternateLine"": null, ""rank"": 71}",CLEAN,[],PAPER,False,5.0,,,"[""NOT_YET_ACTIVATED_NO_HISTORICAL_PAPER_SAMPLE""]"
PAPER:2026-08-17:KXMLBF7-26AUG172040LADCOL-LAD,2026-08-17,824320,LAD @ COL,KXMLBF7-26AUG172040LADCOL-LAD,,inning_result,,F7,Away,,,Away,PAPER_SPREAD_LEDGER,,,exact_ticker,65.0,,,65.0,64.5,,,,,,,,,68.521,65.0,3.521,,HIGH,PAPER_ONLY_REAL_MONEY_BLOCKED,SUPPORTED,,PENDING,,,,,,,,,,,,F7,,"[""NOT_YET_ACTIVATED_NO_HISTORICAL_PAPER_SAMPLE""]","{""alternateLine"": null, ""rank"": 102}",CLEAN,[],PAPER,False,5.0,,,"[""NOT_YET_ACTIVATED_NO_HISTORICAL_PAPER_SAMPLE""]"
PAPER:2026-08-17:KXMLBF7-26AUG172040LADCOL-TIE,2026-08-17,824320,LAD @ COL,KXMLBF7-26AUG172040LADCOL-TIE,,inning_result,,F7,Tie,,,Tie,PAPER_SPREAD_LEDGER,,,exact_ticker,10.0,,,10.0,9.5,,,,,,,,,15.272,10.0,5.272,,HIGH,PAPER_ONLY_REAL_MONEY_BLOCKED,SUPPORTED,,PENDING,,,,,,,,,,,,F7,,"[""NOT_YET_ACTIVATED_NO_HISTORICAL_PAPER_SAMPLE""]","{""alternateLine"": null, ""rank"": 83}",CLEAN,[],PAPER,False,5.0,,,"[""NOT_YET_ACTIVATED_NO_HISTORICAL_PAPER_SAMPLE""]"
PAPER:2026-08-17:KXMLBSPREAD-26AUG171910AZBOS-BOS2,2026-08-17,824725,AZ @ BOS,KXMLBSPREAD-26AUG171910AZBOS-BOS2,,winning_margin,,full_game,BOS,1.5,,BOS,PAPER_SPREAD_LEDGER,,,exact_ticker,39.0,,,39.0,38.5,,,,,,,,,47.472,39.0,8.472,,HIGH,PAPER_ONLY_REAL_MONEY_BLOCKED,SUPPORTED,,PENDING,,,,,,,,,,,,full_game,,"[""RULE_81""]","{""alternateLine"": false, ""rank"": 42}",CLEAN,[],PAPER,False,5.0,,,"[""RULE_81""]"
PAPER:2026-08-17:KXMLBSPREAD-26AUG171910AZBOS-BOS3,2026-08-17,824725,AZ @ BOS,KXMLBSPREAD-26AUG171910AZBOS-BOS3,,winning_margin,,full_game,BOS,2.5,,BOS,PAPER_SPREAD_LEDGER,,,exact_ticker,29.0,,,29.0,28.5,,,,,,,,,33.921,29.0,4.921,,HIGH,PAPER_ONLY_REAL_MONEY_BLOCKED,SUPPORTED,,PENDING,,,,,,,,,,,,full_game,,"[""RULE_81""]","{""alternateLine"": true, ""rank"": 90}",CLEAN,[],PAPER,False,5.0,,,"[""RULE_81""]"
PAPER:2026-08-17:KXMLBSPREAD-26AUG171910SDNYM-NYM2,2026-08-17,823589,SD @ NYM,KXMLBSPREAD-26AUG171910SDNYM-NYM2,,winning_margin,,full_game,NYM,1.5,,NYM,PAPER_SPREAD_LEDGER,,,exact_ticker,37.0,,,37.0,36.5,,,,,,,,,40.062,37.0,3.062,,HIGH,PAPER_ONLY_REAL_MONEY_BLOCKED,SUPPORTED,,PENDING,,,,,,,,,,,,full_game,,"[""RULE_81""]","{""alternateLine"": false, ""rank"": 110}",CLEAN,[],PAPER,False,5.0,,,"[""RULE_81""]"
PAPER:2026-08-17:KXMLBSPREAD-26AUG171910SDNYM-NYM3,2026-08-17,823589,SD @ NYM,KXMLBSPREAD-26AUG171910SDNYM-NYM3,,winning_margin,,full_game,NYM,2.5,,NYM,PAPER_SPREAD_LEDGER,,,exact_ticker,26.0,,,26.0,25.5,,,,,,,,,27.106,26.0,1.106,,PAPER,PAPER_ONLY_REAL_MONEY_BLOCKED,SUPPORTED,,PENDING,,,,,,,,,,,,full_game,,"[""RULE_81""]","{""alternateLine"": true, ""rank"": 147}",CLEAN,[],PAPER,False,5.0,,,"[""RULE_81""]"
PAPER:2026-08-17:KXMLBSPREAD-26AUG172005CWSCHC-CWS2,2026-08-17,824641,CWS @ CHC,KXMLBSPREAD-26AUG172005CWSCHC-CWS2,,winning_margin,,full_game,CWS,1.5,,CWS,PAPER_SPREAD_LEDGER,,,exact_ticker,31.0,,,31.0,30.5,,,,,,,,,38.797,31.0,7.797,,HIGH,PAPER_ONLY_REAL_MONEY_BLOCKED,SUPPORTED,,PENDING,,,,,,,,,,,,full_game,,"[""RULE_81""]","{""alternateLine"": false, ""rank"": 49}",CLEAN,[],PAPER,False,5.0,,,"[""RULE_81""]"
PAPER:2026-08-17:KXMLBSPREAD-26AUG172005CWSCHC-CWS3,2026-08-17,824641,CWS @ CHC,KXMLBSPREAD-26AUG172005CWSCHC-CWS3,,winning_margin,,full_game,CWS,2.5,,CWS,PAPER_SPREAD_LEDGER,,,exact_ticker,22.0,,,22.0,21.5,,,,,,,,,27.214,22.0,5.214,,HIGH,PAPER_ONLY_REAL_MONEY_BLOCKED,SUPPORTED,,PENDING,,,,,,,,,,,,full_game,,"[""RULE_81""]","{""alternateLine"": true, ""rank"": 84}",CLEAN,[],PAPER,False,5.0,,,"[""RULE_81""]"
PAPER:2026-08-17:KXMLBSPREAD-26AUG172005CWSCHC-CWS4,2026-08-17,824641,CWS @ CHC,KXMLBSPREAD-26AUG172005CWSCHC-CWS4,,winning_margin,,full_game,CWS,3.5,,CWS,PAPER_SPREAD_LEDGER,,,exact_ticker,14.0,,,14.0,13.5,,,,,,,,,17.733,14.0,3.733,,HIGH,PAPER_ONLY_REAL_MONEY_BLOCKED,SUPPORTED,,PENDING,,,,,,,,,,,,full_game,,"[""RULE_81""]","{""alternateLine"": true, ""rank"": 100}",CLEAN,[],PAPER,False,5.0,,,"[""RULE_81""]"
PAPER:2026-08-18:KXMLBF3-26AUG181835NYYBAL-TIE,2026-08-18,824803,NYY @ BAL,KXMLBF3-26AUG181835NYYBAL-TIE,,inning_result,,F3,Tie,,,Tie,PAPER_SPREAD_LEDGER,,,exact_ticker,24.0,,,24.0,23.0,,,,,,,,,29.808,24.0,5.808,,HIGH,PAPER_ONLY_REAL_MONEY_BLOCKED,SUPPORTED,,PENDING,,,,,,,,,,,,F3,,"[""NOT_YET_ACTIVATED_NO_HISTORICAL_PAPER_SAMPLE""]","{""alternateLine"": null, ""rank"": 155}",CLEAN,[],PAPER,False,5.0,,,"[""NOT_YET_ACTIVATED_NO_HISTORICAL_PAPER_SAMPLE""]"
PAPER:2026-08-18:KXMLBF3-26AUG181840DETPIT-DET,2026-08-18,823341,DET @ PIT,KXMLBF3-26AUG181840DETPIT-DET,,inning_result,,F3,Away,,,Away,PAPER_SPREAD_LEDGER,,,exact_ticker,31.0,,,31.0,30.0,,,,,,,,,33.913,31.0,2.913,,MEDIUM,PAPER_ONLY_REAL_MONEY_BLOCKED,SUPPORTED,,PENDING,,,,,,,,,,,,F3,,"[""NOT_YET_ACTIVATED_NO_HISTORICAL_PAPER_SAMPLE""]","{""alternateLine"": null, ""rank"": 209}",CLEAN,[],PAPER,False,5.0,,,"[""NOT_YET_ACTIVATED_NO_HISTORICAL_PAPER_SAMPLE""]"
PAPER:2026-08-18:KXMLBF3-26AUG181840DETPIT-TIE,2026-08-18,823341,DET @ PIT,KXMLBF3-26AUG181840DETPIT-TIE,,inning_result,,F3,Tie,,,Tie,PAPER_SPREAD_LEDGER,,,exact_ticker,24.0,,,24.0,23.5,,,,,,,,,27.02,24.0,3.02,,HIGH,PAPER_ONLY_REAL_MONEY_BLOCKED,SUPPORTED,,PENDING,,,,,,,,,,,,F3,,"[""NOT_YET_ACTIVATED_NO_HISTORICAL_PAPER_SAMPLE""]","{""alternateLine"": null, ""rank"": 205}",CLEAN,[],PAPER,False,5.0,,,"[""NOT_YET_ACTIVATED_NO_HISTORICAL_PAPER_SAMPLE""]"
PAPER:2026-08-18:KXMLBF3-26AUG181840MIAPHI-MIA,2026-08-18,823423,MIA @ PHI,KXMLBF3-26AUG181840MIAPHI-MIA,,inning_result,,F3,Away,,,Away,PAPER_SPREAD_LEDGER,,,exact_ticker,25.0,,,25.0,24.5,,,,,,,,,29.649,25.0,4.649,,HIGH,PAPER_ONLY_REAL_MONEY_BLOCKED,SUPPORTED,,PENDING,,,,,,,,,,,,F3,,"[""NOT_YET_ACTIVATED_NO_HISTORICAL_PAPER_SAMPLE""]","{""alternateLine"": null, ""rank"": 172}",CLEAN,[],PAPER,False,5.0,,,"[""NOT_YET_ACTIVATED_NO_HISTORICAL_PAPER_SAMPLE""]"
PAPER:2026-08-18:KXMLBF3-26AUG181840MIAPHI-TIE,2026-08-18,823423,MIA @ PHI,KXMLBF3-26AUG181840MIAPHI-TIE,,inning_result,,F3,Tie,,,Tie,PAPER_SPREAD_LEDGER,,,exact_ticker,22.0,,,22.0,21.5,,,,,,,,,28.201,22.0,6.201,,HIGH,PAPER_ONLY_REAL_MONEY_BLOCKED,SUPPORTED,,PENDING,,,,,,,,,,,,F3,,"[""NOT_YET_ACTIVATED_NO_HISTORICAL_PAPER_SAMPLE""]","{""alternateLine"": null, ""rank"": 142}",CLEAN,[],PAPER,False,5.0,,,"[""NOT_YET_ACTIVATED_NO_HISTORICAL_PAPER_SAMPLE""]"
PAPER:2026-08-18:KXMLBF3-26AUG181840SFCLE-CLE,2026-08-18,824398,SF @ CLE,KXMLBF3-26AUG181840SFCLE-CLE,,inning_result,,F3,Home,,,Home,PAPER_SPREAD_LEDGER,,,exact_ticker,46.0,,,46.0,45.0,,,,,,,,,47.663,46.0,1.663,,MEDIUM,PAPER_ONLY_REAL_MONEY_BLOCKED,SUPPORTED,,PENDING,,,,,,,,,,,,F3,,"[""NOT_YET_ACTIVATED_NO_HISTORICAL_PAPER_SAMPLE""]","{""alternateLine"": null, ""rank"": 242}",CLEAN,[],PAPER,False,5.0,,,"[""NOT_YET_ACTIVATED_NO_HISTORICAL_PAPER_SAMPLE""]"
PAPER:2026-08-18:KXMLBF3-26AUG181840STLCIN-STL,2026-08-18,824475,STL @ CIN,KXMLBF3-26AUG181840STLCIN-STL,,inning_result,,F3,Away,,,Away,PAPER_SPREAD_LEDGER,,,exact_ticker,41.0,,,41.0,40.0,,,,,,,,,50.805,41.0,9.805,,HIGH,PAPER_ONLY_REAL_MONEY_BLOCKED,SUPPORTED,,PENDING,,,,,,,,,,,,F3,,"[""NOT_YET_ACTIVATED_NO_HISTORICAL_PAPER_SAMPLE""]","{""alternateLine"": null, ""rank"": 82}",CLEAN,[],PAPER,False,5.0,,,"[""NOT_YET_ACTIVATED_NO_HISTORICAL_PAPER_SAMPLE""]"
PAPER:2026-08-18:KXMLBF3-26AUG181840STLCIN-TIE,2026-08-18,824475,STL @ CIN,KXMLBF3-26AUG181840STLCIN-TIE,,inning_result,,F3,Tie,,,Tie,PAPER_SPREAD_LEDGER,,,exact_ticker,23.0,,,23.0,22.0,,,,,,,,,24.157,23.0,1.157,,PAPER,PAPER_ONLY_REAL_MONEY_BLOCKED,SUPPORTED,,PENDING,,,,,,,,,,,,F3,,"[""NOT_YET_ACTIVATED_NO_HISTORICAL_PAPER_SAMPLE""]","{""alternateLine"": null, ""rank"": 257}",CLEAN,[],PAPER,False,5.0,,,"[""NOT_YET_ACTIVATED_NO_HISTORICAL_PAPER_SAMPLE""]"
PAPER:2026-08-18:KXMLBF3-26AUG181840TORTB-TB,2026-08-18,822938,TOR @ TB,KXMLBF3-26AUG181840TORTB-TB,,inning_result,,F3,Home,,,Home,PAPER_SPREAD_LEDGER,,,exact_ticker,39.0,,,39.0,38.5,,,,,,,,,40.834,39.0,1.834,,MEDIUM,PAPER_ONLY_REAL_MONEY_BLOCKED,SUPPORTED,,PENDING,,,,,,,,,,,,F3,,"[""NOT_YET_ACTIVATED_NO_HISTORICAL_PAPER_SAMPLE""]","{""alternateLine"": null, ""rank"": 237}",CLEAN,[],PAPER,False,5.0,,,"[""NOT_YET_ACTIVATED_NO_HISTORICAL_PAPER_SAMPLE""]"
PAPER:2026-08-18:KXMLBF3-26AUG181840TORTB-TIE,2026-08-18,822938,TOR @ TB,KXMLBF3-26AUG181840TORTB-TIE,,inning_result,,F3,Tie,,,Tie,PAPER_SPREAD_LEDGER,,,exact_ticker,25.0,,,25.0,24.5,,,,,,,,,26.535,25.0,1.535,,MEDIUM,PAPER_ONLY_REAL_MONEY_BLOCKED,SUPPORTED,,PENDING,,,,,,,,,,,,F3,,"[""NOT_YET_ACTIVATED_NO_HISTORICAL_PAPER_SAMPLE""]","{""alternateLine"": null, ""rank"": 245}",CLEAN,[],PAPER,False,5.0,,,"[""NOT_YET_ACTIVATED_NO_HISTORICAL_PAPER_SAMPLE""]"
PAPER:2026-08-18:KXMLBF3-26AUG181910AZBOS-BOS,2026-08-18,824723,AZ @ BOS,KXMLBF3-26AUG181910AZBOS-BOS,,inning_result,,F3,Home,,,Home,PAPER_SPREAD_LEDGER,,,exact_ticker,44.0,,,44.0,43.5,,,,,,,,,61.495,44.0,17.495,,HIGH,PAPER_ONLY_REAL_MONEY_BLOCKED,SUPPORTED,,PENDING,,,,,,,,,,,,F3,,"[""NOT_YET_ACTIVATED_NO_HISTORICAL_PAPER_SAMPLE""]","{""alternateLine"": null, ""rank"": 21}",CLEAN,[],PAPER,False,5.0,,,"[""NOT_YET_ACTIVATED_NO_HISTORICAL_PAPER_SAMPLE""]"
PAPER:2026-08-18:KXMLBF3-26AUG181910SDNYM-NYM,2026-08-18,823586,SD @ NYM,KXMLBF3-26AUG181910SDNYM-NYM,,inning_result,,F3,Home,,,Home,PAPER_SPREAD_LEDGER,,,exact_ticker,38.0,,,38.0,37.0,,,,,,,,,41.531,38.0,3.531,,HIGH,PAPER_ONLY_REAL_MONEY_BLOCKED,SUPPORTED,,PENDING,,,,,,,,,,,,F3,,"[""NOT_YET_ACTIVATED_NO_HISTORICAL_PAPER_SAMPLE""]","{""alternateLine"": null, ""rank"": 193}",CLEAN,[],PAPER,False,5.0,,,"[""NOT_YET_ACTIVATED_NO_HISTORICAL_PAPER_SAMPLE""]"
PAPER:2026-08-18:KXMLBF3-26AUG181910SDNYM-TIE,2026-08-18,823586,SD @ NYM,KXMLBF3-26AUG181910SDNYM-TIE,,inning_result,,F3,Tie,,,Tie,PAPER_SPREAD_LEDGER,,,exact_ticker,23.0,,,23.0,22.0,,,,,,,,,25.372,23.0,2.372,,MEDIUM,PAPER_ONLY_REAL_MONEY_BLOCKED,SUPPORTED,,PENDING,,,,,,,,,,,,F3,,"[""NOT_YET_ACTIVATED_NO_HISTORICAL_PAPER_SAMPLE""]","{""alternateLine"": null, ""rank"": 227}",CLEAN,[],PAPER,False,5.0,,,"[""NOT_YET_ACTIVATED_NO_HISTORICAL_PAPER_SAMPLE""]"
PAPER:2026-08-18:KXMLBF3-26AUG181940ATHKC-TIE,2026-08-18,824075,ATH @ KC,KXMLBF3-26AUG181940ATHKC-TIE,,inning_result,,F3,Tie,,,Tie,PAPER_SPREAD_LEDGER,,,exact_ticker,21.0,,,21.0,20.5,,,,,,,,,100.0,21.0,79.0,,HIGH,PAPER_ONLY_REAL_MONEY_BLOCKED,SUPPORTED,,PENDING,,,,,,,,,,,,F3,,"[""NOT_YET_ACTIVATED_NO_HISTORICAL_PAPER_SAMPLE""]","{""alternateLine"": null, ""rank"": 2}",CLEAN,[],PAPER,False,5.0,,,"[""NOT_YET_ACTIVATED_NO_HISTORICAL_PAPER_SAMPLE""]"
PAPER:2026-08-18:KXMLBF3-26AUG181940ATLMIN-ATL,2026-08-18,823667,ATL @ MIN,KXMLBF3-26AUG181940ATLMIN-ATL,,inning_result,,F3,Away,,,Away,PAPER_SPREAD_LEDGER,,,exact_ticker,41.0,,,41.0,40.5,,,,,,,,,44.358,41.0,3.358,,HIGH,PAPER_ONLY_REAL_MONEY_BLOCKED,SUPPORTED,,PENDING,,,,,,,,,,,,F3,,"[""NOT_YET_ACTIVATED_NO_HISTORICAL_PAPER_SAMPLE""]","{""alternateLine"": null, ""rank"": 195}",CLEAN,[],PAPER,False,5.0,,,"[""NOT_YET_ACTIVATED_NO_HISTORICAL_PAPER_SAMPLE""]"
PAPER:2026-08-18:KXMLBF3-26AUG181940ATLMIN-TIE,2026-08-18,823667,ATL @ MIN,KXMLBF3-26AUG181940ATLMIN-TIE,,inning_result,,F3,Tie,,,Tie,PAPER_SPREAD_LEDGER,,,exact_ticker,23.0,,,23.0,22.5,,,,,,,,,24.597,23.0,1.597,,MEDIUM,PAPER_ONLY_REAL_MONEY_BLOCKED,SUPPORTED,,PENDING,,,,,,,,,,,,F3,,"[""NOT_YET_ACTIVATED_NO_HISTORICAL_PAPER_SAMPLE""]","{""alternateLine"": null, ""rank"": 243}",CLEAN,[],PAPER,False,5.0,,,"[""NOT_YET_ACTIVATED_NO_HISTORICAL_PAPER_SAMPLE""]"
PAPER:2026-08-18:KXMLBF3-26AUG181940SEAMIL-TIE,2026-08-18,823749,SEA @ MIL,KXMLBF3-26AUG181940SEAMIL-TIE,,inning_result,,F3,Tie,,,Tie,PAPER_SPREAD_LEDGER,,,exact_ticker,26.0,,,26.0,25.0,,,,,,,,,28.522,26.0,2.522,,MEDIUM,PAPER_ONLY_REAL_MONEY_BLOCKED,SUPPORTED,,PENDING,,,,,,,,,,,,F3,,"[""NOT_YET_ACTIVATED_NO_HISTORICAL_PAPER_SAMPLE""]","{""alternateLine"": null, ""rank"": 221}",CLEAN,[],PAPER,False,5.0,,,"[""NOT_YET_ACTIVATED_NO_HISTORICAL_PAPER_SAMPLE""]"
PAPER:2026-08-18:KXMLBF3-26AUG182005CWSCHC-CWS,2026-08-18,824639,CWS @ CHC,KXMLBF3-26AUG182005CWSCHC-CWS,,inning_result,,F3,Away,,,Away,PAPER_SPREAD_LEDGER,,,exact_ticker,32.0,,,32.0,31.5,,,,,,,,,42.268,32.0,10.268,,HIGH,PAPER_ONLY_REAL_MONEY_BLOCKED,SUPPORTED,,PENDING,,,,,,,,,,,,F3,,"[""NOT_YET_ACTIVATED_NO_HISTORICAL_PAPER_SAMPLE""]","{""alternateLine"": null, ""rank"": 74}",CLEAN,[],PAPER,False,5.0,,,"[""NOT_YET_ACTIVATED_NO_HISTORICAL_PAPER_SAMPLE""]"
PAPER:2026-08-18:KXMLBF3-26AUG182005CWSCHC-TIE,2026-08-18,824639,CWS @ CHC,KXMLBF3-26AUG182005CWSCHC-TIE,,inning_result,,F3,Tie,,,Tie,PAPER_SPREAD_LEDGER,,,exact_ticker,21.0,,,21.0,20.0,,,,,,,,,28.148,21.0,7.148,,HIGH,PAPER_ONLY_REAL_MONEY_BLOCKED,SUPPORTED,,PENDING,,,,,,,,,,,,F3,,"[""NOT_YET_ACTIVATED_NO_HISTORICAL_PAPER_SAMPLE""]","{""alternateLine"": null, ""rank"": 121}",CLEAN,[],PAPER,False,5.0,,,"[""NOT_YET_ACTIVATED_NO_HISTORICAL_PAPER_SAMPLE""]"
PAPER:2026-08-18:KXMLBF3-26AUG182005WSHTEX-TIE,2026-08-18,822859,WSH @ TEX,KXMLBF3-26AUG182005WSHTEX-TIE,,inning_result,,F3,Tie,,,Tie,PAPER_SPREAD_LEDGER,,,exact_ticker,23.0,,,23.0,22.0,,,,,,,,,25.839,23.0,2.839,,MEDIUM,PAPER_ONLY_REAL_MONEY_BLOCKED,SUPPORTED,,PENDING,,,,,,,,,,,,F3,,"[""NOT_YET_ACTIVATED_NO_HISTORICAL_PAPER_SAMPLE""]","{""alternateLine"": null, ""rank"": 210}",CLEAN,[],PAPER,False,5.0,,,"[""NOT_YET_ACTIVATED_NO_HISTORICAL_PAPER_SAMPLE""]"
PAPER:2026-08-18:KXMLBF3-26AUG182005WSHTEX-WSH,2026-08-18,822859,WSH @ TEX,KXMLBF3-26AUG182005WSHTEX-WSH,,inning_result,,F3,Away,,,Away,PAPER_SPREAD_LEDGER,,,exact_ticker,34.0,,,34.0,33.0,,,,,,,,,45.552,34.0,11.552,,HIGH,PAPER_ONLY_REAL_MONEY_BLOCKED,SUPPORTED,,PENDING,,,,,,,,,,,,F3,,"[""NOT_YET_ACTIVATED_NO_HISTORICAL_PAPER_SAMPLE""]","{""alternateLine"": null, ""rank"": 55}",CLEAN,[],PAPER,False,5.0,,,"[""NOT_YET_ACTIVATED_NO_HISTORICAL_PAPER_SAMPLE""]"
PAPER:2026-08-18:KXMLBF3-26AUG182010LAAHOU-LAA,2026-08-18,824154,LAA @ HOU,KXMLBF3-26AUG182010LAAHOU-LAA,,inning_result,,F3,Away,,,Away,PAPER_SPREAD_LEDGER,,,exact_ticker,33.0,,,33.0,32.0,,,,,,,,,36.11,33.0,3.11,,HIGH,PAPER_ONLY_REAL_MONEY_BLOCKED,SUPPORTED,,PENDING,,,,,,,,,,,,F3,,"[""NOT_YET_ACTIVATED_NO_HISTORICAL_PAPER_SAMPLE""]","{""alternateLine"": null, ""rank"": 202}",CLEAN,[],PAPER,False,5.0,,,"[""NOT_YET_ACTIVATED_NO_HISTORICAL_PAPER_SAMPLE""]"
PAPER:2026-08-18:KXMLBF3-26AUG182040LADCOL-COL,2026-08-18,824319,LAD @ COL,KXMLBF3-26AUG182040LADCOL-COL,,inning_result,,F3,Home,,,Home,PAPER_SPREAD_LEDGER,,,exact_ticker,34.0,,,34.0,33.0,,,,,,,,,39.953,34.0,5.953,,HIGH,PAPER_ONLY_REAL_MONEY_BLOCKED,SUPPORTED,,PENDING,,,,,,,,,,,,F3,,"[""NOT_YET_ACTIVATED_NO_HISTORICAL_PAPER_SAMPLE""]","{""alternateLine"": null, ""rank"": 151}",CLEAN,[],PAPER,False,5.0,,,"[""NOT_YET_ACTIVATED_NO_HISTORICAL_PAPER_SAMPLE""]"
PAPER:2026-08-18:KXMLBF3-26AUG182040LADCOL-TIE,2026-08-18,824319,LAD @ COL,KXMLBF3-26AUG182040LADCOL-TIE,,inning_result,,F3,Tie,,,Tie,PAPER_SPREAD_LEDGER,,,exact_ticker,17.0,,,17.0,16.0,,,,,,,,,21.362,17.0,4.362,,HIGH,PAPER_ONLY_REAL_MONEY_BLOCKED,SUPPORTED,,PENDING,,,,,,,,,,,,F3,,"[""NOT_YET_ACTIVATED_NO_HISTORICAL_PAPER_SAMPLE""]","{""alternateLine"": null, ""rank"": 180}",CLEAN,[],PAPER,False,5.0,,,"[""NOT_YET_ACTIVATED_NO_HISTORICAL_PAPER_SAMPLE""]"
PAPER:2026-08-18:KXMLBF5SPREAD-26AUG181840STLCIN-STL2,2026-08-18,824475,STL @ CIN,KXMLBF5SPREAD-26AUG181840STLCIN-STL2,,winning_margin,,F5,STL,1.5,,STL,PAPER_SPREAD_LEDGER,,,exact_ticker,31.0,,,31.0,30.5,,,,,,,,,39.079,31.0,8.079,,HIGH,PAPER_ONLY_REAL_MONEY_BLOCKED,SUPPORTED,,PENDING,,,,,,,,,,,,F5,,"[""NOT_YET_ACTIVATED_NO_HISTORICAL_PAPER_SAMPLE""]","{""alternateLine"": false, ""rank"": 110}",CLEAN,[],PAPER,False,5.0,,,"[""NOT_YET_ACTIVATED_NO_HISTORICAL_PAPER_SAMPLE""]"
PAPER:2026-08-18:KXMLBF5SPREAD-26AUG181840STLCIN-STL3,2026-08-18,824475,STL @ CIN,KXMLBF5SPREAD-26AUG181840STLCIN-STL3,,winning_margin,,F5,STL,2.5,,STL,PAPER_SPREAD_LEDGER,,,exact_ticker,20.0,,,20.0,19.5,,,,,,,,,22.826,20.0,2.826,,MEDIUM,PAPER_ONLY_REAL_MONEY_BLOCKED,SUPPORTED,,PENDING,,,,,,,,,,,,F5,,"[""NOT_YET_ACTIVATED_NO_HISTORICAL_PAPER_SAMPLE""]","{""alternateLine"": true, ""rank"": 211}",CLEAN,[],PAPER,False,5.0,,,"[""NOT_YET_ACTIVATED_NO_HISTORICAL_PAPER_SAMPLE""]"
PAPER:2026-08-18:KXMLBF5SPREAD-26AUG181910AZBOS-BOS2,2026-08-18,824723,AZ @ BOS,KXMLBF5SPREAD-26AUG181910AZBOS-BOS2,,winning_margin,,F5,BOS,1.5,,BOS,PAPER_SPREAD_LEDGER,,,exact_ticker,37.0,,,37.0,36.5,,,,,,,,,52.978,37.0,15.978,,HIGH,PAPER_ONLY_REAL_MONEY_BLOCKED,SUPPORTED,,PENDING,,,,,,,,,,,,F5,,"[""NOT_YET_ACTIVATED_NO_HISTORICAL_PAPER_SAMPLE""]","{""alternateLine"": false, ""rank"": 28}",CLEAN,[],PAPER,False,5.0,,,"[""NOT_YET_ACTIVATED_NO_HISTORICAL_PAPER_SAMPLE""]"
PAPER:2026-08-18:KXMLBF5SPREAD-26AUG181910AZBOS-BOS3,2026-08-18,824723,AZ @ BOS,KXMLBF5SPREAD-26AUG181910AZBOS-BOS3,,winning_margin,,F5,BOS,2.5,,BOS,PAPER_SPREAD_LEDGER,,,exact_ticker,24.0,,,24.0,23.5,,,,,,,,,34.858,24.0,10.858,,HIGH,PAPER_ONLY_REAL_MONEY_BLOCKED,SUPPORTED,,PENDING,,,,,,,,,,,,F5,,"[""NOT_YET_ACTIVATED_NO_HISTORICAL_PAPER_SAMPLE""]","{""alternateLine"": true, ""rank"": 66}",CLEAN,[],PAPER,False,5.0,,,"[""NOT_YET_ACTIVATED_NO_HISTORICAL_PAPER_SAMPLE""]"
PAPER:2026-08-18:KXMLBF5SPREAD-26AUG182005CWSCHC-CWS2,2026-08-18,824639,CWS @ CHC,KXMLBF5SPREAD-26AUG182005CWSCHC-CWS2,,winning_margin,,F5,CWS,1.5,,CWS,PAPER_SPREAD_LEDGER,,,exact_ticker,23.0,,,23.0,22.5,,,,,,,,,28.064,23.0,5.064,,HIGH,PAPER_ONLY_REAL_MONEY_BLOCKED,SUPPORTED,,PENDING,,,,,,,,,,,,F5,,"[""NOT_YET_ACTIVATED_NO_HISTORICAL_PAPER_SAMPLE""]","{""alternateLine"": false, ""rank"": 168}",CLEAN,[],PAPER,False,5.0,,,"[""NOT_YET_ACTIVATED_NO_HISTORICAL_PAPER_SAMPLE""]"
PAPER:2026-08-18:KXMLBF5SPREAD-26AUG182005WSHTEX-WSH2,2026-08-18,822859,WSH @ TEX,KXMLBF5SPREAD-26AUG182005WSHTEX-WSH2,,winning_margin,,F5,WSH,1.5,,WSH,PAPER_SPREAD_LEDGER,,,exact_ticker,23.0,,,23.0,22.5,,,,,,,,,30.141,23.0,7.141,,HIGH,PAPER_ONLY_REAL_MONEY_BLOCKED,SUPPORTED,,PENDING,,,,,,,,,,,,F5,,"[""NOT_YET_ACTIVATED_NO_HISTORICAL_PAPER_SAMPLE""]","{""alternateLine"": false, ""rank"": 122}",CLEAN,[],PAPER,False,5.0,,,"[""NOT_YET_ACTIVATED_NO_HISTORICAL_PAPER_SAMPLE""]"
PAPER:2026-08-18:KXMLBF5SPREAD-26AUG182040LADCOL-COL2,2026-08-18,824319,LAD @ COL,KXMLBF5SPREAD-26AUG182040LADCOL-COL2,,winning_margin,,F5,COL,1.5,,COL,PAPER_SPREAD_LEDGER,,,exact_ticker,25.0,,,25.0,24.5,,,,,,,,,27.678,25.0,2.678,,MEDIUM,PAPER_ONLY_REAL_MONEY_BLOCKED,SUPPORTED,,PENDING,,,,,,,,,,,,F5,,"[""NOT_YET_ACTIVATED_NO_HISTORICAL_PAPER_SAMPLE""]","{""alternateLine"": false, ""rank"": 218}",CLEAN,[],PAPER,False,5.0,,,"[""NOT_YET_ACTIVATED_NO_HISTORICAL_PAPER_SAMPLE""]"
PAPER:2026-08-18:KXMLBF7-26AUG181835NYYBAL-TIE,2026-08-18,824803,NYY @ BAL,KXMLBF7-26AUG181835NYYBAL-TIE,,inning_result,,F7,Tie,,,Tie,PAPER_SPREAD_LEDGER,,,exact_ticker,12.0,,,12.0,11.0,,,,,,,,,21.233,12.0,9.233,,HIGH,PAPER_ONLY_REAL_MONEY_BLOCKED,SUPPORTED,,PENDING,,,,,,,,,,,,F7,,"[""NOT_YET_ACTIVATED_NO_HISTORICAL_PAPER_SAMPLE""]","{""alternateLine"": null, ""rank"": 91}",CLEAN,[],PAPER,False,5.0,,,"[""NOT_YET_ACTIVATED_NO_HISTORICAL_PAPER_SAMPLE""]"
PAPER:2026-08-18:KXMLBF7-26AUG181840DETPIT-DET,2026-08-18,823341,DET @ PIT,KXMLBF7-26AUG181840DETPIT-DET,,inning_result,,F7,Away,,,Away,PAPER_SPREAD_LEDGER,,,exact_ticker,34.0,,,34.0,33.5,,,,,,,,,38.113,34.0,4.113,,HIGH,PAPER_ONLY_REAL_MONEY_BLOCKED,SUPPORTED,,PENDING,,,,,,,,,,,,F7,,"[""NOT_YET_ACTIVATED_NO_HISTORICAL_PAPER_SAMPLE""]","{""alternateLine"": null, ""rank"": 185}",CLEAN,[],PAPER,False,5.0,,,"[""NOT_YET_ACTIVATED_NO_HISTORICAL_PAPER_SAMPLE""]"
PAPER:2026-08-18:KXMLBF7-26AUG181840DETPIT-TIE,2026-08-18,823341,DET @ PIT,KXMLBF7-26AUG181840DETPIT-TIE,,inning_result,,F7,Tie,,,Tie,PAPER_SPREAD_LEDGER,,,exact_ticker,11.0,,,11.0,10.5,,,,,,,,,19.153,11.0,8.153,,HIGH,PAPER_ONLY_REAL_MONEY_BLOCKED,SUPPORTED,,PENDING,,,,,,,,,,,,F7,,"[""NOT_YET_ACTIVATED_NO_HISTORICAL_PAPER_SAMPLE""]","{""alternateLine"": null, ""rank"": 107}",CLEAN,[],PAPER,False,5.0,,,"[""NOT_YET_ACTIVATED_NO_HISTORICAL_PAPER_SAMPLE""]"
PAPER:2026-08-18:KXMLBF7-26AUG181840MIAPHI-MIA,2026-08-18,823423,MIA @ PHI,KXMLBF7-26AUG181840MIAPHI-MIA,,inning_result,,F7,Away,,,Away,PAPER_SPREAD_LEDGER,,,exact_ticker,28.0,,,28.0,27.5,,,,,,,,,30.802,28.0,2.802,,MEDIUM,PAPER_ONLY_REAL_MONEY_BLOCKED,SUPPORTED,,PENDING,,,,,,,,,,,,F7,,"[""NOT_YET_ACTIVATED_NO_HISTORICAL_PAPER_SAMPLE""]","{""alternateLine"": null, ""rank"": 213}",CLEAN,[],PAPER,False,5.0,,,"[""NOT_YET_ACTIVATED_NO_HISTORICAL_PAPER_SAMPLE""]"
PAPER:2026-08-18:KXMLBF7-26AUG181840MIAPHI-TIE,2026-08-18,823423,MIA @ PHI,KXMLBF7-26AUG181840MIAPHI-TIE,,inning_result,,F7,Tie,,,Tie,PAPER_SPREAD_LEDGER,,,exact_ticker,10.0,,,10.0,9.5,,,,,,,,,18.8,10.0,8.8,,HIGH,PAPER_ONLY_REAL_MONEY_BLOCKED,SUPPORTED,,PENDING,,,,,,,,,,,,F7,,"[""NOT_YET_ACTIVATED_NO_HISTORICAL_PAPER_SAMPLE""]","{""alternateLine"": null, ""rank"": 97}",CLEAN,[],PAPER,False,5.0,,,"[""NOT_YET_ACTIVATED_NO_HISTORICAL_PAPER_SAMPLE""]"
PAPER:2026-08-18:KXMLBF7-26AUG181840SFCLE-SF,2026-08-18,824398,SF @ CLE,KXMLBF7-26AUG181840SFCLE-SF,,inning_result,,F7,Away,,,Away,PAPER_SPREAD_LEDGER,,,exact_ticker,31.0,,,31.0,30.5,,,,,,,,,45.655,31.0,14.655,,HIGH,PAPER_ONLY_REAL_MONEY_BLOCKED,SUPPORTED,,PENDING,,,,,,,,,,,,F7,,"[""NOT_YET_ACTIVATED_NO_HISTORICAL_PAPER_SAMPLE""]","{""alternateLine"": null, ""rank"": 35}",CLEAN,[],PAPER,False,5.0,,,"[""NOT_YET_ACTIVATED_NO_HISTORICAL_PAPER_SAMPLE""]"
PAPER:2026-08-18:KXMLBF7-26AUG181840SFCLE-TIE,2026-08-18,824398,SF @ CLE,KXMLBF7-26AUG181840SFCLE-TIE,,inning_result,,F7,Tie,,,Tie,PAPER_SPREAD_LEDGER,,,exact_ticker,12.0,,,12.0,11.0,,,,,,,,,18.029,12.0,6.029,,HIGH,PAPER_ONLY_REAL_MONEY_BLOCKED,SUPPORTED,,PENDING,,,,,,,,,,,,F7,,"[""NOT_YET_ACTIVATED_NO_HISTORICAL_PAPER_SAMPLE""]","{""alternateLine"": null, ""rank"": 147}",CLEAN,[],PAPER,False,5.0,,,"[""NOT_YET_ACTIVATED_NO_HISTORICAL_PAPER_SAMPLE""]"
PAPER:2026-08-18:KXMLBF7-26AUG181840STLCIN-STL,2026-08-18,824475,STL @ CIN,KXMLBF7-26AUG181840STLCIN-STL,,inning_result,,F7,Away,,,Away,PAPER_SPREAD_LEDGER,,,exact_ticker,46.0,,,46.0,45.0,,,,,,,,,58.106,46.0,12.106,,HIGH,PAPER_ONLY_REAL_MONEY_BLOCKED,SUPPORTED,,PENDING,,,,,,,,,,,,F7,,"[""NOT_YET_ACTIVATED_NO_HISTORICAL_PAPER_SAMPLE""]","{""alternateLine"": null, ""rank"": 51}",CLEAN,[],PAPER,False,5.0,,,"[""NOT_YET_ACTIVATED_NO_HISTORICAL_PAPER_SAMPLE""]"
PAPER:2026-08-18:KXMLBF7-26AUG181840STLCIN-TIE,2026-08-18,824475,STL @ CIN,KXMLBF7-26AUG181840STLCIN-TIE,,inning_result,,F7,Tie,,,Tie,PAPER_SPREAD_LEDGER,,,exact_ticker,11.0,,,11.0,10.5,,,,,,,,,17.388,11.0,6.388,,HIGH,PAPER_ONLY_REAL_MONEY_BLOCKED,SUPPORTED,,PENDING,,,,,,,,,,,,F7,,"[""NOT_YET_ACTIVATED_NO_HISTORICAL_PAPER_SAMPLE""]","{""alternateLine"": null, ""rank"": 134}",CLEAN,[],PAPER,False,5.0,,,"[""NOT_YET_ACTIVATED_NO_HISTORICAL_PAPER_SAMPLE""]"
PAPER:2026-08-18:KXMLBF7-26AUG181840TORTB-TIE,2026-08-18,822938,TOR @ TB,KXMLBF7-26AUG181840TORTB-TIE,,inning_result,,F7,Tie,,,Tie,PAPER_SPREAD_LEDGER,,,exact_ticker,12.0,,,12.0,11.5,,,,,,,,,19.926,12.0,7.926,,HIGH,PAPER_ONLY_REAL_MONEY_BLOCKED,SUPPORTED,,PENDING,,,,,,,,,,,,F7,,"[""NOT_YET_ACTIVATED_NO_HISTORICAL_PAPER_SAMPLE""]","{""alternateLine"": null, ""rank"": 114}",CLEAN,[],PAPER,False,5.0,,,"[""NOT_YET_ACTIVATED_NO_HISTORICAL_PAPER_SAMPLE""]"
PAPER:2026-08-18:KXMLBF7-26AUG181910AZBOS-BOS,2026-08-18,824723,AZ @ BOS,KXMLBF7-26AUG181910AZBOS-BOS,,inning_result,,F7,Home,,,Home,PAPER_SPREAD_LEDGER,,,exact_ticker,56.0,,,56.0,54.0,,,,,,,,,73.326,56.0,17.326,,HIGH,PAPER_ONLY_REAL_MONEY_BLOCKED,SUPPORTED,,PENDING,,,,,,,,,,,,F7,,"[""NOT_YET_ACTIVATED_NO_HISTORICAL_PAPER_SAMPLE""]","{""alternateLine"": null, ""rank"": 22}",CLEAN,[],PAPER,False,5.0,,,"[""NOT_YET_ACTIVATED_NO_HISTORICAL_PAPER_SAMPLE""]"
PAPER:2026-08-18:KXMLBF7-26AUG181910AZBOS-TIE,2026-08-18,824723,AZ @ BOS,KXMLBF7-26AUG181910AZBOS-TIE,,inning_result,,F7,Tie,,,Tie,PAPER_SPREAD_LEDGER,,,exact_ticker,11.0,,,11.0,10.5,,,,,,,,,12.451,11.0,1.451,,PAPER,PAPER_ONLY_REAL_MONEY_BLOCKED,SUPPORTED,,PENDING,,,,,,,,,,,,F7,,"[""NOT_YET_ACTIVATED_NO_HISTORICAL_PAPER_SAMPLE""]","{""alternateLine"": null, ""rank"": 248}",CLEAN,[],PAPER,False,5.0,,,"[""NOT_YET_ACTIVATED_NO_HISTORICAL_PAPER_SAMPLE""]"
PAPER:2026-08-18:KXMLBF7-26AUG181910SDNYM-NYM,2026-08-18,823586,SD @ NYM,KXMLBF7-26AUG181910SDNYM-NYM,,inning_result,,F7,Home,,,Home,PAPER_SPREAD_LEDGER,,,exact_ticker,44.0,,,44.0,42.5,,,,,,,,,50.337,44.0,6.337,,HIGH,PAPER_ONLY_REAL_MONEY_BLOCKED,SUPPORTED,,PENDING,,,,,,,,,,,,F7,,"[""NOT_YET_ACTIVATED_NO_HISTORICAL_PAPER_SAMPLE""]","{""alternateLine"": null, ""rank"": 139}",CLEAN,[],PAPER,False,5.0,,,"[""NOT_YET_ACTIVATED_NO_HISTORICAL_PAPER_SAMPLE""]"
PAPER:2026-08-18:KXMLBF7-26AUG181910SDNYM-TIE,2026-08-18,823586,SD @ NYM,KXMLBF7-26AUG181910SDNYM-TIE,,inning_result,,F7,Tie,,,Tie,PAPER_SPREAD_LEDGER,,,exact_ticker,11.0,,,11.0,10.5,,,,,,,,,16.972,11.0,5.972,,HIGH,PAPER_ONLY_REAL_MONEY_BLOCKED,SUPPORTED,,PENDING,,,,,,,,,,,,F7,,"[""NOT_YET_ACTIVATED_NO_HISTORICAL_PAPER_SAMPLE""]","{""alternateLine"": null, ""rank"": 149}",CLEAN,[],PAPER,False,5.0,,,"[""NOT_YET_ACTIVATED_NO_HISTORICAL_PAPER_SAMPLE""]"
PAPER:2026-08-18:KXMLBF7-26AUG181940ATHKC-TIE,2026-08-18,824075,ATH @ KC,KXMLBF7-26AUG181940ATHKC-TIE,,inning_result,,F7,Tie,,,Tie,PAPER_SPREAD_LEDGER,,,exact_ticker,10.0,,,10.0,9.5,,,,,,,,,100.0,10.0,90.0,,HIGH,PAPER_ONLY_REAL_MONEY_BLOCKED,SUPPORTED,,PENDING,,,,,,,,,,,,F7,,"[""NOT_YET_ACTIVATED_NO_HISTORICAL_PAPER_SAMPLE""]","{""alternateLine"": null, ""rank"": 1}",CLEAN,[],PAPER,False,5.0,,,"[""NOT_YET_ACTIVATED_NO_HISTORICAL_PAPER_SAMPLE""]"
PAPER:2026-08-18:KXMLBF7-26AUG181940ATLMIN-ATL,2026-08-18,823667,ATL @ MIN,KXMLBF7-26AUG181940ATLMIN-ATL,,inning_result,,F7,Away,,,Away,PAPER_SPREAD_LEDGER,,,exact_ticker,46.0,,,46.0,45.5,,,,,,,,,58.425,46.0,12.425,,HIGH,PAPER_ONLY_REAL_MONEY_BLOCKED,SUPPORTED,,PENDING,,,,,,,,,,,,F7,,"[""NOT_YET_ACTIVATED_NO_HISTORICAL_PAPER_SAMPLE""]","{""alternateLine"": null, ""rank"": 46}",CLEAN,[],PAPER,False,5.0,,,"[""NOT_YET_ACTIVATED_NO_HISTORICAL_PAPER_SAMPLE""]"
PAPER:2026-08-18:KXMLBF7-26AUG181940ATLMIN-TIE,2026-08-18,823667,ATL @ MIN,KXMLBF7-26AUG181940ATLMIN-TIE,,inning_result,,F7,Tie,,,Tie,PAPER_SPREAD_LEDGER,,,exact_ticker,12.0,,,12.0,11.5,,,,,,,,,16.204,12.0,4.204,,HIGH,PAPER_ONLY_REAL_MONEY_BLOCKED,SUPPORTED,,PENDING,,,,,,,,,,,,F7,,"[""NOT_YET_ACTIVATED_NO_HISTORICAL_PAPER_SAMPLE""]","{""alternateLine"": null, ""rank"": 182}",CLEAN,[],PAPER,False,5.0,,,"[""NOT_YET_ACTIVATED_NO_HISTORICAL_PAPER_SAMPLE""]"
PAPER:2026-08-18:KXMLBF7-26AUG181940SEAMIL-MIL,2026-08-18,823749,SEA @ MIL,KXMLBF7-26AUG181940SEAMIL-MIL,,inning_result,,F7,Home,,,Home,PAPER_SPREAD_LEDGER,,,exact_ticker,53.0,,,53.0,52.5,,,,,,,,,54.313,53.0,1.313,,PAPER,PAPER_ONLY_REAL_MONEY_BLOCKED,SUPPORTED,,PENDING,,,,,,,,,,,,F7,,"[""NOT_YET_ACTIVATED_NO_HISTORICAL_PAPER_SAMPLE""]","{""alternateLine"": null, ""rank"": 252}",CLEAN,[],PAPER,False,5.0,,,"[""NOT_YET_ACTIVATED_NO_HISTORICAL_PAPER_SAMPLE""]"
PAPER:2026-08-18:KXMLBF7-26AUG181940SEAMIL-TIE,2026-08-18,823749,SEA @ MIL,KXMLBF7-26AUG181940SEAMIL-TIE,,inning_result,,F7,Tie,,,Tie,PAPER_SPREAD_LEDGER,,,exact_ticker,13.0,,,13.0,12.5,,,,,,,,,18.998,13.0,5.998,,HIGH,PAPER_ONLY_REAL_MONEY_BLOCKED,SUPPORTED,,PENDING,,,,,,,,,,,,F7,,"[""NOT_YET_ACTIVATED_NO_HISTORICAL_PAPER_SAMPLE""]","{""alternateLine"": null, ""rank"": 148}",CLEAN,[],PAPER,False,5.0,,,"[""NOT_YET_ACTIVATED_NO_HISTORICAL_PAPER_SAMPLE""]"
PAPER:2026-08-18:KXMLBF7-26AUG182005CWSCHC-CWS,2026-08-18,824639,CWS @ CHC,KXMLBF7-26AUG182005CWSCHC-CWS,,inning_result,,F7,Away,,,Away,PAPER_SPREAD_LEDGER,,,exact_ticker,33.0,,,33.0,32.5,,,,,,,,,41.757,33.0,8.757,,HIGH,PAPER_ONLY_REAL_MONEY_BLOCKED,SUPPORTED,,PENDING,,,,,,,,,,,,F7,,"[""NOT_YET_ACTIVATED_NO_HISTORICAL_PAPER_SAMPLE""]","{""alternateLine"": null, ""rank"": 98}",CLEAN,[],PAPER,False,5.0,,,"[""NOT_YET_ACTIVATED_NO_HISTORICAL_PAPER_SAMPLE""]"
PAPER:2026-08-18:KXMLBF7-26AUG182005CWSCHC-TIE,2026-08-18,824639,CWS @ CHC,KXMLBF7-26AUG182005CWSCHC-TIE,,inning_result,,F7,Tie,,,Tie,PAPER_SPREAD_LEDGER,,,exact_ticker,11.0,,,11.0,10.0,,,,,,,,,20.234,11.0,9.234,,HIGH,PAPER_ONLY_REAL_MONEY_BLOCKED,SUPPORTED,,PENDING,,,,,,,,,,,,F7,,"[""NOT_YET_ACTIVATED_NO_HISTORICAL_PAPER_SAMPLE""]","{""alternateLine"": null, ""rank"": 90}",CLEAN,[],PAPER,False,5.0,,,"[""NOT_YET_ACTIVATED_NO_HISTORICAL_PAPER_SAMPLE""]"
PAPER:2026-08-18:KXMLBF7-26AUG182005WSHTEX-TIE,2026-08-18,822859,WSH @ TEX,KXMLBF7-26AUG182005WSHTEX-TIE,,inning_result,,F7,Tie,,,Tie,PAPER_SPREAD_LEDGER,,,exact_ticker,11.0,,,11.0,10.5,,,,,,,,,21.148,11.0,10.148,,HIGH,PAPER_ONLY_REAL_MONEY_BLOCKED,SUPPORTED,,PENDING,,,,,,,,,,,,F7,,"[""NOT_YET_ACTIVATED_NO_HISTORICAL_PAPER_SAMPLE""]","{""alternateLine"": null, ""rank"": 77}",CLEAN,[],PAPER,False,5.0,,,"[""NOT_YET_ACTIVATED_NO_HISTORICAL_PAPER_SAMPLE""]"
PAPER:2026-08-18:KXMLBF7-26AUG182005WSHTEX-WSH,2026-08-18,822859,WSH @ TEX,KXMLBF7-26AUG182005WSHTEX-WSH,,inning_result,,F7,Away,,,Away,PAPER_SPREAD_LEDGER,,,exact_ticker,37.0,,,37.0,36.0,,,,,,,,,51.151,37.0,14.151,,HIGH,PAPER_ONLY_REAL_MONEY_BLOCKED,SUPPORTED,,PENDING,,,,,,,,,,,,F7,,"[""NOT_YET_ACTIVATED_NO_HISTORICAL_PAPER_SAMPLE""]","{""alternateLine"": null, ""rank"": 38}",CLEAN,[],PAPER,False,5.0,,,"[""NOT_YET_ACTIVATED_NO_HISTORICAL_PAPER_SAMPLE""]"
PAPER:2026-08-18:KXMLBF7-26AUG182010LAAHOU-TIE,2026-08-18,824154,LAA @ HOU,KXMLBF7-26AUG182010LAAHOU-TIE,,inning_result,,F7,Tie,,,Tie,PAPER_SPREAD_LEDGER,,,exact_ticker,10.0,,,10.0,9.5,,,,,,,,,20.291,10.0,10.291,,HIGH,PAPER_ONLY_REAL_MONEY_BLOCKED,SUPPORTED,,PENDING,,,,,,,,,,,,F7,,"[""NOT_YET_ACTIVATED_NO_HISTORICAL_PAPER_SAMPLE""]","{""alternateLine"": null, ""rank"": 71}",CLEAN,[],PAPER,False,5.0,,,"[""NOT_YET_ACTIVATED_NO_HISTORICAL_PAPER_SAMPLE""]"
PAPER:2026-08-18:KXMLBF7-26AUG182040LADCOL-COL,2026-08-18,824319,LAD @ COL,KXMLBF7-26AUG182040LADCOL-COL,,inning_result,,F7,Home,,,Home,PAPER_SPREAD_LEDGER,,,exact_ticker,34.0,,,34.0,32.5,,,,,,,,,45.11,34.0,11.11,,HIGH,PAPER_ONLY_REAL_MONEY_BLOCKED,SUPPORTED,,PENDING,,,,,,,,,,,,F7,,"[""NOT_YET_ACTIVATED_NO_HISTORICAL_PAPER_SAMPLE""]","{""alternateLine"": null, ""rank"": 59}",CLEAN,[],PAPER,False,5.0,,,"[""NOT_YET_ACTIVATED_NO_HISTORICAL_PAPER_SAMPLE""]"
PAPER:2026-08-18:KXMLBF7-26AUG182040LADCOL-TIE,2026-08-18,824319,LAD @ COL,KXMLBF7-26AUG182040LADCOL-TIE,,inning_result,,F7,Tie,,,Tie,PAPER_SPREAD_LEDGER,,,exact_ticker,9.0,,,9.0,8.5,,,,,,,,,15.57,9.0,6.57,,HIGH,PAPER_ONLY_REAL_MONEY_BLOCKED,SUPPORTED,,PENDING,,,,,,,,,,,,F7,,"[""NOT_YET_ACTIVATED_NO_HISTORICAL_PAPER_SAMPLE""]","{""alternateLine"": null, ""rank"": 130}",CLEAN,[],PAPER,False,5.0,,,"[""NOT_YET_ACTIVATED_NO_HISTORICAL_PAPER_SAMPLE""]"
PAPER:2026-08-18:KXMLBSPREAD-26AUG181835NYYBAL-BAL2,2026-08-18,824803,NYY @ BAL,KXMLBSPREAD-26AUG181835NYYBAL-BAL2,,winning_margin,,full_game,BAL,1.5,,BAL,PAPER_SPREAD_LEDGER,,,exact_ticker,32.0,,,32.0,31.5,,,,,,,,,33.353,32.0,1.353,,PAPER,PAPER_ONLY_REAL_MONEY_BLOCKED,SUPPORTED,,PENDING,,,,,,,,,,,,full_game,,"[""RULE_81""]","{""alternateLine"": false, ""rank"": 251}",CLEAN,[],PAPER,False,5.0,,,"[""RULE_81""]"
PAPER:2026-08-18:KXMLBSPREAD-26AUG181840STLCIN-STL2,2026-08-18,824475,STL @ CIN,KXMLBSPREAD-26AUG181840STLCIN-STL2,,winning_margin,,full_game,STL,1.5,,STL,PAPER_SPREAD_LEDGER,,,exact_ticker,41.0,,,41.0,40.5,,,,,,,,,49.864,41.0,8.864,,HIGH,PAPER_ONLY_REAL_MONEY_BLOCKED,SUPPORTED,,PENDING,,,,,,,,,,,,full_game,,"[""RULE_81""]","{""alternateLine"": false, ""rank"": 96}",CLEAN,[],PAPER,False,5.0,,,"[""RULE_81""]"
PAPER:2026-08-18:KXMLBSPREAD-26AUG181840STLCIN-STL3,2026-08-18,824475,STL @ CIN,KXMLBSPREAD-26AUG181840STLCIN-STL3,,winning_margin,,full_game,STL,2.5,,STL,PAPER_SPREAD_LEDGER,,,exact_ticker,31.0,,,31.0,30.5,,,,,,,,,36.393,31.0,5.393,,HIGH,PAPER_ONLY_REAL_MONEY_BLOCKED,SUPPORTED,,PENDING,,,,,,,,,,,,full_game,,"[""RULE_81""]","{""alternateLine"": true, ""rank"": 159}",CLEAN,[],PAPER,False,5.0,,,"[""RULE_81""]"
PAPER:2026-08-18:KXMLBSPREAD-26AUG181840STLCIN-STL4,2026-08-18,824475,STL @ CIN,KXMLBSPREAD-26AUG181840STLCIN-STL4,,winning_margin,,full_game,STL,3.5,,STL,PAPER_SPREAD_LEDGER,,,exact_ticker,22.0,,,22.0,21.5,,,,,,,,,24.552,22.0,2.552,,MEDIUM,PAPER_ONLY_REAL_MONEY_BLOCKED,SUPPORTED,,PENDING,,,,,,,,,,,,full_game,,"[""RULE_81""]","{""alternateLine"": true, ""rank"": 220}",CLEAN,[],PAPER,False,5.0,,,"[""RULE_81""]"
PAPER:2026-08-18:KXMLBSPREAD-26AUG181910AZBOS-BOS2,2026-08-18,824723,AZ @ BOS,KXMLBSPREAD-26AUG181910AZBOS-BOS2,,winning_margin,,full_game,BOS,1.5,,BOS,PAPER_SPREAD_LEDGER,,,exact_ticker,42.0,,,42.0,41.5,,,,,,,,,59.75,42.0,17.75,,HIGH,PAPER_ONLY_REAL_MONEY_BLOCKED,SUPPORTED,,PENDING,,,,,,,,,,,,full_game,,"[""RULE_81""]","{""alternateLine"": false, ""rank"": 20}",CLEAN,[],PAPER,False,5.0,,,"[""RULE_81""]"
PAPER:2026-08-18:KXMLBSPREAD-26AUG181910AZBOS-BOS3,2026-08-18,824723,AZ @ BOS,KXMLBSPREAD-26AUG181910AZBOS-BOS3,,winning_margin,,full_game,BOS,2.5,,BOS,PAPER_SPREAD_LEDGER,,,exact_ticker,31.0,,,31.0,30.5,,,,,,,,,46.033,31.0,15.033,,HIGH,PAPER_ONLY_REAL_MONEY_BLOCKED,SUPPORTED,,PENDING,,,,,,,,,,,,full_game,,"[""RULE_81""]","{""alternateLine"": true, ""rank"": 32}",CLEAN,[],PAPER,False,5.0,,,"[""RULE_81""]"
PAPER:2026-08-18:KXMLBSPREAD-26AUG181910AZBOS-BOS4,2026-08-18,824723,AZ @ BOS,KXMLBSPREAD-26AUG181910AZBOS-BOS4,,winning_margin,,full_game,BOS,3.5,,BOS,PAPER_SPREAD_LEDGER,,,exact_ticker,22.0,,,22.0,21.5,,,,,,,,,32.935,22.0,10.935,,HIGH,PAPER_ONLY_REAL_MONEY_BLOCKED,SUPPORTED,,PENDING,,,,,,,,,,,,full_game,,"[""RULE_81""]","{""alternateLine"": true, ""rank"": 63}",CLEAN,[],PAPER,False,5.0,,,"[""RULE_81""]"
PAPER:2026-08-18:KXMLBSPREAD-26AUG181910SDNYM-NYM2,2026-08-18,823586,SD @ NYM,KXMLBSPREAD-26AUG181910SDNYM-NYM2,,winning_margin,,full_game,NYM,1.5,,NYM,PAPER_SPREAD_LEDGER,,,exact_ticker,32.0,,,32.0,31.5,,,,,,,,,33.699,32.0,1.699,,MEDIUM,PAPER_ONLY_REAL_MONEY_BLOCKED,SUPPORTED,,PENDING,,,,,,,,,,,,full_game,,"[""RULE_81""]","{""alternateLine"": false, ""rank"": 241}",CLEAN,[],PAPER,False,5.0,,,"[""RULE_81""]"
PAPER:2026-08-18:KXMLBSPREAD-26AUG182005CWSCHC-CWS2,2026-08-18,824639,CWS @ CHC,KXMLBSPREAD-26AUG182005CWSCHC-CWS2,,winning_margin,,full_game,CWS,1.5,,CWS,PAPER_SPREAD_LEDGER,,,exact_ticker,29.0,,,29.0,28.5,,,,,,,,,40.977,29.0,11.977,,HIGH,PAPER_ONLY_REAL_MONEY_BLOCKED,SUPPORTED,,PENDING,,,,,,,,,,,,full_game,,"[""RULE_81""]","{""alternateLine"": false, ""rank"": 53}",CLEAN,[],PAPER,False,5.0,,,"[""RULE_81""]"
PAPER:2026-08-18:KXMLBSPREAD-26AUG182005CWSCHC-CWS3,2026-08-18,824639,CWS @ CHC,KXMLBSPREAD-26AUG182005CWSCHC-CWS3,,winning_margin,,full_game,CWS,2.5,,CWS,PAPER_SPREAD_LEDGER,,,exact_ticker,20.0,,,20.0,19.5,,,,,,,,,28.125,20.0,8.125,,HIGH,PAPER_ONLY_REAL_MONEY_BLOCKED,SUPPORTED,,PENDING,,,,,,,,,,,,full_game,,"[""RULE_81""]","{""alternateLine"": true, ""rank"": 108}",CLEAN,[],PAPER,False,5.0,,,"[""RULE_81""]"
PAPER:2026-08-18:KXMLBSPREAD-26AUG182005CWSCHC-CWS4,2026-08-18,824639,CWS @ CHC,KXMLBSPREAD-26AUG182005CWSCHC-CWS4,,winning_margin,,full_game,CWS,3.5,,CWS,PAPER_SPREAD_LEDGER,,,exact_ticker,15.0,,,15.0,14.5,,,,,,,,,17.719,15.0,2.719,,MEDIUM,PAPER_ONLY_REAL_MONEY_BLOCKED,SUPPORTED,,PENDING,,,,,,,,,,,,full_game,,"[""RULE_81""]","{""alternateLine"": true, ""rank"": 216}",CLEAN,[],PAPER,False,5.0,,,"[""RULE_81""]"
PAPER:2026-08-18:KXMLBSPREAD-26AUG182005WSHTEX-WSH2,2026-08-18,822859,WSH @ TEX,KXMLBSPREAD-26AUG182005WSHTEX-WSH2,,winning_margin,,full_game,WSH,1.5,,WSH,PAPER_SPREAD_LEDGER,,,exact_ticker,30.0,,,30.0,29.5,,,,,,,,,37.572,30.0,7.572,,HIGH,PAPER_ONLY_REAL_MONEY_BLOCKED,SUPPORTED,,PENDING,,,,,,,,,,,,full_game,,"[""RULE_81""]","{""alternateLine"": false, ""rank"": 117}",CLEAN,[],PAPER,False,5.0,,,"[""RULE_81""]"
PAPER:2026-08-18:KXMLBSPREAD-26AUG182005WSHTEX-WSH3,2026-08-18,822859,WSH @ TEX,KXMLBSPREAD-26AUG182005WSHTEX-WSH3,,winning_margin,,full_game,WSH,2.5,,WSH,PAPER_SPREAD_LEDGER,,,exact_ticker,21.0,,,21.0,20.5,,,,,,,,,25.377,21.0,4.377,,HIGH,PAPER_ONLY_REAL_MONEY_BLOCKED,SUPPORTED,,PENDING,,,,,,,,,,,,full_game,,"[""RULE_81""]","{""alternateLine"": true, ""rank"": 178}",CLEAN,[],PAPER,False,5.0,,,"[""RULE_81""]"
PAPER:2026-08-18:KXMLBSPREAD-26AUG182010LAAHOU-LAA2,2026-08-18,824154,LAA @ HOU,KXMLBSPREAD-26AUG182010LAAHOU-LAA2,,winning_margin,,full_game,LAA,1.5,,LAA,PAPER_SPREAD_LEDGER,,,exact_ticker,30.0,,,30.0,29.5,,,,,,,,,31.425,30.0,1.425,,PAPER,PAPER_ONLY_REAL_MONEY_BLOCKED,SUPPORTED,,PENDING,,,,,,,,,,,,full_game,,"[""RULE_81""]","{""alternateLine"": false, ""rank"": 249}",CLEAN,[],PAPER,False,5.0,,,"[""RULE_81""]"
PAPER:2026-08-18:KXMLBSPREAD-26AUG182040LADCOL-COL2,2026-08-18,824319,LAD @ COL,KXMLBSPREAD-26AUG182040LADCOL-COL2,,winning_margin,,full_game,COL,1.5,,COL,PAPER_SPREAD_LEDGER,,,exact_ticker,23.0,,,23.0,22.5,,,,,,,,,28.31,23.0,5.31,,HIGH,PAPER_ONLY_REAL_MONEY_BLOCKED,SUPPORTED,,PENDING,,,,,,,,,,,,full_game,,"[""RULE_81""]","{""alternateLine"": false, ""rank"": 160}",CLEAN,[],PAPER,False,5.0,,,"[""RULE_81""]"
PAPER:2026-08-19:KXMLBF3-26AUG191805MIAPHI-MIA,2026-08-19,823424,MIA @ PHI,KXMLBF3-26AUG191805MIAPHI-MIA,,inning_result,,F3,Away,,,Away,PAPER_SPREAD_LEDGER,,,exact_ticker,35.0,,,35.0,34.5,,,,,,,,,46.238,35.0,11.238,,HIGH,PAPER_ONLY_REAL_MONEY_BLOCKED,SUPPORTED,,PENDING,,,,,,,,,,,,F3,,"[""NOT_YET_ACTIVATED_NO_HISTORICAL_PAPER_SAMPLE""]","{""alternateLine"": null, ""rank"": 44}",CLEAN,[],PAPER,False,5.0,,,"[""NOT_YET_ACTIVATED_NO_HISTORICAL_PAPER_SAMPLE""]"
PAPER:2026-08-19:KXMLBF3-26AUG191835NYYBAL-BAL,2026-08-19,824801,NYY @ BAL,KXMLBF3-26AUG191835NYYBAL-BAL,,inning_result,,F3,Home,,,Home,PAPER_SPREAD_LEDGER,,,exact_ticker,38.0,,,38.0,37.5,,,,,,,,,39.412,38.0,1.412,,PAPER,PAPER_ONLY_REAL_MONEY_BLOCKED,SUPPORTED,,PENDING,,,,,,,,,,,,F3,,"[""NOT_YET_ACTIVATED_NO_HISTORICAL_PAPER_SAMPLE""]","{""alternateLine"": null, ""rank"": 167}",CLEAN,[],PAPER,False,5.0,,,"[""NOT_YET_ACTIVATED_NO_HISTORICAL_PAPER_SAMPLE""]"
PAPER:2026-08-19:KXMLBF3-26AUG191835NYYBAL-TIE,2026-08-19,824801,NYY @ BAL,KXMLBF3-26AUG191835NYYBAL-TIE,,inning_result,,F3,Tie,,,Tie,PAPER_SPREAD_LEDGER,,,exact_ticker,22.0,,,22.0,21.0,,,,,,,,,25.517,22.0,3.517,,HIGH,PAPER_ONLY_REAL_MONEY_BLOCKED,SUPPORTED,,PENDING,,,,,,,,,,,,F3,,"[""NOT_YET_ACTIVATED_NO_HISTORICAL_PAPER_SAMPLE""]","{""alternateLine"": null, ""rank"": 136}",CLEAN,[],PAPER,False,5.0,,,"[""NOT_YET_ACTIVATED_NO_HISTORICAL_PAPER_SAMPLE""]"
PAPER:2026-08-19:KXMLBF3-26AUG191840STLCIN-TIE,2026-08-19,824476,STL @ CIN,KXMLBF3-26AUG191840STLCIN-TIE,,inning_result,,F3,Tie,,,Tie,PAPER_SPREAD_LEDGER,,,exact_ticker,25.0,,,25.0,24.5,,,,,,,,,27.106,25.0,2.106,,MEDIUM,PAPER_ONLY_REAL_MONEY_BLOCKED,SUPPORTED,,PENDING,,,,,,,,,,,,F3,,"[""NOT_YET_ACTIVATED_NO_HISTORICAL_PAPER_SAMPLE""]","{""alternateLine"": null, ""rank"": 159}",CLEAN,[],PAPER,False,5.0,,,"[""NOT_YET_ACTIVATED_NO_HISTORICAL_PAPER_SAMPLE""]"
PAPER:2026-08-19:KXMLBF3-26AUG191840TORTB-TB,2026-08-19,822937,TOR @ TB,KXMLBF3-26AUG191840TORTB-TB,,inning_result,,F3,Home,,,Home,PAPER_SPREAD_LEDGER,,,exact_ticker,48.0,,,48.0,47.5,,,,,,,,,61.366,48.0,13.366,,HIGH,PAPER_ONLY_REAL_MONEY_BLOCKED,SUPPORTED,,PENDING,,,,,,,,,,,,F3,,"[""NOT_YET_ACTIVATED_NO_HISTORICAL_PAPER_SAMPLE""]","{""alternateLine"": null, ""rank"": 26}",CLEAN,[],PAPER,False,5.0,,,"[""NOT_YET_ACTIVATED_NO_HISTORICAL_PAPER_SAMPLE""]"
PAPER:2026-08-19:KXMLBF3-26AUG191940ATHKC-KC,2026-08-19,824076,ATH @ KC,KXMLBF3-26AUG191940ATHKC-KC,,inning_result,,F3,Home,,,Home,PAPER_SPREAD_LEDGER,,,exact_ticker,45.0,,,45.0,44.5,,,,,,,,,48.53,45.0,3.53,,HIGH,PAPER_ONLY_REAL_MONEY_BLOCKED,SUPPORTED,,PENDING,,,,,,,,,,,,F3,,"[""NOT_YET_ACTIVATED_NO_HISTORICAL_PAPER_SAMPLE""]","{""alternateLine"": null, ""rank"": 135}",CLEAN,[],PAPER,False,5.0,,,"[""NOT_YET_ACTIVATED_NO_HISTORICAL_PAPER_SAMPLE""]"
PAPER:2026-08-19:KXMLBF3-26AUG191940ATHKC-TIE,2026-08-19,824076,ATH @ KC,KXMLBF3-26AUG191940ATHKC-TIE,,inning_result,,F3,Tie,,,Tie,PAPER_SPREAD_LEDGER,,,exact_ticker,22.0,,,22.0,21.5,,,,,,,,,23.075,22.0,1.075,,PAPER,PAPER_ONLY_REAL_MONEY_BLOCKED,SUPPORTED,,PENDING,,,,,,,,,,,,F3,,"[""NOT_YET_ACTIVATED_NO_HISTORICAL_PAPER_SAMPLE""]","{""alternateLine"": null, ""rank"": 176}",CLEAN,[],PAPER,False,5.0,,,"[""NOT_YET_ACTIVATED_NO_HISTORICAL_PAPER_SAMPLE""]"
PAPER:2026-08-19:KXMLBF3-26AUG191940SEAMIL-MIL,2026-08-19,823748,SEA @ MIL,KXMLBF3-26AUG191940SEAMIL-MIL,,inning_result,,F3,Home,,,Home,PAPER_SPREAD_LEDGER,,,exact_ticker,36.0,,,36.0,35.5,,,,,,,,,42.61,36.0,6.61,,HIGH,PAPER_ONLY_REAL_MONEY_BLOCKED,SUPPORTED,,PENDING,,,,,,,,,,,,F3,,"[""NOT_YET_ACTIVATED_NO_HISTORICAL_PAPER_SAMPLE""]","{""alternateLine"": null, ""rank"": 94}",CLEAN,[],PAPER,False,5.0,,,"[""NOT_YET_ACTIVATED_NO_HISTORICAL_PAPER_SAMPLE""]"
PAPER:2026-08-19:KXMLBF3-26AUG192005WSHTEX-WSH,2026-08-19,822860,WSH @ TEX,KXMLBF3-26AUG192005WSHTEX-WSH,,inning_result,,F3,Away,,,Away,PAPER_SPREAD_LEDGER,,,exact_ticker,37.0,,,37.0,36.5,,,,,,,,,47.305,37.0,10.305,,HIGH,PAPER_ONLY_REAL_MONEY_BLOCKED,SUPPORTED,,PENDING,,,,,,,,,,,,F3,,"[""NOT_YET_ACTIVATED_NO_HISTORICAL_PAPER_SAMPLE""]","{""alternateLine"": null, ""rank"": 50}",CLEAN,[],PAPER,False,5.0,,,"[""NOT_YET_ACTIVATED_NO_HISTORICAL_PAPER_SAMPLE""]"
PAPER:2026-08-19:KXMLBF3-26AUG192040LADCOL-COL,2026-08-19,824318,LAD @ COL,KXMLBF3-26AUG192040LADCOL-COL,,inning_result,,F3,Home,,,Home,PAPER_SPREAD_LEDGER,,,exact_ticker,33.0,,,33.0,32.5,,,,,,,,,43.012,33.0,10.012,,HIGH,PAPER_ONLY_REAL_MONEY_BLOCKED,SUPPORTED,,PENDING,,,,,,,,,,,,F3,,"[""NOT_YET_ACTIVATED_NO_HISTORICAL_PAPER_SAMPLE""]","{""alternateLine"": null, ""rank"": 55}",CLEAN,[],PAPER,False,5.0,,,"[""NOT_YET_ACTIVATED_NO_HISTORICAL_PAPER_SAMPLE""]"
PAPER:2026-08-19:KXMLBF3-26AUG192040LADCOL-TIE,2026-08-19,824318,LAD @ COL,KXMLBF3-26AUG192040LADCOL-TIE,,inning_result,,F3,Tie,,,Tie,PAPER_SPREAD_LEDGER,,,exact_ticker,19.0,,,19.0,18.5,,,,,,,,,23.017,19.0,4.017,,HIGH,PAPER_ONLY_REAL_MONEY_BLOCKED,SUPPORTED,,PENDING,,,,,,,,,,,,F3,,"[""NOT_YET_ACTIVATED_NO_HISTORICAL_PAPER_SAMPLE""]","{""alternateLine"": null, ""rank"": 128}",CLEAN,[],PAPER,False,5.0,,,"[""NOT_YET_ACTIVATED_NO_HISTORICAL_PAPER_SAMPLE""]"
PAPER:2026-08-19:KXMLBF5SPREAD-26AUG191805MIAPHI-MIA2,2026-08-19,823424,MIA @ PHI,KXMLBF5SPREAD-26AUG191805MIAPHI-MIA2,,winning_margin,,F5,MIA,1.5,,MIA,PAPER_SPREAD_LEDGER,,,exact_ticker,27.0,,,27.0,26.5,,,,,,,,,33.925,27.0,6.925,,HIGH,PAPER_ONLY_REAL_MONEY_BLOCKED,SUPPORTED,,PENDING,,,,,,,,,,,,F5,,"[""NOT_YET_ACTIVATED_NO_HISTORICAL_PAPER_SAMPLE""]","{""alternateLine"": false, ""rank"": 88}",CLEAN,[],PAPER,False,5.0,,,"[""NOT_YET_ACTIVATED_NO_HISTORICAL_PAPER_SAMPLE""]"
PAPER:2026-08-19:KXMLBF5SPREAD-26AUG191805MIAPHI-MIA3,2026-08-19,823424,MIA @ PHI,KXMLBF5SPREAD-26AUG191805MIAPHI-MIA3,,winning_margin,,F5,MIA,2.5,,MIA,PAPER_SPREAD_LEDGER,,,exact_ticker,18.0,,,18.0,17.5,,,,,,,,,19.394,18.0,1.394,,PAPER,PAPER_ONLY_REAL_MONEY_BLOCKED,SUPPORTED,,PENDING,,,,,,,,,,,,F5,,"[""NOT_YET_ACTIVATED_NO_HISTORICAL_PAPER_SAMPLE""]","{""alternateLine"": true, ""rank"": 168}",CLEAN,[],PAPER,False,5.0,,,"[""NOT_YET_ACTIVATED_NO_HISTORICAL_PAPER_SAMPLE""]"
PAPER:2026-08-19:KXMLBF5SPREAD-26AUG191940SEAMIL-MIL2,2026-08-19,823748,SEA @ MIL,KXMLBF5SPREAD-26AUG191940SEAMIL-MIL2,,winning_margin,,F5,MIL,1.5,,MIL,PAPER_SPREAD_LEDGER,,,exact_ticker,28.0,,,28.0,27.5,,,,,,,,,34.014,28.0,6.014,,HIGH,PAPER_ONLY_REAL_MONEY_BLOCKED,SUPPORTED,,PENDING,,,,,,,,,,,,F5,,"[""NOT_YET_ACTIVATED_NO_HISTORICAL_PAPER_SAMPLE""]","{""alternateLine"": false, ""rank"": 99}",CLEAN,[],PAPER,False,5.0,,,"[""NOT_YET_ACTIVATED_NO_HISTORICAL_PAPER_SAMPLE""]"
PAPER:2026-08-19:KXMLBF5SPREAD-26AUG191940SEAMIL-MIL3,2026-08-19,823748,SEA @ MIL,KXMLBF5SPREAD-26AUG191940SEAMIL-MIL3,,winning_margin,,F5,MIL,2.5,,MIL,PAPER_SPREAD_LEDGER,,,exact_ticker,16.0,,,16.0,15.5,,,,,,,,,17.035,16.0,1.035,,PAPER,PAPER_ONLY_REAL_MONEY_BLOCKED,SUPPORTED,,PENDING,,,,,,,,,,,,F5,,"[""NOT_YET_ACTIVATED_NO_HISTORICAL_PAPER_SAMPLE""]","{""alternateLine"": true, ""rank"": 177}",CLEAN,[],PAPER,False,5.0,,,"[""NOT_YET_ACTIVATED_NO_HISTORICAL_PAPER_SAMPLE""]"
PAPER:2026-08-19:KXMLBF5SPREAD-26AUG192005WSHTEX-WSH2,2026-08-19,822860,WSH @ TEX,KXMLBF5SPREAD-26AUG192005WSHTEX-WSH2,,winning_margin,,F5,WSH,1.5,,WSH,PAPER_SPREAD_LEDGER,,,exact_ticker,26.0,,,26.0,25.5,,,,,,,,,33.028,26.0,7.028,,HIGH,PAPER_ONLY_REAL_MONEY_BLOCKED,SUPPORTED,,PENDING,,,,,,,,,,,,F5,,"[""NOT_YET_ACTIVATED_NO_HISTORICAL_PAPER_SAMPLE""]","{""alternateLine"": false, ""rank"": 86}",CLEAN,[],PAPER,False,5.0,,,"[""NOT_YET_ACTIVATED_NO_HISTORICAL_PAPER_SAMPLE""]"
PAPER:2026-08-19:KXMLBF7-26AUG191805MIAPHI-MIA,2026-08-19,823424,MIA @ PHI,KXMLBF7-26AUG191805MIAPHI-MIA,,inning_result,,F7,Away,,,Away,PAPER_SPREAD_LEDGER,,,exact_ticker,40.0,,,40.0,39.0,,,,,,,,,44.832,40.0,4.832,,HIGH,PAPER_ONLY_REAL_MONEY_BLOCKED,SUPPORTED,,PENDING,,,,,,,,,,,,F7,,"[""NOT_YET_ACTIVATED_NO_HISTORICAL_PAPER_SAMPLE""]","{""alternateLine"": null, ""rank"": 115}",CLEAN,[],PAPER,False,5.0,,,"[""NOT_YET_ACTIVATED_NO_HISTORICAL_PAPER_SAMPLE""]"
PAPER:2026-08-19:KXMLBF7-26AUG191805MIAPHI-TIE,2026-08-19,823424,MIA @ PHI,KXMLBF7-26AUG191805MIAPHI-TIE,,inning_result,,F7,Tie,,,Tie,PAPER_SPREAD_LEDGER,,,exact_ticker,12.0,,,12.0,11.0,,,,,,,,,16.702,12.0,4.702,,HIGH,PAPER_ONLY_REAL_MONEY_BLOCKED,SUPPORTED,,PENDING,,,,,,,,,,,,F7,,"[""NOT_YET_ACTIVATED_NO_HISTORICAL_PAPER_SAMPLE""]","{""alternateLine"": null, ""rank"": 116}",CLEAN,[],PAPER,False,5.0,,,"[""NOT_YET_ACTIVATED_NO_HISTORICAL_PAPER_SAMPLE""]"
PAPER:2026-08-19:KXMLBF7-26AUG191835NYYBAL-TIE,2026-08-19,824801,NYY @ BAL,KXMLBF7-26AUG191835NYYBAL-TIE,,inning_result,,F7,Tie,,,Tie,PAPER_SPREAD_LEDGER,,,exact_ticker,10.0,,,10.0,9.5,,,,,,,,,19.255,10.0,9.255,,HIGH,PAPER_ONLY_REAL_MONEY_BLOCKED,SUPPORTED,,PENDING,,,,,,,,,,,,F7,,"[""NOT_YET_ACTIVATED_NO_HISTORICAL_PAPER_SAMPLE""]","{""alternateLine"": null, ""rank"": 62}",CLEAN,[],PAPER,False,5.0,,,"[""NOT_YET_ACTIVATED_NO_HISTORICAL_PAPER_SAMPLE""]"
PAPER:2026-08-19:KXMLBF7-26AUG191840STLCIN-STL,2026-08-19,824476,STL @ CIN,KXMLBF7-26AUG191840STLCIN-STL,,inning_result,,F7,Away,,,Away,PAPER_SPREAD_LEDGER,,,exact_ticker,36.0,,,36.0,35.5,,,,,,,,,39.214,36.0,3.214,,HIGH,PAPER_ONLY_REAL_MONEY_BLOCKED,SUPPORTED,,PENDING,,,,,,,,,,,,F7,,"[""NOT_YET_ACTIVATED_NO_HISTORICAL_PAPER_SAMPLE""]","{""alternateLine"": null, ""rank"": 142}",CLEAN,[],PAPER,False,5.0,,,"[""NOT_YET_ACTIVATED_NO_HISTORICAL_PAPER_SAMPLE""]"
PAPER:2026-08-19:KXMLBF7-26AUG191840STLCIN-TIE,2026-08-19,824476,STL @ CIN,KXMLBF7-26AUG191840STLCIN-TIE,,inning_result,,F7,Tie,,,Tie,PAPER_SPREAD_LEDGER,,,exact_ticker,13.0,,,13.0,12.0,,,,,,,,,20.685,13.0,7.685,,HIGH,PAPER_ONLY_REAL_MONEY_BLOCKED,SUPPORTED,,PENDING,,,,,,,,,,,,F7,,"[""NOT_YET_ACTIVATED_NO_HISTORICAL_PAPER_SAMPLE""]","{""alternateLine"": null, ""rank"": 82}",CLEAN,[],PAPER,False,5.0,,,"[""NOT_YET_ACTIVATED_NO_HISTORICAL_PAPER_SAMPLE""]"
PAPER:2026-08-19:KXMLBF7-26AUG191840TORTB-TIE,2026-08-19,822937,TOR @ TB,KXMLBF7-26AUG191840TORTB-TIE,,inning_result,,F7,Tie,,,Tie,PAPER_SPREAD_LEDGER,,,exact_ticker,12.0,,,12.0,11.5,,,,,,,,,19.733,12.0,7.733,,HIGH,PAPER_ONLY_REAL_MONEY_BLOCKED,SUPPORTED,,PENDING,,,,,,,,,,,,F7,,"[""NOT_YET_ACTIVATED_NO_HISTORICAL_PAPER_SAMPLE""]","{""alternateLine"": null, ""rank"": 80}",CLEAN,[],PAPER,False,5.0,,,"[""NOT_YET_ACTIVATED_NO_HISTORICAL_PAPER_SAMPLE""]"
PAPER:2026-08-19:KXMLBF7-26AUG191940ATHKC-ATH,2026-08-19,824076,ATH @ KC,KXMLBF7-26AUG191940ATHKC-ATH,,inning_result,,F7,Away,,,Away,PAPER_SPREAD_LEDGER,,,exact_ticker,33.0,,,33.0,32.0,,,,,,,,,36.215,33.0,3.215,,HIGH,PAPER_ONLY_REAL_MONEY_BLOCKED,SUPPORTED,,PENDING,,,,,,,,,,,,F7,,"[""NOT_YET_ACTIVATED_NO_HISTORICAL_PAPER_SAMPLE""]","{""alternateLine"": null, ""rank"": 140}",CLEAN,[],PAPER,False,5.0,,,"[""NOT_YET_ACTIVATED_NO_HISTORICAL_PAPER_SAMPLE""]"
PAPER:2026-08-19:KXMLBF7-26AUG191940ATHKC-TIE,2026-08-19,824076,ATH @ KC,KXMLBF7-26AUG191940ATHKC-TIE,,inning_result,,F7,Tie,,,Tie,PAPER_SPREAD_LEDGER,,,exact_ticker,11.0,,,11.0,10.5,,,,,,,,,18.91,11.0,7.91,,HIGH,PAPER_ONLY_REAL_MONEY_BLOCKED,SUPPORTED,,PENDING,,,,,,,,,,,,F7,,"[""NOT_YET_ACTIVATED_NO_HISTORICAL_PAPER_SAMPLE""]","{""alternateLine"": null, ""rank"": 77}",CLEAN,[],PAPER,False,5.0,,,"[""NOT_YET_ACTIVATED_NO_HISTORICAL_PAPER_SAMPLE""]"
PAPER:2026-08-19:KXMLBF7-26AUG191940SEAMIL-MIL,2026-08-19,823748,SEA @ MIL,KXMLBF7-26AUG191940SEAMIL-MIL,,inning_result,,F7,Home,,,Home,PAPER_SPREAD_LEDGER,,,exact_ticker,45.0,,,45.0,44.5,,,,,,,,,69.24,45.0,24.24,,HIGH,PAPER_ONLY_REAL_MONEY_BLOCKED,SUPPORTED,,PENDING,,,,,,,,,,,,F7,,"[""NOT_YET_ACTIVATED_NO_HISTORICAL_PAPER_SAMPLE""]","{""alternateLine"": null, ""rank"": 11}",CLEAN,[],PAPER,False,5.0,,,"[""NOT_YET_ACTIVATED_NO_HISTORICAL_PAPER_SAMPLE""]"
PAPER:2026-08-19:KXMLBF7-26AUG191940SEAMIL-TIE,2026-08-19,823748,SEA @ MIL,KXMLBF7-26AUG191940SEAMIL-TIE,,inning_result,,F7,Tie,,,Tie,PAPER_SPREAD_LEDGER,,,exact_ticker,13.0,,,13.0,12.5,,,,,,,,,15.898,13.0,2.898,,MEDIUM,PAPER_ONLY_REAL_MONEY_BLOCKED,SUPPORTED,,PENDING,,,,,,,,,,,,F7,,"[""NOT_YET_ACTIVATED_NO_HISTORICAL_PAPER_SAMPLE""]","{""alternateLine"": null, ""rank"": 146}",CLEAN,[],PAPER,False,5.0,,,"[""NOT_YET_ACTIVATED_NO_HISTORICAL_PAPER_SAMPLE""]"
PAPER:2026-08-19:KXMLBF7-26AUG192005WSHTEX-TIE,2026-08-19,822860,WSH @ TEX,KXMLBF7-26AUG192005WSHTEX-TIE,,inning_result,,F7,Tie,,,Tie,PAPER_SPREAD_LEDGER,,,exact_ticker,13.0,,,13.0,12.0,,,,,,,,,19.773,13.0,6.773,,HIGH,PAPER_ONLY_REAL_MONEY_BLOCKED,SUPPORTED,,PENDING,,,,,,,,,,,,F7,,"[""NOT_YET_ACTIVATED_NO_HISTORICAL_PAPER_SAMPLE""]","{""alternateLine"": null, ""rank"": 90}",CLEAN,[],PAPER,False,5.0,,,"[""NOT_YET_ACTIVATED_NO_HISTORICAL_PAPER_SAMPLE""]"
PAPER:2026-08-19:KXMLBF7-26AUG192005WSHTEX-WSH,2026-08-19,822860,WSH @ TEX,KXMLBF7-26AUG192005WSHTEX-WSH,,inning_result,,F7,Away,,,Away,PAPER_SPREAD_LEDGER,,,exact_ticker,40.0,,,40.0,39.5,,,,,,,,,50.539,40.0,10.539,,HIGH,PAPER_ONLY_REAL_MONEY_BLOCKED,SUPPORTED,,PENDING,,,,,,,,,,,,F7,,"[""NOT_YET_ACTIVATED_NO_HISTORICAL_PAPER_SAMPLE""]","{""alternateLine"": null, ""rank"": 47}",CLEAN,[],PAPER,False,5.0,,,"[""NOT_YET_ACTIVATED_NO_HISTORICAL_PAPER_SAMPLE""]"
PAPER:2026-08-19:KXMLBF7-26AUG192040LADCOL-COL,2026-08-19,824318,LAD @ COL,KXMLBF7-26AUG192040LADCOL-COL,,inning_result,,F7,Home,,,Home,PAPER_SPREAD_LEDGER,,,exact_ticker,32.0,,,32.0,31.5,,,,,,,,,35.587,32.0,3.587,,HIGH,PAPER_ONLY_REAL_MONEY_BLOCKED,SUPPORTED,,PENDING,,,,,,,,,,,,F7,,"[""NOT_YET_ACTIVATED_NO_HISTORICAL_PAPER_SAMPLE""]","{""alternateLine"": null, ""rank"": 134}",CLEAN,[],PAPER,False,5.0,,,"[""NOT_YET_ACTIVATED_NO_HISTORICAL_PAPER_SAMPLE""]"
PAPER:2026-08-19:KXMLBF7-26AUG192040LADCOL-TIE,2026-08-19,824318,LAD @ COL,KXMLBF7-26AUG192040LADCOL-TIE,,inning_result,,F7,Tie,,,Tie,PAPER_SPREAD_LEDGER,,,exact_ticker,9.0,,,9.0,8.5,,,,,,,,,17.126,9.0,8.126,,HIGH,PAPER_ONLY_REAL_MONEY_BLOCKED,SUPPORTED,,PENDING,,,,,,,,,,,,F7,,"[""NOT_YET_ACTIVATED_NO_HISTORICAL_PAPER_SAMPLE""]","{""alternateLine"": null, ""rank"": 74}",CLEAN,[],PAPER,False,5.0,,,"[""NOT_YET_ACTIVATED_NO_HISTORICAL_PAPER_SAMPLE""]"
PAPER:2026-08-19:KXMLBSPREAD-26AUG191805MIAPHI-MIA2,2026-08-19,823424,MIA @ PHI,KXMLBSPREAD-26AUG191805MIAPHI-MIA2,,winning_margin,,full_game,MIA,1.5,,MIA,PAPER_SPREAD_LEDGER,,,exact_ticker,33.0,,,33.0,32.5,,,,,,,,,37.491,33.0,4.491,,HIGH,PAPER_ONLY_REAL_MONEY_BLOCKED,SUPPORTED,,PENDING,,,,,,,,,,,,full_game,,"[""RULE_81""]","{""alternateLine"": false, ""rank"": 120}",CLEAN,[],PAPER,False,5.0,,,"[""RULE_81""]"
PAPER:2026-08-19:KXMLBSPREAD-26AUG191840TORTB-TB2,2026-08-19,822937,TOR @ TB,KXMLBSPREAD-26AUG191840TORTB-TB2,,winning_margin,,full_game,TB,1.5,,TB,PAPER_SPREAD_LEDGER,,,exact_ticker,47.0,,,47.0,46.5,,,,,,,,,48.271,47.0,1.271,,PAPER,PAPER_ONLY_REAL_MONEY_BLOCKED,SUPPORTED,,PENDING,,,,,,,,,,,,full_game,,"[""RULE_81""]","{""alternateLine"": false, ""rank"": 170}",CLEAN,[],PAPER,False,5.0,,,"[""RULE_81""]"
PAPER:2026-08-19:KXMLBSPREAD-26AUG191940SEAMIL-MIL2,2026-08-19,823748,SEA @ MIL,KXMLBSPREAD-26AUG191940SEAMIL-MIL2,,winning_margin,,full_game,MIL,1.5,,MIL,PAPER_SPREAD_LEDGER,,,exact_ticker,35.0,,,35.0,34.5,,,,,,,,,38.451,35.0,3.451,,HIGH,PAPER_ONLY_REAL_MONEY_BLOCKED,SUPPORTED,,PENDING,,,,,,,,,,,,full_game,,"[""RULE_81""]","{""alternateLine"": false, ""rank"": 138}",CLEAN,[],PAPER,False,5.0,,,"[""RULE_81""]"
PAPER:2026-08-19:KXMLBSPREAD-26AUG192005WSHTEX-WSH2,2026-08-19,822860,WSH @ TEX,KXMLBSPREAD-26AUG192005WSHTEX-WSH2,,winning_margin,,full_game,WSH,1.5,,WSH,PAPER_SPREAD_LEDGER,,,exact_ticker,34.0,,,34.0,33.5,,,,,,,,,39.054,34.0,5.054,,HIGH,PAPER_ONLY_REAL_MONEY_BLOCKED,SUPPORTED,,PENDING,,,,,,,,,,,,full_game,,"[""RULE_81""]","{""alternateLine"": false, ""rank"": 110}",CLEAN,[],PAPER,False,5.0,,,"[""RULE_81""]"
PAPER:2026-08-19:KXMLBSPREAD-26AUG192005WSHTEX-WSH3,2026-08-19,822860,WSH @ TEX,KXMLBSPREAD-26AUG192005WSHTEX-WSH3,,winning_margin,,full_game,WSH,2.5,,WSH,PAPER_SPREAD_LEDGER,,,exact_ticker,24.0,,,24.0,23.5,,,,,,,,,26.134,24.0,2.134,,MEDIUM,PAPER_ONLY_REAL_MONEY_BLOCKED,SUPPORTED,,PENDING,,,,,,,,,,,,full_game,,"[""RULE_81""]","{""alternateLine"": true, ""rank"": 158}",CLEAN,[],PAPER,False,5.0,,,"[""RULE_81""]"
PAPER:2026-08-19:KXMLBSPREAD-26AUG192040LADCOL-COL2,2026-08-19,824318,LAD @ COL,KXMLBSPREAD-26AUG192040LADCOL-COL2,,winning_margin,,full_game,COL,1.5,,COL,PAPER_SPREAD_LEDGER,,,exact_ticker,23.0,,,23.0,22.5,,,,,,,,,32.63,23.0,9.63,,HIGH,PAPER_ONLY_REAL_MONEY_BLOCKED,SUPPORTED,,PENDING,,,,,,,,,,,,full_game,,"[""RULE_81""]","{""alternateLine"": false, ""rank"": 59}",CLEAN,[],PAPER,False,5.0,,,"[""RULE_81""]"
PAPER:2026-08-19:KXMLBSPREAD-26AUG192040LADCOL-COL3,2026-08-19,824318,LAD @ COL,KXMLBSPREAD-26AUG192040LADCOL-COL3,,winning_margin,,full_game,COL,2.5,,COL,PAPER_SPREAD_LEDGER,,,exact_ticker,17.0,,,17.0,16.5,,,,,,,,,21.883,17.0,4.883,,HIGH,PAPER_ONLY_REAL_MONEY_BLOCKED,SUPPORTED,,PENDING,,,,,,,,,,,,full_game,,"[""RULE_81""]","{""alternateLine"": true, ""rank"": 113}",CLEAN,[],PAPER,False,5.0,,,"[""RULE_81""]"
PAPER:2026-08-19:KXMLBSPREAD-26AUG192040LADCOL-COL4,2026-08-19,824318,LAD @ COL,KXMLBSPREAD-26AUG192040LADCOL-COL4,,winning_margin,,full_game,COL,3.5,,COL,PAPER_SPREAD_LEDGER,,,exact_ticker,11.0,,,11.0,10.5,,,,,,,,,13.575,11.0,2.575,,MEDIUM,PAPER_ONLY_REAL_MONEY_BLOCKED,SUPPORTED,,PENDING,,,,,,,,,,,,full_game,,"[""RULE_81""]","{""alternateLine"": true, ""rank"": 153}",CLEAN,[],PAPER,False,5.0,,,"[""RULE_81""]"
PAPER:2026-08-20:KXMLBF3-26AUG201310SFCLE-SF,2026-08-20,824395,SF @ CLE,KXMLBF3-26AUG201310SFCLE-SF,,inning_result,,F3,Away,,,Away,PAPER_SPREAD_LEDGER,,,exact_ticker,27.0,,,27.0,26.5,,,,,,,,,34.289,27.0,7.289,,HIGH,PAPER_ONLY_REAL_MONEY_BLOCKED,SUPPORTED,,PENDING,,,,,,,,,,,,F3,,"[""NOT_YET_ACTIVATED_NO_HISTORICAL_PAPER_SAMPLE""]","{""alternateLine"": null, ""rank"": 76}",CLEAN,[],PAPER,False,5.0,,,"[""NOT_YET_ACTIVATED_NO_HISTORICAL_PAPER_SAMPLE""]"
PAPER:2026-08-20:KXMLBF3-26AUG201310TORTB-TB,2026-08-20,822934,TOR @ TB,KXMLBF3-26AUG201310TORTB-TB,,inning_result,,F3,Home,,,Home,PAPER_SPREAD_LEDGER,,,exact_ticker,43.0,,,43.0,42.5,,,,,,,,,53.922,43.0,10.922,,HIGH,PAPER_ONLY_REAL_MONEY_BLOCKED,SUPPORTED,,PENDING,,,,,,,,,,,,F3,,"[""NOT_YET_ACTIVATED_NO_HISTORICAL_PAPER_SAMPLE""]","{""alternateLine"": null, ""rank"": 41}",CLEAN,[],PAPER,False,5.0,,,"[""NOT_YET_ACTIVATED_NO_HISTORICAL_PAPER_SAMPLE""]"
PAPER:2026-08-20:KXMLBF3-26AUG201410ATHKC-TIE,2026-08-20,824074,ATH @ KC,KXMLBF3-26AUG201410ATHKC-TIE,,inning_result,,F3,Tie,,,Tie,PAPER_SPREAD_LEDGER,,,exact_ticker,24.0,,,24.0,23.5,,,,,,,,,27.197,24.0,3.197,,HIGH,PAPER_ONLY_REAL_MONEY_BLOCKED,SUPPORTED,,PENDING,,,,,,,,,,,,F3,,"[""NOT_YET_ACTIVATED_NO_HISTORICAL_PAPER_SAMPLE""]","{""alternateLine"": null, ""rank"": 133}",CLEAN,[],PAPER,False,5.0,,,"[""NOT_YET_ACTIVATED_NO_HISTORICAL_PAPER_SAMPLE""]"
PAPER:2026-08-20:KXMLBF3-26AUG201410ATLCWS-CWS,2026-08-20,824589,ATL @ CWS,KXMLBF3-26AUG201410ATLCWS-CWS,,inning_result,,F3,Home,,,Home,PAPER_SPREAD_LEDGER,,,exact_ticker,40.0,,,40.0,39.0,,,,,,,,,46.927,40.0,6.927,,HIGH,PAPER_ONLY_REAL_MONEY_BLOCKED,SUPPORTED,,PENDING,,,,,,,,,,,,F3,,"[""NOT_YET_ACTIVATED_NO_HISTORICAL_PAPER_SAMPLE""]","{""alternateLine"": null, ""rank"": 81}",CLEAN,[],PAPER,False,5.0,,,"[""NOT_YET_ACTIVATED_NO_HISTORICAL_PAPER_SAMPLE""]"
PAPER:2026-08-20:KXMLBF3-26AUG201410SEAMIL-SEA,2026-08-20,823747,SEA @ MIL,KXMLBF3-26AUG201410SEAMIL-SEA,,inning_result,,F3,Away,,,Away,PAPER_SPREAD_LEDGER,,,exact_ticker,35.0,,,35.0,34.0,,,,,,,,,37.474,35.0,2.474,,MEDIUM,PAPER_ONLY_REAL_MONEY_BLOCKED,SUPPORTED,,PENDING,,,,,,,,,,,,F3,,"[""NOT_YET_ACTIVATED_NO_HISTORICAL_PAPER_SAMPLE""]","{""alternateLine"": null, ""rank"": 147}",CLEAN,[],PAPER,False,5.0,,,"[""NOT_YET_ACTIVATED_NO_HISTORICAL_PAPER_SAMPLE""]"
PAPER:2026-08-20:KXMLBF3-26AUG201410SEAMIL-TIE,2026-08-20,823747,SEA @ MIL,KXMLBF3-26AUG201410SEAMIL-TIE,,inning_result,,F3,Tie,,,Tie,PAPER_SPREAD_LEDGER,,,exact_ticker,24.0,,,24.0,23.5,,,,,,,,,25.369,24.0,1.369,,PAPER,PAPER_ONLY_REAL_MONEY_BLOCKED,SUPPORTED,,PENDING,,,,,,,,,,,,F3,,"[""NOT_YET_ACTIVATED_NO_HISTORICAL_PAPER_SAMPLE""]","{""alternateLine"": null, ""rank"": 168}",CLEAN,[],PAPER,False,5.0,,,"[""NOT_YET_ACTIVATED_NO_HISTORICAL_PAPER_SAMPLE""]"
PAPER:2026-08-20:KXMLBF3-26AUG201835NYYBAL-TIE,2026-08-20,824802,NYY @ BAL,KXMLBF3-26AUG201835NYYBAL-TIE,,inning_result,,F3,Tie,,,Tie,PAPER_SPREAD_LEDGER,,,exact_ticker,26.0,,,26.0,25.5,,,,,,,,,28.634,26.0,2.634,,MEDIUM,PAPER_ONLY_REAL_MONEY_BLOCKED,SUPPORTED,,PENDING,,,,,,,,,,,,F3,,"[""NOT_YET_ACTIVATED_NO_HISTORICAL_PAPER_SAMPLE""]","{""alternateLine"": null, ""rank"": 143}",CLEAN,[],PAPER,False,5.0,,,"[""NOT_YET_ACTIVATED_NO_HISTORICAL_PAPER_SAMPLE""]"
PAPER:2026-08-20:KXMLBF3-26AUG202005WSHTEX-TIE,2026-08-20,822861,WSH @ TEX,KXMLBF3-26AUG202005WSHTEX-TIE,,inning_result,,F3,Tie,,,Tie,PAPER_SPREAD_LEDGER,,,exact_ticker,27.0,,,27.0,26.0,,,,,,,,,30.312,27.0,3.312,,HIGH,PAPER_ONLY_REAL_MONEY_BLOCKED,SUPPORTED,,PENDING,,,,,,,,,,,,F3,,"[""NOT_YET_ACTIVATED_NO_HISTORICAL_PAPER_SAMPLE""]","{""alternateLine"": null, ""rank"": 130}",CLEAN,[],PAPER,False,5.0,,,"[""NOT_YET_ACTIVATED_NO_HISTORICAL_PAPER_SAMPLE""]"
PAPER:2026-08-20:KXMLBF3-26AUG202005WSHTEX-WSH,2026-08-20,822861,WSH @ TEX,KXMLBF3-26AUG202005WSHTEX-WSH,,inning_result,,F3,Away,,,Away,PAPER_SPREAD_LEDGER,,,exact_ticker,30.0,,,30.0,28.5,,,,,,,,,39.773,30.0,9.773,,HIGH,PAPER_ONLY_REAL_MONEY_BLOCKED,SUPPORTED,,PENDING,,,,,,,,,,,,F3,,"[""NOT_YET_ACTIVATED_NO_HISTORICAL_PAPER_SAMPLE""]","{""alternateLine"": null, ""rank"": 52}",CLEAN,[],PAPER,False,5.0,,,"[""NOT_YET_ACTIVATED_NO_HISTORICAL_PAPER_SAMPLE""]"
PAPER:2026-08-20:KXMLBF3-26AUG202010LAAHOU-TIE,2026-08-20,824153,LAA @ HOU,KXMLBF3-26AUG202010LAAHOU-TIE,,inning_result,,F3,Tie,,,Tie,PAPER_SPREAD_LEDGER,,,exact_ticker,22.0,,,22.0,21.5,,,,,,,,,24.984,22.0,2.984,,MEDIUM,PAPER_ONLY_REAL_MONEY_BLOCKED,SUPPORTED,,PENDING,,,,,,,,,,,,F3,,"[""NOT_YET_ACTIVATED_NO_HISTORICAL_PAPER_SAMPLE""]","{""alternateLine"": null, ""rank"": 138}",CLEAN,[],PAPER,False,5.0,,,"[""NOT_YET_ACTIVATED_NO_HISTORICAL_PAPER_SAMPLE""]"
PAPER:2026-08-20:KXMLBF5SPREAD-26AUG201310TORTB-TB2,2026-08-20,822934,TOR @ TB,KXMLBF5SPREAD-26AUG201310TORTB-TB2,,winning_margin,,F5,TB,1.5,,TB,PAPER_SPREAD_LEDGER,,,exact_ticker,36.0,,,36.0,35.5,,,,,,,,,40.125,36.0,4.125,,HIGH,PAPER_ONLY_REAL_MONEY_BLOCKED,SUPPORTED,,PENDING,,,,,,,,,,,,F5,,"[""NOT_YET_ACTIVATED_NO_HISTORICAL_PAPER_SAMPLE""]","{""alternateLine"": false, ""rank"": 116}",CLEAN,[],PAPER,False,5.0,,,"[""NOT_YET_ACTIVATED_NO_HISTORICAL_PAPER_SAMPLE""]"
PAPER:2026-08-20:KXMLBF5SPREAD-26AUG201410ATLCWS-CWS2,2026-08-20,824589,ATL @ CWS,KXMLBF5SPREAD-26AUG201410ATLCWS-CWS2,,winning_margin,,F5,CWS,1.5,,CWS,PAPER_SPREAD_LEDGER,,,exact_ticker,30.0,,,30.0,29.5,,,,,,,,,36.667,30.0,6.667,,HIGH,PAPER_ONLY_REAL_MONEY_BLOCKED,SUPPORTED,,PENDING,,,,,,,,,,,,F5,,"[""NOT_YET_ACTIVATED_NO_HISTORICAL_PAPER_SAMPLE""]","{""alternateLine"": false, ""rank"": 86}",CLEAN,[],PAPER,False,5.0,,,"[""NOT_YET_ACTIVATED_NO_HISTORICAL_PAPER_SAMPLE""]"
PAPER:2026-08-20:KXMLBF5SPREAD-26AUG201410ATLCWS-CWS3,2026-08-20,824589,ATL @ CWS,KXMLBF5SPREAD-26AUG201410ATLCWS-CWS3,,winning_margin,,F5,CWS,2.5,,CWS,PAPER_SPREAD_LEDGER,,,exact_ticker,19.0,,,19.0,18.5,,,,,,,,,21.129,19.0,2.129,,MEDIUM,PAPER_ONLY_REAL_MONEY_BLOCKED,SUPPORTED,,PENDING,,,,,,,,,,,,F5,,"[""NOT_YET_ACTIVATED_NO_HISTORICAL_PAPER_SAMPLE""]","{""alternateLine"": true, ""rank"": 155}",CLEAN,[],PAPER,False,5.0,,,"[""NOT_YET_ACTIVATED_NO_HISTORICAL_PAPER_SAMPLE""]"
PAPER:2026-08-20:KXMLBF5SPREAD-26AUG202005WSHTEX-WSH2,2026-08-20,822861,WSH @ TEX,KXMLBF5SPREAD-26AUG202005WSHTEX-WSH2,,winning_margin,,F5,WSH,1.5,,WSH,PAPER_SPREAD_LEDGER,,,exact_ticker,21.0,,,21.0,20.5,,,,,,,,,26.127,21.0,5.127,,HIGH,PAPER_ONLY_REAL_MONEY_BLOCKED,SUPPORTED,,PENDING,,,,,,,,,,,,F5,,"[""NOT_YET_ACTIVATED_NO_HISTORICAL_PAPER_SAMPLE""]","{""alternateLine"": false, ""rank"": 107}",CLEAN,[],PAPER,False,5.0,,,"[""NOT_YET_ACTIVATED_NO_HISTORICAL_PAPER_SAMPLE""]"
PAPER:2026-08-20:KXMLBF7-26AUG201310SFCLE-SF,2026-08-20,824395,SF @ CLE,KXMLBF7-26AUG201310SFCLE-SF,,inning_result,,F7,Away,,,Away,PAPER_SPREAD_LEDGER,,,exact_ticker,31.0,,,31.0,29.5,,,,,,,,,35.523,31.0,4.523,,HIGH,PAPER_ONLY_REAL_MONEY_BLOCKED,SUPPORTED,,PENDING,,,,,,,,,,,,F7,,"[""NOT_YET_ACTIVATED_NO_HISTORICAL_PAPER_SAMPLE""]","{""alternateLine"": null, ""rank"": 113}",CLEAN,[],PAPER,False,5.0,,,"[""NOT_YET_ACTIVATED_NO_HISTORICAL_PAPER_SAMPLE""]"
PAPER:2026-08-20:KXMLBF7-26AUG201310SFCLE-TIE,2026-08-20,824395,SF @ CLE,KXMLBF7-26AUG201310SFCLE-TIE,,inning_result,,F7,Tie,,,Tie,PAPER_SPREAD_LEDGER,,,exact_ticker,12.0,,,12.0,11.5,,,,,,,,,20.34,12.0,8.34,,HIGH,PAPER_ONLY_REAL_MONEY_BLOCKED,SUPPORTED,,PENDING,,,,,,,,,,,,F7,,"[""NOT_YET_ACTIVATED_NO_HISTORICAL_PAPER_SAMPLE""]","{""alternateLine"": null, ""rank"": 61}",CLEAN,[],PAPER,False,5.0,,,"[""NOT_YET_ACTIVATED_NO_HISTORICAL_PAPER_SAMPLE""]"
PAPER:2026-08-20:KXMLBF7-26AUG201310TORTB-TB,2026-08-20,822934,TOR @ TB,KXMLBF7-26AUG201310TORTB-TB,,inning_result,,F7,Home,,,Home,PAPER_SPREAD_LEDGER,,,exact_ticker,54.0,,,54.0,52.5,,,,,,,,,59.065,54.0,5.065,,HIGH,PAPER_ONLY_REAL_MONEY_BLOCKED,SUPPORTED,,PENDING,,,,,,,,,,,,F7,,"[""NOT_YET_ACTIVATED_NO_HISTORICAL_PAPER_SAMPLE""]","{""alternateLine"": null, ""rank"": 110}",CLEAN,[],PAPER,False,5.0,,,"[""NOT_YET_ACTIVATED_NO_HISTORICAL_PAPER_SAMPLE""]"
PAPER:2026-08-20:KXMLBF7-26AUG201310TORTB-TIE,2026-08-20,822934,TOR @ TB,KXMLBF7-26AUG201310TORTB-TIE,,inning_result,,F7,Tie,,,Tie,PAPER_SPREAD_LEDGER,,,exact_ticker,11.0,,,11.0,10.5,,,,,,,,,17.212,11.0,6.212,,HIGH,PAPER_ONLY_REAL_MONEY_BLOCKED,SUPPORTED,,PENDING,,,,,,,,,,,,F7,,"[""NOT_YET_ACTIVATED_NO_HISTORICAL_PAPER_SAMPLE""]","{""alternateLine"": null, ""rank"": 93}",CLEAN,[],PAPER,False,5.0,,,"[""NOT_YET_ACTIVATED_NO_HISTORICAL_PAPER_SAMPLE""]"
PAPER:2026-08-20:KXMLBF7-26AUG201410ATHKC-ATH,2026-08-20,824074,ATH @ KC,KXMLBF7-26AUG201410ATHKC-ATH,,inning_result,,F7,Away,,,Away,PAPER_SPREAD_LEDGER,,,exact_ticker,41.0,,,41.0,39.5,,,,,,,,,48.504,41.0,7.504,,HIGH,PAPER_ONLY_REAL_MONEY_BLOCKED,SUPPORTED,,PENDING,,,,,,,,,,,,F7,,"[""NOT_YET_ACTIVATED_NO_HISTORICAL_PAPER_SAMPLE""]","{""alternateLine"": null, ""rank"": 73}",CLEAN,[],PAPER,False,5.0,,,"[""NOT_YET_ACTIVATED_NO_HISTORICAL_PAPER_SAMPLE""]"
PAPER:2026-08-20:KXMLBF7-26AUG201410ATHKC-TIE,2026-08-20,824074,ATH @ KC,KXMLBF7-26AUG201410ATHKC-TIE,,inning_result,,F7,Tie,,,Tie,PAPER_SPREAD_LEDGER,,,exact_ticker,13.0,,,13.0,11.5,,,,,,,,,20.662,13.0,7.662,,HIGH,PAPER_ONLY_REAL_MONEY_BLOCKED,SUPPORTED,,PENDING,,,,,,,,,,,,F7,,"[""NOT_YET_ACTIVATED_NO_HISTORICAL_PAPER_SAMPLE""]","{""alternateLine"": null, ""rank"": 69}",CLEAN,[],PAPER,False,5.0,,,"[""NOT_YET_ACTIVATED_NO_HISTORICAL_PAPER_SAMPLE""]"
PAPER:2026-08-20:KXMLBF7-26AUG201410ATLCWS-CWS,2026-08-20,824589,ATL @ CWS,KXMLBF7-26AUG201410ATLCWS-CWS,,inning_result,,F7,Home,,,Home,PAPER_SPREAD_LEDGER,,,exact_ticker,45.0,,,45.0,44.0,,,,,,,,,55.277,45.0,10.277,,HIGH,PAPER_ONLY_REAL_MONEY_BLOCKED,SUPPORTED,,PENDING,,,,,,,,,,,,F7,,"[""NOT_YET_ACTIVATED_NO_HISTORICAL_PAPER_SAMPLE""]","{""alternateLine"": null, ""rank"": 47}",CLEAN,[],PAPER,False,5.0,,,"[""NOT_YET_ACTIVATED_NO_HISTORICAL_PAPER_SAMPLE""]"
PAPER:2026-08-20:KXMLBF7-26AUG201410ATLCWS-TIE,2026-08-20,824589,ATL @ CWS,KXMLBF7-26AUG201410ATLCWS-TIE,,inning_result,,F7,Tie,,,Tie,PAPER_SPREAD_LEDGER,,,exact_ticker,12.0,,,12.0,11.0,,,,,,,,,17.693,12.0,5.693,,HIGH,PAPER_ONLY_REAL_MONEY_BLOCKED,SUPPORTED,,PENDING,,,,,,,,,,,,F7,,"[""NOT_YET_ACTIVATED_NO_HISTORICAL_PAPER_SAMPLE""]","{""alternateLine"": null, ""rank"": 103}",CLEAN,[],PAPER,False,5.0,,,"[""NOT_YET_ACTIVATED_NO_HISTORICAL_PAPER_SAMPLE""]"
PAPER:2026-08-20:KXMLBF7-26AUG201410SEAMIL-MIL,2026-08-20,823747,SEA @ MIL,KXMLBF7-26AUG201410SEAMIL-MIL,,inning_result,,F7,Home,,,Home,PAPER_SPREAD_LEDGER,,,exact_ticker,48.0,,,48.0,47.0,,,,,,,,,49.427,48.0,1.427,,PAPER,PAPER_ONLY_REAL_MONEY_BLOCKED,SUPPORTED,,PENDING,,,,,,,,,,,,F7,,"[""NOT_YET_ACTIVATED_NO_HISTORICAL_PAPER_SAMPLE""]","{""alternateLine"": null, ""rank"": 167}",CLEAN,[],PAPER,False,5.0,,,"[""NOT_YET_ACTIVATED_NO_HISTORICAL_PAPER_SAMPLE""]"
PAPER:2026-08-20:KXMLBF7-26AUG201410SEAMIL-TIE,2026-08-20,823747,SEA @ MIL,KXMLBF7-26AUG201410SEAMIL-TIE,,inning_result,,F7,Tie,,,Tie,PAPER_SPREAD_LEDGER,,,exact_ticker,13.0,,,13.0,11.5,,,,,,,,,17.212,13.0,4.212,,HIGH,PAPER_ONLY_REAL_MONEY_BLOCKED,SUPPORTED,,PENDING,,,,,,,,,,,,F7,,"[""NOT_YET_ACTIVATED_NO_HISTORICAL_PAPER_SAMPLE""]","{""alternateLine"": null, ""rank"": 115}",CLEAN,[],PAPER,False,5.0,,,"[""NOT_YET_ACTIVATED_NO_HISTORICAL_PAPER_SAMPLE""]"
PAPER:2026-08-20:KXMLBF7-26AUG201835NYYBAL-NYY,2026-08-20,824802,NYY @ BAL,KXMLBF7-26AUG201835NYYBAL-NYY,,inning_result,,F7,Away,,,Away,PAPER_SPREAD_LEDGER,,,exact_ticker,47.0,,,47.0,46.0,,,,,,,,,50.034,47.0,3.034,,HIGH,PAPER_ONLY_REAL_MONEY_BLOCKED,SUPPORTED,,PENDING,,,,,,,,,,,,F7,,"[""NOT_YET_ACTIVATED_NO_HISTORICAL_PAPER_SAMPLE""]","{""alternateLine"": null, ""rank"": 137}",CLEAN,[],PAPER,False,5.0,,,"[""NOT_YET_ACTIVATED_NO_HISTORICAL_PAPER_SAMPLE""]"
PAPER:2026-08-20:KXMLBF7-26AUG201835NYYBAL-TIE,2026-08-20,824802,NYY @ BAL,KXMLBF7-26AUG201835NYYBAL-TIE,,inning_result,,F7,Tie,,,Tie,PAPER_SPREAD_LEDGER,,,exact_ticker,13.0,,,13.0,12.5,,,,,,,,,18.995,13.0,5.995,,HIGH,PAPER_ONLY_REAL_MONEY_BLOCKED,SUPPORTED,,PENDING,,,,,,,,,,,,F7,,"[""NOT_YET_ACTIVATED_NO_HISTORICAL_PAPER_SAMPLE""]","{""alternateLine"": null, ""rank"": 97}",CLEAN,[],PAPER,False,5.0,,,"[""NOT_YET_ACTIVATED_NO_HISTORICAL_PAPER_SAMPLE""]"
PAPER:2026-08-20:KXMLBF7-26AUG202005WSHTEX-TIE,2026-08-20,822861,WSH @ TEX,KXMLBF7-26AUG202005WSHTEX-TIE,,inning_result,,F7,Tie,,,Tie,PAPER_SPREAD_LEDGER,,,exact_ticker,12.0,,,12.0,11.0,,,,,,,,,20.193,12.0,8.193,,HIGH,PAPER_ONLY_REAL_MONEY_BLOCKED,SUPPORTED,,PENDING,,,,,,,,,,,,F7,,"[""NOT_YET_ACTIVATED_NO_HISTORICAL_PAPER_SAMPLE""]","{""alternateLine"": null, ""rank"": 62}",CLEAN,[],PAPER,False,5.0,,,"[""NOT_YET_ACTIVATED_NO_HISTORICAL_PAPER_SAMPLE""]"
PAPER:2026-08-20:KXMLBF7-26AUG202005WSHTEX-WSH,2026-08-20,822861,WSH @ TEX,KXMLBF7-26AUG202005WSHTEX-WSH,,inning_result,,F7,Away,,,Away,PAPER_SPREAD_LEDGER,,,exact_ticker,33.0,,,33.0,32.0,,,,,,,,,55.202,33.0,22.202,,HIGH,PAPER_ONLY_REAL_MONEY_BLOCKED,SUPPORTED,,PENDING,,,,,,,,,,,,F7,,"[""NOT_YET_ACTIVATED_NO_HISTORICAL_PAPER_SAMPLE""]","{""alternateLine"": null, ""rank"": 6}",CLEAN,[],PAPER,False,5.0,,,"[""NOT_YET_ACTIVATED_NO_HISTORICAL_PAPER_SAMPLE""]"
PAPER:2026-08-20:KXMLBF7-26AUG202010LAAHOU-LAA,2026-08-20,824153,LAA @ HOU,KXMLBF7-26AUG202010LAAHOU-LAA,,inning_result,,F7,Away,,,Away,PAPER_SPREAD_LEDGER,,,exact_ticker,35.0,,,35.0,33.0,,,,,,,,,37.083,35.0,2.083,,MEDIUM,PAPER_ONLY_REAL_MONEY_BLOCKED,SUPPORTED,,PENDING,,,,,,,,,,,,F7,,"[""NOT_YET_ACTIVATED_NO_HISTORICAL_PAPER_SAMPLE""]","{""alternateLine"": null, ""rank"": 156}",CLEAN,[],PAPER,False,5.0,,,"[""NOT_YET_ACTIVATED_NO_HISTORICAL_PAPER_SAMPLE""]"
PAPER:2026-08-20:KXMLBF7-26AUG202010LAAHOU-TIE,2026-08-20,824153,LAA @ HOU,KXMLBF7-26AUG202010LAAHOU-TIE,,inning_result,,F7,Tie,,,Tie,PAPER_SPREAD_LEDGER,,,exact_ticker,12.0,,,12.0,10.5,,,,,,,,,20.634,12.0,8.634,,HIGH,PAPER_ONLY_REAL_MONEY_BLOCKED,SUPPORTED,,PENDING,,,,,,,,,,,,F7,,"[""NOT_YET_ACTIVATED_NO_HISTORICAL_PAPER_SAMPLE""]","{""alternateLine"": null, ""rank"": 58}",CLEAN,[],PAPER,False,5.0,,,"[""NOT_YET_ACTIVATED_NO_HISTORICAL_PAPER_SAMPLE""]"
PAPER:2026-08-20:KXMLBSPREAD-26AUG201310TORTB-TB2,2026-08-20,822934,TOR @ TB,KXMLBSPREAD-26AUG201310TORTB-TB2,,winning_margin,,full_game,TB,1.5,,TB,PAPER_SPREAD_LEDGER,,,exact_ticker,42.0,,,42.0,41.5,,,,,,,,,43.114,42.0,1.114,,PAPER,PAPER_ONLY_REAL_MONEY_BLOCKED,SUPPORTED,,PENDING,,,,,,,,,,,,full_game,,"[""RULE_81""]","{""alternateLine"": false, ""rank"": 171}",CLEAN,[],PAPER,False,5.0,,,"[""RULE_81""]"
PAPER:2026-08-20:KXMLBSPREAD-26AUG201410ATLCWS-CWS2,2026-08-20,824589,ATL @ CWS,KXMLBSPREAD-26AUG201410ATLCWS-CWS2,,winning_margin,,full_game,CWS,1.5,,CWS,PAPER_SPREAD_LEDGER,,,exact_ticker,33.0,,,33.0,32.5,,,,,,,,,38.931,33.0,5.931,,HIGH,PAPER_ONLY_REAL_MONEY_BLOCKED,SUPPORTED,,PENDING,,,,,,,,,,,,full_game,,"[""RULE_81""]","{""alternateLine"": false, ""rank"": 100}",CLEAN,[],PAPER,False,5.0,,,"[""RULE_81""]"
PAPER:2026-08-20:KXMLBSPREAD-26AUG201410ATLCWS-CWS3,2026-08-20,824589,ATL @ CWS,KXMLBSPREAD-26AUG201410ATLCWS-CWS3,,winning_margin,,full_game,CWS,2.5,,CWS,PAPER_SPREAD_LEDGER,,,exact_ticker,23.0,,,23.0,22.5,,,,,,,,,26.851,23.0,3.851,,HIGH,PAPER_ONLY_REAL_MONEY_BLOCKED,SUPPORTED,,PENDING,,,,,,,,,,,,full_game,,"[""RULE_81""]","{""alternateLine"": true, ""rank"": 119}",CLEAN,[],PAPER,False,5.0,,,"[""RULE_81""]"
PAPER:2026-08-20:KXMLBSPREAD-26AUG201410ATLCWS-CWS4,2026-08-20,824589,ATL @ CWS,KXMLBSPREAD-26AUG201410ATLCWS-CWS4,,winning_margin,,full_game,CWS,3.5,,CWS,PAPER_SPREAD_LEDGER,,,exact_ticker,16.0,,,16.0,15.5,,,,,,,,,17.097,16.0,1.097,,PAPER,PAPER_ONLY_REAL_MONEY_BLOCKED,SUPPORTED,,PENDING,,,,,,,,,,,,full_game,,"[""RULE_81""]","{""alternateLine"": true, ""rank"": 172}",CLEAN,[],PAPER,False,5.0,,,"[""RULE_81""]"
PAPER:2026-08-20:KXMLBSPREAD-26AUG202005WSHTEX-WSH2,2026-08-20,822861,WSH @ TEX,KXMLBSPREAD-26AUG202005WSHTEX-WSH2,,winning_margin,,full_game,WSH,1.5,,WSH,PAPER_SPREAD_LEDGER,,,exact_ticker,29.0,,,29.0,28.5,,,,,,,,,30.833,29.0,1.833,,MEDIUM,PAPER_ONLY_REAL_MONEY_BLOCKED,SUPPORTED,,PENDING,,,,,,,,,,,,full_game,,"[""RULE_81""]","{""alternateLine"": false, ""rank"": 161}",CLEAN,[],PAPER,False,5.0,,,"[""RULE_81""]"
PAPER:2026-08-21:KXMLBF3-26AUG211840STLPHI-TIE,2026-08-21,823420,STL @ PHI,KXMLBF3-26AUG211840STLPHI-TIE,,inning_result,,F3,Tie,,,Tie,PAPER_SPREAD_LEDGER,,,exact_ticker,24.0,,,24.0,23.5,,,,,,,,,25.509,24.0,1.509,,MEDIUM,PAPER_ONLY_REAL_MONEY_BLOCKED,SUPPORTED,,PENDING,,,,,,,,,,,,F3,,"[""NOT_YET_ACTIVATED_NO_HISTORICAL_PAPER_SAMPLE""]","{""alternateLine"": null, ""rank"": 244}",CLEAN,[],PAPER,False,5.0,,,"[""NOT_YET_ACTIVATED_NO_HISTORICAL_PAPER_SAMPLE""]"
PAPER:2026-08-21:KXMLBF3-26AUG211905TORNYY-TIE,2026-08-21,823510,TOR @ NYY,KXMLBF3-26AUG211905TORNYY-TIE,,inning_result,,F3,Tie,,,Tie,PAPER_SPREAD_LEDGER,,,exact_ticker,26.0,,,26.0,25.5,,,,,,,,,30.011,26.0,4.011,,HIGH,PAPER_ONLY_REAL_MONEY_BLOCKED,SUPPORTED,,PENDING,,,,,,,,,,,,F3,,"[""NOT_YET_ACTIVATED_NO_HISTORICAL_PAPER_SAMPLE""]","{""alternateLine"": null, ""rank"": 180}",CLEAN,[],PAPER,False,5.0,,,"[""NOT_YET_ACTIVATED_NO_HISTORICAL_PAPER_SAMPLE""]"
PAPER:2026-08-21:KXMLBF3-26AUG211905TORNYY-TOR,2026-08-21,823510,TOR @ NYY,KXMLBF3-26AUG211905TORNYY-TOR,,inning_result,,F3,Away,,,Away,PAPER_SPREAD_LEDGER,,,exact_ticker,26.0,,,26.0,23.5,,,,,,,,,29.633,26.0,3.633,,HIGH,PAPER_ONLY_REAL_MONEY_BLOCKED,SUPPORTED,,PENDING,,,,,,,,,,,,F3,,"[""NOT_YET_ACTIVATED_NO_HISTORICAL_PAPER_SAMPLE""]","{""alternateLine"": null, ""rank"": 187}",CLEAN,[],PAPER,False,5.0,,,"[""NOT_YET_ACTIVATED_NO_HISTORICAL_PAPER_SAMPLE""]"
PAPER:2026-08-21:KXMLBF3-26AUG211910SFBOS-TIE,2026-08-21,824721,SF @ BOS,KXMLBF3-26AUG211910SFBOS-TIE,,inning_result,,F3,Tie,,,Tie,PAPER_SPREAD_LEDGER,,,exact_ticker,27.0,,,27.0,26.5,,,,,,,,,29.463,27.0,2.463,,MEDIUM,PAPER_ONLY_REAL_MONEY_BLOCKED,SUPPORTED,,PENDING,,,,,,,,,,,,F3,,"[""NOT_YET_ACTIVATED_NO_HISTORICAL_PAPER_SAMPLE""]","{""alternateLine"": null, ""rank"": 220}",CLEAN,[],PAPER,False,5.0,,,"[""NOT_YET_ACTIVATED_NO_HISTORICAL_PAPER_SAMPLE""]"
PAPER:2026-08-21:KXMLBF3-26AUG211915TBBAL-BAL,2026-08-21,824800,TB @ BAL,KXMLBF3-26AUG211915TBBAL-BAL,,inning_result,,F3,Home,,,Home,PAPER_SPREAD_LEDGER,,,exact_ticker,40.0,,,40.0,39.0,,,,,,,,,43.616,40.0,3.616,,HIGH,PAPER_ONLY_REAL_MONEY_BLOCKED,SUPPORTED,,PENDING,,,,,,,,,,,,F3,,"[""NOT_YET_ACTIVATED_NO_HISTORICAL_PAPER_SAMPLE""]","{""alternateLine"": null, ""rank"": 188}",CLEAN,[],PAPER,False,5.0,,,"[""NOT_YET_ACTIVATED_NO_HISTORICAL_PAPER_SAMPLE""]"
PAPER:2026-08-21:KXMLBF3-26AUG211940NYMCWS-TIE,2026-08-21,824559,NYM @ CWS,KXMLBF3-26AUG211940NYMCWS-TIE,,inning_result,,F3,Tie,,,Tie,PAPER_SPREAD_LEDGER,,,exact_ticker,24.0,,,24.0,23.5,,,,,,,,,27.244,24.0,3.244,,HIGH,PAPER_ONLY_REAL_MONEY_BLOCKED,SUPPORTED,,PENDING,,,,,,,,,,,,F3,,"[""NOT_YET_ACTIVATED_NO_HISTORICAL_PAPER_SAMPLE""]","{""alternateLine"": null, ""rank"": 199}",CLEAN,[],PAPER,False,5.0,,,"[""NOT_YET_ACTIVATED_NO_HISTORICAL_PAPER_SAMPLE""]"
PAPER:2026-08-21:KXMLBF3-26AUG212010ATHHOU-ATH,2026-08-21,824152,ATH @ HOU,KXMLBF3-26AUG212010ATHHOU-ATH,,inning_result,,F3,Away,,,Away,PAPER_SPREAD_LEDGER,,,exact_ticker,31.0,,,31.0,30.5,,,,,,,,,34.39,31.0,3.39,,HIGH,PAPER_ONLY_REAL_MONEY_BLOCKED,SUPPORTED,,PENDING,,,,,,,,,,,,F3,,"[""NOT_YET_ACTIVATED_NO_HISTORICAL_PAPER_SAMPLE""]","{""alternateLine"": null, ""rank"": 194}",CLEAN,[],PAPER,False,5.0,,,"[""NOT_YET_ACTIVATED_NO_HISTORICAL_PAPER_SAMPLE""]"
PAPER:2026-08-21:KXMLBF3-26AUG212010ATHHOU-TIE,2026-08-21,824152,ATH @ HOU,KXMLBF3-26AUG212010ATHHOU-TIE,,inning_result,,F3,Tie,,,Tie,PAPER_SPREAD_LEDGER,,,exact_ticker,24.0,,,24.0,23.5,,,,,,,,,26.978,24.0,2.978,,MEDIUM,PAPER_ONLY_REAL_MONEY_BLOCKED,SUPPORTED,,PENDING,,,,,,,,,,,,F3,,"[""NOT_YET_ACTIVATED_NO_HISTORICAL_PAPER_SAMPLE""]","{""alternateLine"": null, ""rank"": 208}",CLEAN,[],PAPER,False,5.0,,,"[""NOT_YET_ACTIVATED_NO_HISTORICAL_PAPER_SAMPLE""]"
PAPER:2026-08-21:KXMLBF3-26AUG212010DETKC-TIE,2026-08-21,824072,DET @ KC,KXMLBF3-26AUG212010DETKC-TIE,,inning_result,,F3,Tie,,,Tie,PAPER_SPREAD_LEDGER,,,exact_ticker,24.0,,,24.0,23.5,,,,,,,,,27.91,24.0,3.91,,HIGH,PAPER_ONLY_REAL_MONEY_BLOCKED,SUPPORTED,,PENDING,,,,,,,,,,,,F3,,"[""NOT_YET_ACTIVATED_NO_HISTORICAL_PAPER_SAMPLE""]","{""alternateLine"": null, ""rank"": 182}",CLEAN,[],PAPER,False,5.0,,,"[""NOT_YET_ACTIVATED_NO_HISTORICAL_PAPER_SAMPLE""]"
PAPER:2026-08-21:KXMLBF3-26AUG212015LAATEX-LAA,2026-08-21,822857,LAA @ TEX,KXMLBF3-26AUG212015LAATEX-LAA,,inning_result,,F3,Away,,,Away,PAPER_SPREAD_LEDGER,,,exact_ticker,32.0,,,32.0,31.5,,,,,,,,,42.335,32.0,10.335,,HIGH,PAPER_ONLY_REAL_MONEY_BLOCKED,SUPPORTED,,PENDING,,,,,,,,,,,,F3,,"[""NOT_YET_ACTIVATED_NO_HISTORICAL_PAPER_SAMPLE""]","{""alternateLine"": null, ""rank"": 75}",CLEAN,[],PAPER,False,5.0,,,"[""NOT_YET_ACTIVATED_NO_HISTORICAL_PAPER_SAMPLE""]"
PAPER:2026-08-21:KXMLBF3-26AUG212015LAATEX-TIE,2026-08-21,822857,LAA @ TEX,KXMLBF3-26AUG212015LAATEX-TIE,,inning_result,,F3,Tie,,,Tie,PAPER_SPREAD_LEDGER,,,exact_ticker,26.0,,,26.0,25.5,,,,,,,,,29.075,26.0,3.075,,HIGH,PAPER_ONLY_REAL_MONEY_BLOCKED,SUPPORTED,,PENDING,,,,,,,,,,,,F3,,"[""NOT_YET_ACTIVATED_NO_HISTORICAL_PAPER_SAMPLE""]","{""alternateLine"": null, ""rank"": 204}",CLEAN,[],PAPER,False,5.0,,,"[""NOT_YET_ACTIVATED_NO_HISTORICAL_PAPER_SAMPLE""]"
PAPER:2026-08-21:KXMLBF3-26AUG212040CLECOL-TIE,2026-08-21,824317,CLE @ COL,KXMLBF3-26AUG212040CLECOL-TIE,,inning_result,,F3,Tie,,,Tie,PAPER_SPREAD_LEDGER,,,exact_ticker,19.0,,,19.0,18.5,,,,,,,,,24.9,19.0,5.9,,HIGH,PAPER_ONLY_REAL_MONEY_BLOCKED,SUPPORTED,,PENDING,,,,,,,,,,,,F3,,"[""NOT_YET_ACTIVATED_NO_HISTORICAL_PAPER_SAMPLE""]","{""alternateLine"": null, ""rank"": 139}",CLEAN,[],PAPER,False,5.0,,,"[""NOT_YET_ACTIVATED_NO_HISTORICAL_PAPER_SAMPLE""]"
PAPER:2026-08-21:KXMLBF3-26AUG212140CINAZ-AZ,2026-08-21,825045,CIN @ AZ,KXMLBF3-26AUG212140CINAZ-AZ,,inning_result,,F3,Home,,,Home,PAPER_SPREAD_LEDGER,,,exact_ticker,42.0,,,42.0,40.0,,,,,,,,,47.672,42.0,5.672,,HIGH,PAPER_ONLY_REAL_MONEY_BLOCKED,SUPPORTED,,PENDING,,,,,,,,,,,,F3,,"[""NOT_YET_ACTIVATED_NO_HISTORICAL_PAPER_SAMPLE""]","{""alternateLine"": null, ""rank"": 147}",CLEAN,[],PAPER,False,5.0,,,"[""NOT_YET_ACTIVATED_NO_HISTORICAL_PAPER_SAMPLE""]"
PAPER:2026-08-21:KXMLBF3-26AUG212140CINAZ-TIE,2026-08-21,825045,CIN @ AZ,KXMLBF3-26AUG212140CINAZ-TIE,,inning_result,,F3,Tie,,,Tie,PAPER_SPREAD_LEDGER,,,exact_ticker,23.0,,,23.0,22.5,,,,,,,,,24.47,23.0,1.47,,PAPER,PAPER_ONLY_REAL_MONEY_BLOCKED,SUPPORTED,,PENDING,,,,,,,,,,,,F3,,"[""NOT_YET_ACTIVATED_NO_HISTORICAL_PAPER_SAMPLE""]","{""alternateLine"": null, ""rank"": 245}",CLEAN,[],PAPER,False,5.0,,,"[""NOT_YET_ACTIVATED_NO_HISTORICAL_PAPER_SAMPLE""]"
PAPER:2026-08-21:KXMLBF3-26AUG212210CHCSEA-SEA,2026-08-21,823101,CHC @ SEA,KXMLBF3-26AUG212210CHCSEA-SEA,,inning_result,,F3,Home,,,Home,PAPER_SPREAD_LEDGER,,,exact_ticker,40.0,,,40.0,38.0,,,,,,,,,41.071,40.0,1.071,,PAPER,PAPER_ONLY_REAL_MONEY_BLOCKED,SUPPORTED,,PENDING,,,,,,,,,,,,F3,,"[""NOT_YET_ACTIVATED_NO_HISTORICAL_PAPER_SAMPLE""]","{""alternateLine"": null, ""rank"": 259}",CLEAN,[],PAPER,False,5.0,,,"[""NOT_YET_ACTIVATED_NO_HISTORICAL_PAPER_SAMPLE""]"
PAPER:2026-08-21:KXMLBF3-26AUG212210CHCSEA-TIE,2026-08-21,823101,CHC @ SEA,KXMLBF3-26AUG212210CHCSEA-TIE,,inning_result,,F3,Tie,,,Tie,PAPER_SPREAD_LEDGER,,,exact_ticker,23.0,,,23.0,22.5,,,,,,,,,26.162,23.0,3.162,,HIGH,PAPER_ONLY_REAL_MONEY_BLOCKED,SUPPORTED,,PENDING,,,,,,,,,,,,F3,,"[""NOT_YET_ACTIVATED_NO_HISTORICAL_PAPER_SAMPLE""]","{""alternateLine"": null, ""rank"": 202}",CLEAN,[],PAPER,False,5.0,,,"[""NOT_YET_ACTIVATED_NO_HISTORICAL_PAPER_SAMPLE""]"
PAPER:2026-08-21:KXMLBF3-26AUG212210PITLAD-PIT,2026-08-21,823911,PIT @ LAD,KXMLBF3-26AUG212210PITLAD-PIT,,inning_result,,F3,Away,,,Away,PAPER_SPREAD_LEDGER,,,exact_ticker,24.0,,,24.0,23.5,,,,,,,,,30.752,24.0,6.752,,HIGH,PAPER_ONLY_REAL_MONEY_BLOCKED,SUPPORTED,,PENDING,,,,,,,,,,,,F3,,"[""NOT_YET_ACTIVATED_NO_HISTORICAL_PAPER_SAMPLE""]","{""alternateLine"": null, ""rank"": 120}",CLEAN,[],PAPER,False,5.0,,,"[""NOT_YET_ACTIVATED_NO_HISTORICAL_PAPER_SAMPLE""]"
PAPER:2026-08-21:KXMLBF3-26AUG212210PITLAD-TIE,2026-08-21,823911,PIT @ LAD,KXMLBF3-26AUG212210PITLAD-TIE,,inning_result,,F3,Tie,,,Tie,PAPER_SPREAD_LEDGER,,,exact_ticker,24.0,,,24.0,23.5,,,,,,,,,26.826,24.0,2.826,,MEDIUM,PAPER_ONLY_REAL_MONEY_BLOCKED,SUPPORTED,,PENDING,,,,,,,,,,,,F3,,"[""NOT_YET_ACTIVATED_NO_HISTORICAL_PAPER_SAMPLE""]","{""alternateLine"": null, ""rank"": 213}",CLEAN,[],PAPER,False,5.0,,,"[""NOT_YET_ACTIVATED_NO_HISTORICAL_PAPER_SAMPLE""]"
PAPER:2026-08-21:KXMLBF5SPREAD-26AUG212015LAATEX-LAA2,2026-08-21,822857,LAA @ TEX,KXMLBF5SPREAD-26AUG212015LAATEX-LAA2,,winning_margin,,F5,LAA,1.5,,LAA,PAPER_SPREAD_LEDGER,,,exact_ticker,24.0,,,24.0,23.5,,,,,,,,,27.886,24.0,3.886,,HIGH,PAPER_ONLY_REAL_MONEY_BLOCKED,SUPPORTED,,PENDING,,,,,,,,,,,,F5,,"[""NOT_YET_ACTIVATED_NO_HISTORICAL_PAPER_SAMPLE""]","{""alternateLine"": false, ""rank"": 183}",CLEAN,[],PAPER,False,5.0,,,"[""NOT_YET_ACTIVATED_NO_HISTORICAL_PAPER_SAMPLE""]"
PAPER:2026-08-21:KXMLBF5SPREAD-26AUG212140CINAZ-AZ2,2026-08-21,825045,CIN @ AZ,KXMLBF5SPREAD-26AUG212140CINAZ-AZ2,,winning_margin,,F5,AZ,1.5,,AZ,PAPER_SPREAD_LEDGER,,,exact_ticker,33.0,,,33.0,32.5,,,,,,,,,34.42,33.0,1.42,,PAPER,PAPER_ONLY_REAL_MONEY_BLOCKED,SUPPORTED,,PENDING,,,,,,,,,,,,F5,,"[""NOT_YET_ACTIVATED_NO_HISTORICAL_PAPER_SAMPLE""]","{""alternateLine"": false, ""rank"": 247}",CLEAN,[],PAPER,False,5.0,,,"[""NOT_YET_ACTIVATED_NO_HISTORICAL_PAPER_SAMPLE""]"
PAPER:2026-08-21:KXMLBF5SPREAD-26AUG212210CHCSEA-SEA2,2026-08-21,823101,CHC @ SEA,KXMLBF5SPREAD-26AUG212210CHCSEA-SEA2,,winning_margin,,F5,SEA,1.5,,SEA,PAPER_SPREAD_LEDGER,,,exact_ticker,29.0,,,29.0,28.5,,,,,,,,,30.143,29.0,1.143,,PAPER,PAPER_ONLY_REAL_MONEY_BLOCKED,SUPPORTED,,PENDING,,,,,,,,,,,,F5,,"[""NOT_YET_ACTIVATED_NO_HISTORICAL_PAPER_SAMPLE""]","{""alternateLine"": false, ""rank"": 256}",CLEAN,[],PAPER,False,5.0,,,"[""NOT_YET_ACTIVATED_NO_HISTORICAL_PAPER_SAMPLE""]"
PAPER:2026-08-21:KXMLBF5SPREAD-26AUG212210PITLAD-PIT2,2026-08-21,823911,PIT @ LAD,KXMLBF5SPREAD-26AUG212210PITLAD-PIT2,,winning_margin,,F5,PIT,1.5,,PIT,PAPER_SPREAD_LEDGER,,,exact_ticker,15.0,,,15.0,14.5,,,,,,,,,16.642,15.0,1.642,,MEDIUM,PAPER_ONLY_REAL_MONEY_BLOCKED,SUPPORTED,,PENDING,,,,,,,,,,,,F5,,"[""NOT_YET_ACTIVATED_NO_HISTORICAL_PAPER_SAMPLE""]","{""alternateLine"": false, ""rank"": 239}",CLEAN,[],PAPER,False,5.0,,,"[""NOT_YET_ACTIVATED_NO_HISTORICAL_PAPER_SAMPLE""]"
PAPER:2026-08-21:KXMLBF7-26AUG211840STLPHI-TIE,2026-08-21,823420,STL @ PHI,KXMLBF7-26AUG211840STLPHI-TIE,,inning_result,,F7,Tie,,,Tie,PAPER_SPREAD_LEDGER,,,exact_ticker,15.0,,,15.0,11.5,,,,,,,,,18.453,15.0,3.453,,HIGH,PAPER_ONLY_REAL_MONEY_BLOCKED,SUPPORTED,,PENDING,,,,,,,,,,,,F7,,"[""NOT_YET_ACTIVATED_NO_HISTORICAL_PAPER_SAMPLE""]","{""alternateLine"": null, ""rank"": 192}",CLEAN,[],PAPER,False,5.0,,,"[""NOT_YET_ACTIVATED_NO_HISTORICAL_PAPER_SAMPLE""]"
PAPER:2026-08-21:KXMLBF7-26AUG211905TORNYY-TIE,2026-08-21,823510,TOR @ NYY,KXMLBF7-26AUG211905TORNYY-TIE,,inning_result,,F7,Tie,,,Tie,PAPER_SPREAD_LEDGER,,,exact_ticker,14.0,,,14.0,11.5,,,,,,,,,20.021,14.0,6.021,,HIGH,PAPER_ONLY_REAL_MONEY_BLOCKED,SUPPORTED,,PENDING,,,,,,,,,,,,F7,,"[""NOT_YET_ACTIVATED_NO_HISTORICAL_PAPER_SAMPLE""]","{""alternateLine"": null, ""rank"": 136}",CLEAN,[],PAPER,False,5.0,,,"[""NOT_YET_ACTIVATED_NO_HISTORICAL_PAPER_SAMPLE""]"
PAPER:2026-08-21:KXMLBF7-26AUG211910SFBOS-SF,2026-08-21,824721,SF @ BOS,KXMLBF7-26AUG211910SFBOS-SF,,inning_result,,F7,Away,,,Away,PAPER_SPREAD_LEDGER,,,exact_ticker,32.0,,,32.0,30.5,,,,,,,,,37.725,32.0,5.725,,HIGH,PAPER_ONLY_REAL_MONEY_BLOCKED,SUPPORTED,,PENDING,,,,,,,,,,,,F7,,"[""NOT_YET_ACTIVATED_NO_HISTORICAL_PAPER_SAMPLE""]","{""alternateLine"": null, ""rank"": 143}",CLEAN,[],PAPER,False,5.0,,,"[""NOT_YET_ACTIVATED_NO_HISTORICAL_PAPER_SAMPLE""]"
PAPER:2026-08-21:KXMLBF7-26AUG211910SFBOS-TIE,2026-08-21,824721,SF @ BOS,KXMLBF7-26AUG211910SFBOS-TIE,,inning_result,,F7,Tie,,,Tie,PAPER_SPREAD_LEDGER,,,exact_ticker,12.0,,,12.0,11.0,,,,,,,,,19.281,12.0,7.281,,HIGH,PAPER_ONLY_REAL_MONEY_BLOCKED,SUPPORTED,,PENDING,,,,,,,,,,,,F7,,"[""NOT_YET_ACTIVATED_NO_HISTORICAL_PAPER_SAMPLE""]","{""alternateLine"": null, ""rank"": 115}",CLEAN,[],PAPER,False,5.0,,,"[""NOT_YET_ACTIVATED_NO_HISTORICAL_PAPER_SAMPLE""]"
PAPER:2026-08-21:KXMLBF7-26AUG211915TBBAL-TB,2026-08-21,824800,TB @ BAL,KXMLBF7-26AUG211915TBBAL-TB,,inning_result,,F7,Away,,,Away,PAPER_SPREAD_LEDGER,,,exact_ticker,40.0,,,40.0,38.5,,,,,,,,,48.938,40.0,8.938,,HIGH,PAPER_ONLY_REAL_MONEY_BLOCKED,SUPPORTED,,PENDING,,,,,,,,,,,,F7,,"[""NOT_YET_ACTIVATED_NO_HISTORICAL_PAPER_SAMPLE""]","{""alternateLine"": null, ""rank"": 89}",CLEAN,[],PAPER,False,5.0,,,"[""NOT_YET_ACTIVATED_NO_HISTORICAL_PAPER_SAMPLE""]"
PAPER:2026-08-21:KXMLBF7-26AUG211915TBBAL-TIE,2026-08-21,824800,TB @ BAL,KXMLBF7-26AUG211915TBBAL-TIE,,inning_result,,F7,Tie,,,Tie,PAPER_SPREAD_LEDGER,,,exact_ticker,12.0,,,12.0,11.0,,,,,,,,,19.295,12.0,7.295,,HIGH,PAPER_ONLY_REAL_MONEY_BLOCKED,SUPPORTED,,PENDING,,,,,,,,,,,,F7,,"[""NOT_YET_ACTIVATED_NO_HISTORICAL_PAPER_SAMPLE""]","{""alternateLine"": null, ""rank"": 114}",CLEAN,[],PAPER,False,5.0,,,"[""NOT_YET_ACTIVATED_NO_HISTORICAL_PAPER_SAMPLE""]"
PAPER:2026-08-21:KXMLBF7-26AUG211940NYMCWS-NYM,2026-08-21,824559,NYM @ CWS,KXMLBF7-26AUG211940NYMCWS-NYM,,inning_result,,F7,Away,,,Away,PAPER_SPREAD_LEDGER,,,exact_ticker,38.0,,,38.0,37.0,,,,,,,,,39.645,38.0,1.645,,MEDIUM,PAPER_ONLY_REAL_MONEY_BLOCKED,SUPPORTED,,PENDING,,,,,,,,,,,,F7,,"[""NOT_YET_ACTIVATED_NO_HISTORICAL_PAPER_SAMPLE""]","{""alternateLine"": null, ""rank"": 238}",CLEAN,[],PAPER,False,5.0,,,"[""NOT_YET_ACTIVATED_NO_HISTORICAL_PAPER_SAMPLE""]"
PAPER:2026-08-21:KXMLBF7-26AUG211940NYMCWS-TIE,2026-08-21,824559,NYM @ CWS,KXMLBF7-26AUG211940NYMCWS-TIE,,inning_result,,F7,Tie,,,Tie,PAPER_SPREAD_LEDGER,,,exact_ticker,10.0,,,10.0,9.5,,,,,,,,,19.748,10.0,9.748,,HIGH,PAPER_ONLY_REAL_MONEY_BLOCKED,SUPPORTED,,PENDING,,,,,,,,,,,,F7,,"[""NOT_YET_ACTIVATED_NO_HISTORICAL_PAPER_SAMPLE""]","{""alternateLine"": null, ""rank"": 80}",CLEAN,[],PAPER,False,5.0,,,"[""NOT_YET_ACTIVATED_NO_HISTORICAL_PAPER_SAMPLE""]"
PAPER:2026-08-21:KXMLBF7-26AUG212010ATHHOU-ATH,2026-08-21,824152,ATH @ HOU,KXMLBF7-26AUG212010ATHHOU-ATH,,inning_result,,F7,Away,,,Away,PAPER_SPREAD_LEDGER,,,exact_ticker,34.0,,,34.0,33.0,,,,,,,,,38.46,34.0,4.46,,HIGH,PAPER_ONLY_REAL_MONEY_BLOCKED,SUPPORTED,,PENDING,,,,,,,,,,,,F7,,"[""NOT_YET_ACTIVATED_NO_HISTORICAL_PAPER_SAMPLE""]","{""alternateLine"": null, ""rank"": 171}",CLEAN,[],PAPER,False,5.0,,,"[""NOT_YET_ACTIVATED_NO_HISTORICAL_PAPER_SAMPLE""]"
PAPER:2026-08-21:KXMLBF7-26AUG212010ATHHOU-TIE,2026-08-21,824152,ATH @ HOU,KXMLBF7-26AUG212010ATHHOU-TIE,,inning_result,,F7,Tie,,,Tie,PAPER_SPREAD_LEDGER,,,exact_ticker,10.0,,,10.0,9.5,,,,,,,,,19.238,10.0,9.238,,HIGH,PAPER_ONLY_REAL_MONEY_BLOCKED,SUPPORTED,,PENDING,,,,,,,,,,,,F7,,"[""NOT_YET_ACTIVATED_NO_HISTORICAL_PAPER_SAMPLE""]","{""alternateLine"": null, ""rank"": 86}",CLEAN,[],PAPER,False,5.0,,,"[""NOT_YET_ACTIVATED_NO_HISTORICAL_PAPER_SAMPLE""]"
PAPER:2026-08-21:KXMLBF7-26AUG212010DETKC-TIE,2026-08-21,824072,DET @ KC,KXMLBF7-26AUG212010DETKC-TIE,,inning_result,,F7,Tie,,,Tie,PAPER_SPREAD_LEDGER,,,exact_ticker,12.0,,,12.0,11.0,,,,,,,,,19.917,12.0,7.917,,HIGH,PAPER_ONLY_REAL_MONEY_BLOCKED,SUPPORTED,,PENDING,,,,,,,,,,,,F7,,"[""NOT_YET_ACTIVATED_NO_HISTORICAL_PAPER_SAMPLE""]","{""alternateLine"": null, ""rank"": 104}",CLEAN,[],PAPER,False,5.0,,,"[""NOT_YET_ACTIVATED_NO_HISTORICAL_PAPER_SAMPLE""]"
PAPER:2026-08-21:KXMLBF7-26AUG212015LAATEX-LAA,2026-08-21,822857,LAA @ TEX,KXMLBF7-26AUG212015LAATEX-LAA,,inning_result,,F7,Away,,,Away,PAPER_SPREAD_LEDGER,,,exact_ticker,40.0,,,40.0,38.0,,,,,,,,,48.927,40.0,8.927,,HIGH,PAPER_ONLY_REAL_MONEY_BLOCKED,SUPPORTED,,PENDING,,,,,,,,,,,,F7,,"[""NOT_YET_ACTIVATED_NO_HISTORICAL_PAPER_SAMPLE""]","{""alternateLine"": null, ""rank"": 91}",CLEAN,[],PAPER,False,5.0,,,"[""NOT_YET_ACTIVATED_NO_HISTORICAL_PAPER_SAMPLE""]"
PAPER:2026-08-21:KXMLBF7-26AUG212015LAATEX-TIE,2026-08-21,822857,LAA @ TEX,KXMLBF7-26AUG212015LAATEX-TIE,,inning_result,,F7,Tie,,,Tie,PAPER_SPREAD_LEDGER,,,exact_ticker,10.0,,,10.0,9.0,,,,,,,,,20.821,10.0,10.821,,HIGH,PAPER_ONLY_REAL_MONEY_BLOCKED,SUPPORTED,,PENDING,,,,,,,,,,,,F7,,"[""NOT_YET_ACTIVATED_NO_HISTORICAL_PAPER_SAMPLE""]","{""alternateLine"": null, ""rank"": 69}",CLEAN,[],PAPER,False,5.0,,,"[""NOT_YET_ACTIVATED_NO_HISTORICAL_PAPER_SAMPLE""]"
PAPER:2026-08-21:KXMLBF7-26AUG212040CLECOL-COL,2026-08-21,824317,CLE @ COL,KXMLBF7-26AUG212040CLECOL-COL,,inning_result,,F7,Home,,,Home,PAPER_SPREAD_LEDGER,,,exact_ticker,36.0,,,36.0,35.0,,,,,,,,,40.731,36.0,4.731,,HIGH,PAPER_ONLY_REAL_MONEY_BLOCKED,SUPPORTED,,PENDING,,,,,,,,,,,,F7,,"[""NOT_YET_ACTIVATED_NO_HISTORICAL_PAPER_SAMPLE""]","{""alternateLine"": null, ""rank"": 169}",CLEAN,[],PAPER,False,5.0,,,"[""NOT_YET_ACTIVATED_NO_HISTORICAL_PAPER_SAMPLE""]"
PAPER:2026-08-21:KXMLBF7-26AUG212040CLECOL-TIE,2026-08-21,824317,CLE @ COL,KXMLBF7-26AUG212040CLECOL-TIE,,inning_result,,F7,Tie,,,Tie,PAPER_SPREAD_LEDGER,,,exact_ticker,9.0,,,9.0,8.5,,,,,,,,,19.004,9.0,10.004,,HIGH,PAPER_ONLY_REAL_MONEY_BLOCKED,SUPPORTED,,PENDING,,,,,,,,,,,,F7,,"[""NOT_YET_ACTIVATED_NO_HISTORICAL_PAPER_SAMPLE""]","{""alternateLine"": null, ""rank"": 77}",CLEAN,[],PAPER,False,5.0,,,"[""NOT_YET_ACTIVATED_NO_HISTORICAL_PAPER_SAMPLE""]"
PAPER:2026-08-21:KXMLBF7-26AUG212140CINAZ-TIE,2026-08-21,825045,CIN @ AZ,KXMLBF7-26AUG212140CINAZ-TIE,,inning_result,,F7,Tie,,,Tie,PAPER_SPREAD_LEDGER,,,exact_ticker,12.0,,,12.0,10.5,,,,,,,,,18.237,12.0,6.237,,HIGH,PAPER_ONLY_REAL_MONEY_BLOCKED,SUPPORTED,,PENDING,,,,,,,,,,,,F7,,"[""NOT_YET_ACTIVATED_NO_HISTORICAL_PAPER_SAMPLE""]","{""alternateLine"": null, ""rank"": 132}",CLEAN,[],PAPER,False,5.0,,,"[""NOT_YET_ACTIVATED_NO_HISTORICAL_PAPER_SAMPLE""]"
PAPER:2026-08-21:KXMLBF7-26AUG212210CHCSEA-SEA,2026-08-21,823101,CHC @ SEA,KXMLBF7-26AUG212210CHCSEA-SEA,,inning_result,,F7,Home,,,Home,PAPER_SPREAD_LEDGER,,,exact_ticker,48.0,,,48.0,45.0,,,,,,,,,53.721,48.0,5.721,,HIGH,PAPER_ONLY_REAL_MONEY_BLOCKED,SUPPORTED,,PENDING,,,,,,,,,,,,F7,,"[""NOT_YET_ACTIVATED_NO_HISTORICAL_PAPER_SAMPLE""]","{""alternateLine"": null, ""rank"": 144}",CLEAN,[],PAPER,False,5.0,,,"[""NOT_YET_ACTIVATED_NO_HISTORICAL_PAPER_SAMPLE""]"
PAPER:2026-08-21:KXMLBF7-26AUG212210CHCSEA-TIE,2026-08-21,823101,CHC @ SEA,KXMLBF7-26AUG212210CHCSEA-TIE,,inning_result,,F7,Tie,,,Tie,PAPER_SPREAD_LEDGER,,,exact_ticker,11.0,,,11.0,10.0,,,,,,,,,18.726,11.0,7.726,,HIGH,PAPER_ONLY_REAL_MONEY_BLOCKED,SUPPORTED,,PENDING,,,,,,,,,,,,F7,,"[""NOT_YET_ACTIVATED_NO_HISTORICAL_PAPER_SAMPLE""]","{""alternateLine"": null, ""rank"": 110}",CLEAN,[],PAPER,False,5.0,,,"[""NOT_YET_ACTIVATED_NO_HISTORICAL_PAPER_SAMPLE""]"
PAPER:2026-08-21:KXMLBF7-26AUG212210PITLAD-PIT,2026-08-21,823911,PIT @ LAD,KXMLBF7-26AUG212210PITLAD-PIT,,inning_result,,F7,Away,,,Away,PAPER_SPREAD_LEDGER,,,exact_ticker,28.0,,,28.0,27.0,,,,,,,,,43.485,28.0,15.485,,HIGH,PAPER_ONLY_REAL_MONEY_BLOCKED,SUPPORTED,,PENDING,,,,,,,,,,,,F7,,"[""NOT_YET_ACTIVATED_NO_HISTORICAL_PAPER_SAMPLE""]","{""alternateLine"": null, ""rank"": 28}",CLEAN,[],PAPER,False,5.0,,,"[""NOT_YET_ACTIVATED_NO_HISTORICAL_PAPER_SAMPLE""]"
PAPER:2026-08-21:KXMLBF7-26AUG212210PITLAD-TIE,2026-08-21,823911,PIT @ LAD,KXMLBF7-26AUG212210PITLAD-TIE,,inning_result,,F7,Tie,,,Tie,PAPER_SPREAD_LEDGER,,,exact_ticker,12.0,,,12.0,10.0,,,,,,,,,18.737,12.0,6.737,,HIGH,PAPER_ONLY_REAL_MONEY_BLOCKED,SUPPORTED,,PENDING,,,,,,,,,,,,F7,,"[""NOT_YET_ACTIVATED_NO_HISTORICAL_PAPER_SAMPLE""]","{""alternateLine"": null, ""rank"": 121}",CLEAN,[],PAPER,False,5.0,,,"[""NOT_YET_ACTIVATED_NO_HISTORICAL_PAPER_SAMPLE""]"
PAPER:2026-08-21:KXMLBSPREAD-26AUG211915TBBAL-BAL2,2026-08-21,824800,TB @ BAL,KXMLBSPREAD-26AUG211915TBBAL-BAL2,,winning_margin,,full_game,BAL,1.5,,BAL,PAPER_SPREAD_LEDGER,,,exact_ticker,36.0,,,36.0,35.5,,,,,,,,,38.239,36.0,2.239,,MEDIUM,PAPER_ONLY_REAL_MONEY_BLOCKED,SUPPORTED,,PENDING,,,,,,,,,,,,full_game,,"[""RULE_81""]","{""alternateLine"": false, ""rank"": 227}",CLEAN,[],PAPER,False,5.0,,,"[""RULE_81""]"
PAPER:2026-08-21:KXMLBSPREAD-26AUG212010ATHHOU-ATH2,2026-08-21,824152,ATH @ HOU,KXMLBSPREAD-26AUG212010ATHHOU-ATH2,,winning_margin,,full_game,ATH,1.5,,ATH,PAPER_SPREAD_LEDGER,,,exact_ticker,27.0,,,27.0,26.5,,,,,,,,,28.663,27.0,1.663,,MEDIUM,PAPER_ONLY_REAL_MONEY_BLOCKED,SUPPORTED,,PENDING,,,,,,,,,,,,full_game,,"[""RULE_81""]","{""alternateLine"": false, ""rank"": 235}",CLEAN,[],PAPER,False,5.0,,,"[""RULE_81""]"
PAPER:2026-08-21:KXMLBSPREAD-26AUG212015LAATEX-LAA2,2026-08-21,822857,LAA @ TEX,KXMLBSPREAD-26AUG212015LAATEX-LAA2,,winning_margin,,full_game,LAA,1.5,,LAA,PAPER_SPREAD_LEDGER,,,exact_ticker,32.0,,,32.0,31.5,,,,,,,,,36.517,32.0,4.517,,HIGH,PAPER_ONLY_REAL_MONEY_BLOCKED,SUPPORTED,,PENDING,,,,,,,,,,,,full_game,,"[""RULE_81""]","{""alternateLine"": false, ""rank"": 170}",CLEAN,[],PAPER,False,5.0,,,"[""RULE_81""]"
PAPER:2026-08-21:KXMLBSPREAD-26AUG212015LAATEX-LAA3,2026-08-21,822857,LAA @ TEX,KXMLBSPREAD-26AUG212015LAATEX-LAA3,,winning_margin,,full_game,LAA,2.5,,LAA,PAPER_SPREAD_LEDGER,,,exact_ticker,22.0,,,22.0,21.5,,,,,,,,,23.418,22.0,1.418,,PAPER,PAPER_ONLY_REAL_MONEY_BLOCKED,SUPPORTED,,PENDING,,,,,,,,,,,,full_game,,"[""RULE_81""]","{""alternateLine"": true, ""rank"": 248}",CLEAN,[],PAPER,False,5.0,,,"[""RULE_81""]"
PAPER:2026-08-21:KXMLBSPREAD-26AUG212140CINAZ-AZ2,2026-08-21,825045,CIN @ AZ,KXMLBSPREAD-26AUG212140CINAZ-AZ2,,winning_margin,,full_game,AZ,1.5,,AZ,PAPER_SPREAD_LEDGER,,,exact_ticker,40.0,,,40.0,39.5,,,,,,,,,45.375,40.0,5.375,,HIGH,PAPER_ONLY_REAL_MONEY_BLOCKED,SUPPORTED,,PENDING,,,,,,,,,,,,full_game,,"[""RULE_81""]","{""alternateLine"": false, ""rank"": 151}",CLEAN,[],PAPER,False,5.0,,,"[""RULE_81""]"
PAPER:2026-08-21:KXMLBSPREAD-26AUG212140CINAZ-AZ3,2026-08-21,825045,CIN @ AZ,KXMLBSPREAD-26AUG212140CINAZ-AZ3,,winning_margin,,full_game,AZ,2.5,,AZ,PAPER_SPREAD_LEDGER,,,exact_ticker,29.0,,,29.0,28.5,,,,,,,,,32.305,29.0,3.305,,HIGH,PAPER_ONLY_REAL_MONEY_BLOCKED,SUPPORTED,,PENDING,,,,,,,,,,,,full_game,,"[""RULE_81""]","{""alternateLine"": true, ""rank"": 197}",CLEAN,[],PAPER,False,5.0,,,"[""RULE_81""]"
PAPER:2026-08-21:KXMLBSPREAD-26AUG212210CHCSEA-SEA2,2026-08-21,823101,CHC @ SEA,KXMLBSPREAD-26AUG212210CHCSEA-SEA2,,winning_margin,,full_game,SEA,1.5,,SEA,PAPER_SPREAD_LEDGER,,,exact_ticker,33.0,,,33.0,32.5,,,,,,,,,36.173,33.0,3.173,,HIGH,PAPER_ONLY_REAL_MONEY_BLOCKED,SUPPORTED,,PENDING,,,,,,,,,,,,full_game,,"[""RULE_81""]","{""alternateLine"": false, ""rank"": 201}",CLEAN,[],PAPER,False,5.0,,,"[""RULE_81""]"
PAPER:2026-08-22:KXMLBF3-26AUG221335TORNYY-TOR,2026-08-22,823509,TOR @ NYY,KXMLBF3-26AUG221335TORNYY-TOR,,inning_result,,F3,Away,,,Away,PAPER_SPREAD_LEDGER,,,exact_ticker,34.0,,,34.0,33.5,,,,,,,,,42.696,34.0,8.696,,HIGH,PAPER_ONLY_REAL_MONEY_BLOCKED,SUPPORTED,,PENDING,,,,,,,,,,,,F3,,"[""NOT_YET_ACTIVATED_NO_HISTORICAL_PAPER_SAMPLE""]","{""alternateLine"": null, ""rank"": 68}",CLEAN,[],PAPER,False,5.0,,,"[""NOT_YET_ACTIVATED_NO_HISTORICAL_PAPER_SAMPLE""]"
PAPER:2026-08-22:KXMLBF3-26AUG221410ATLMIL-MIL,2026-08-22,823743,ATL @ MIL,KXMLBF3-26AUG221410ATLMIL-MIL,,inning_result,,F3,Home,,,Home,PAPER_SPREAD_LEDGER,,,exact_ticker,45.0,,,45.0,43.5,,,,,,,,,49.552,45.0,4.552,,HIGH,PAPER_ONLY_REAL_MONEY_BLOCKED,SUPPORTED,,PENDING,,,,,,,,,,,,F3,,"[""NOT_YET_ACTIVATED_NO_HISTORICAL_PAPER_SAMPLE""]","{""alternateLine"": null, ""rank"": 149}",CLEAN,[],PAPER,False,5.0,,,"[""NOT_YET_ACTIVATED_NO_HISTORICAL_PAPER_SAMPLE""]"
PAPER:2026-08-22:KXMLBF3-26AUG221805STLPHI-STL,2026-08-22,823422,STL @ PHI,KXMLBF3-26AUG221805STLPHI-STL,,inning_result,,F3,Away,,,Away,PAPER_SPREAD_LEDGER,,,exact_ticker,36.0,,,36.0,35.0,,,,,,,,,45.719,36.0,9.719,,HIGH,PAPER_ONLY_REAL_MONEY_BLOCKED,SUPPORTED,,PENDING,,,,,,,,,,,,F3,,"[""NOT_YET_ACTIVATED_NO_HISTORICAL_PAPER_SAMPLE""]","{""alternateLine"": null, ""rank"": 95}",CLEAN,[],PAPER,False,5.0,,,"[""NOT_YET_ACTIVATED_NO_HISTORICAL_PAPER_SAMPLE""]"
PAPER:2026-08-22:KXMLBF3-26AUG221905LAATEX-TEX,2026-08-22,822858,LAA @ TEX,KXMLBF3-26AUG221905LAATEX-TEX,,inning_result,,F3,Home,,,Home,PAPER_SPREAD_LEDGER,,,exact_ticker,47.0,,,47.0,45.0,,,,,,,,,49.604,47.0,2.604,,MEDIUM,PAPER_ONLY_REAL_MONEY_BLOCKED,SUPPORTED,,PENDING,,,,,,,,,,,,F3,,"[""NOT_YET_ACTIVATED_NO_HISTORICAL_PAPER_SAMPLE""]","{""alternateLine"": null, ""rank"": 198}",CLEAN,[],PAPER,False,5.0,,,"[""NOT_YET_ACTIVATED_NO_HISTORICAL_PAPER_SAMPLE""]"
PAPER:2026-08-22:KXMLBF3-26AUG221905LAATEX-TIE,2026-08-22,822858,LAA @ TEX,KXMLBF3-26AUG221905LAATEX-TIE,,inning_result,,F3,Tie,,,Tie,PAPER_SPREAD_LEDGER,,,exact_ticker,23.0,,,23.0,22.5,,,,,,,,,24.643,23.0,1.643,,MEDIUM,PAPER_ONLY_REAL_MONEY_BLOCKED,SUPPORTED,,PENDING,,,,,,,,,,,,F3,,"[""NOT_YET_ACTIVATED_NO_HISTORICAL_PAPER_SAMPLE""]","{""alternateLine"": null, ""rank"": 271}",CLEAN,[],PAPER,False,5.0,,,"[""NOT_YET_ACTIVATED_NO_HISTORICAL_PAPER_SAMPLE""]"
PAPER:2026-08-22:KXMLBF3-26AUG221905TBBAL-TB,2026-08-22,824798,TB @ BAL,KXMLBF3-26AUG221905TBBAL-TB,,inning_result,,F3,Away,,,Away,PAPER_SPREAD_LEDGER,,,exact_ticker,41.0,,,41.0,39.0,,,,,,,,,44.312,41.0,3.312,,HIGH,PAPER_ONLY_REAL_MONEY_BLOCKED,SUPPORTED,,PENDING,,,,,,,,,,,,F3,,"[""NOT_YET_ACTIVATED_NO_HISTORICAL_PAPER_SAMPLE""]","{""alternateLine"": null, ""rank"": 183}",CLEAN,[],PAPER,False,5.0,,,"[""NOT_YET_ACTIVATED_NO_HISTORICAL_PAPER_SAMPLE""]"
PAPER:2026-08-22:KXMLBF3-26AUG221905TBBAL-TIE,2026-08-22,824798,TB @ BAL,KXMLBF3-26AUG221905TBBAL-TIE,,inning_result,,F3,Tie,,,Tie,PAPER_SPREAD_LEDGER,,,exact_ticker,25.0,,,25.0,24.0,,,,,,,,,26.458,25.0,1.458,,PAPER,PAPER_ONLY_REAL_MONEY_BLOCKED,SUPPORTED,,PENDING,,,,,,,,,,,,F3,,"[""NOT_YET_ACTIVATED_NO_HISTORICAL_PAPER_SAMPLE""]","{""alternateLine"": null, ""rank"": 212}",CLEAN,[],PAPER,False,5.0,,,"[""NOT_YET_ACTIVATED_NO_HISTORICAL_PAPER_SAMPLE""]"
PAPER:2026-08-22:KXMLBF3-26AUG221910ATHHOU-ATH,2026-08-22,824151,ATH @ HOU,KXMLBF3-26AUG221910ATHHOU-ATH,,inning_result,,F3,Away,,,Away,PAPER_SPREAD_LEDGER,,,exact_ticker,28.0,,,28.0,26.5,,,,,,,,,34.405,28.0,6.405,,HIGH,PAPER_ONLY_REAL_MONEY_BLOCKED,SUPPORTED,,PENDING,,,,,,,,,,,,F3,,"[""NOT_YET_ACTIVATED_NO_HISTORICAL_PAPER_SAMPLE""]","{""alternateLine"": null, ""rank"": 108}",CLEAN,[],PAPER,False,5.0,,,"[""NOT_YET_ACTIVATED_NO_HISTORICAL_PAPER_SAMPLE""]"
PAPER:2026-08-22:KXMLBF3-26AUG221910ATHHOU-TIE,2026-08-22,824151,ATH @ HOU,KXMLBF3-26AUG221910ATHHOU-TIE,,inning_result,,F3,Tie,,,Tie,PAPER_SPREAD_LEDGER,,,exact_ticker,23.0,,,23.0,22.5,,,,,,,,,24.17,23.0,1.17,,PAPER,PAPER_ONLY_REAL_MONEY_BLOCKED,SUPPORTED,,PENDING,,,,,,,,,,,,F3,,"[""NOT_YET_ACTIVATED_NO_HISTORICAL_PAPER_SAMPLE""]","{""alternateLine"": null, ""rank"": 218}",CLEAN,[],PAPER,False,5.0,,,"[""NOT_YET_ACTIVATED_NO_HISTORICAL_PAPER_SAMPLE""]"
PAPER:2026-08-22:KXMLBF3-26AUG221910NYMCWS-NYM,2026-08-22,824560,NYM @ CWS,KXMLBF3-26AUG221910NYMCWS-NYM,,inning_result,,F3,Away,,,Away,PAPER_SPREAD_LEDGER,,,exact_ticker,38.0,,,38.0,36.5,,,,,,,,,45.178,38.0,7.178,,HIGH,PAPER_ONLY_REAL_MONEY_BLOCKED,SUPPORTED,,PENDING,,,,,,,,,,,,F3,,"[""NOT_YET_ACTIVATED_NO_HISTORICAL_PAPER_SAMPLE""]","{""alternateLine"": null, ""rank"": 91}",CLEAN,[],PAPER,False,5.0,,,"[""NOT_YET_ACTIVATED_NO_HISTORICAL_PAPER_SAMPLE""]"
PAPER:2026-08-22:KXMLBF3-26AUG221910NYMCWS-TIE,2026-08-22,824560,NYM @ CWS,KXMLBF3-26AUG221910NYMCWS-TIE,,inning_result,,F3,Tie,,,Tie,PAPER_SPREAD_LEDGER,,,exact_ticker,24.0,,,24.0,23.5,,,,,,,,,26.83,24.0,2.83,,MEDIUM,PAPER_ONLY_REAL_MONEY_BLOCKED,SUPPORTED,,PENDING,,,,,,,,,,,,F3,,"[""NOT_YET_ACTIVATED_NO_HISTORICAL_PAPER_SAMPLE""]","{""alternateLine"": null, ""rank"": 195}",CLEAN,[],PAPER,False,5.0,,,"[""NOT_YET_ACTIVATED_NO_HISTORICAL_PAPER_SAMPLE""]"
PAPER:2026-08-22:KXMLBF3-26AUG221915DETKC-TIE,2026-08-22,824073,DET @ KC,KXMLBF3-26AUG221915DETKC-TIE,,inning_result,,F3,Tie,,,Tie,PAPER_SPREAD_LEDGER,,,exact_ticker,24.0,,,24.0,23.5,,,,,,,,,26.255,24.0,2.255,,MEDIUM,PAPER_ONLY_REAL_MONEY_BLOCKED,SUPPORTED,,PENDING,,,,,,,,,,,,F3,,"[""NOT_YET_ACTIVATED_NO_HISTORICAL_PAPER_SAMPLE""]","{""alternateLine"": null, ""rank"": 203}",CLEAN,[],PAPER,False,5.0,,,"[""NOT_YET_ACTIVATED_NO_HISTORICAL_PAPER_SAMPLE""]"
PAPER:2026-08-22:KXMLBF3-26AUG221915PITLAD-PIT,2026-08-22,823910,PIT @ LAD,KXMLBF3-26AUG221915PITLAD-PIT,,inning_result,,F3,Away,,,Away,PAPER_SPREAD_LEDGER,,,exact_ticker,24.0,,,24.0,23.5,,,,,,,,,25.238,24.0,1.238,,PAPER,PAPER_ONLY_REAL_MONEY_BLOCKED,SUPPORTED,,PENDING,,,,,,,,,,,,F3,,"[""NOT_YET_ACTIVATED_NO_HISTORICAL_PAPER_SAMPLE""]","{""alternateLine"": null, ""rank"": 217}",CLEAN,[],PAPER,False,5.0,,,"[""NOT_YET_ACTIVATED_NO_HISTORICAL_PAPER_SAMPLE""]"
PAPER:2026-08-22:KXMLBF3-26AUG221915PITLAD-TIE,2026-08-22,823910,PIT @ LAD,KXMLBF3-26AUG221915PITLAD-TIE,,inning_result,,F3,Tie,,,Tie,PAPER_SPREAD_LEDGER,,,exact_ticker,26.0,,,26.0,25.0,,,,,,,,,27.011,26.0,1.011,,PAPER,PAPER_ONLY_REAL_MONEY_BLOCKED,SUPPORTED,,PENDING,,,,,,,,,,,,F3,,"[""NOT_YET_ACTIVATED_NO_HISTORICAL_PAPER_SAMPLE""]","{""alternateLine"": null, ""rank"": 220}",CLEAN,[],PAPER,False,5.0,,,"[""NOT_YET_ACTIVATED_NO_HISTORICAL_PAPER_SAMPLE""]"
PAPER:2026-08-22:KXMLBF3-26AUG221915SFBOS-SF,2026-08-22,824718,SF @ BOS,KXMLBF3-26AUG221915SFBOS-SF,,inning_result,,F3,Away,,,Away,PAPER_SPREAD_LEDGER,,,exact_ticker,29.0,,,29.0,28.0,,,,,,,,,30.699,29.0,1.699,,MEDIUM,PAPER_ONLY_REAL_MONEY_BLOCKED,SUPPORTED,,PENDING,,,,,,,,,,,,F3,,"[""NOT_YET_ACTIVATED_NO_HISTORICAL_PAPER_SAMPLE""]","{""alternateLine"": null, ""rank"": 210}",CLEAN,[],PAPER,False,5.0,,,"[""NOT_YET_ACTIVATED_NO_HISTORICAL_PAPER_SAMPLE""]"
PAPER:2026-08-22:KXMLBF3-26AUG221915SFBOS-TIE,2026-08-22,824718,SF @ BOS,KXMLBF3-26AUG221915SFBOS-TIE,,inning_result,,F3,Tie,,,Tie,PAPER_SPREAD_LEDGER,,,exact_ticker,24.0,,,24.0,23.5,,,,,,,,,27.016,24.0,3.016,,HIGH,PAPER_ONLY_REAL_MONEY_BLOCKED,SUPPORTED,,PENDING,,,,,,,,,,,,F3,,"[""NOT_YET_ACTIVATED_NO_HISTORICAL_PAPER_SAMPLE""]","{""alternateLine"": null, ""rank"": 190}",CLEAN,[],PAPER,False,5.0,,,"[""NOT_YET_ACTIVATED_NO_HISTORICAL_PAPER_SAMPLE""]"
PAPER:2026-08-22:KXMLBF3-26AUG222010CINAZ-AZ,2026-08-22,825044,CIN @ AZ,KXMLBF3-26AUG222010CINAZ-AZ,,inning_result,,F3,Home,,,Home,PAPER_SPREAD_LEDGER,,,exact_ticker,45.0,,,45.0,44.5,,,,,,,,,51.817,45.0,6.817,,HIGH,PAPER_ONLY_REAL_MONEY_BLOCKED,SUPPORTED,,PENDING,,,,,,,,,,,,F3,,"[""NOT_YET_ACTIVATED_NO_HISTORICAL_PAPER_SAMPLE""]","{""alternateLine"": null, ""rank"": 96}",CLEAN,[],PAPER,False,5.0,,,"[""NOT_YET_ACTIVATED_NO_HISTORICAL_PAPER_SAMPLE""]"
PAPER:2026-08-22:KXMLBF3-26AUG222010CINAZ-TIE,2026-08-22,825044,CIN @ AZ,KXMLBF3-26AUG222010CINAZ-TIE,,inning_result,,F3,Tie,,,Tie,PAPER_SPREAD_LEDGER,,,exact_ticker,23.0,,,23.0,22.5,,,,,,,,,26.458,23.0,3.458,,HIGH,PAPER_ONLY_REAL_MONEY_BLOCKED,SUPPORTED,,PENDING,,,,,,,,,,,,F3,,"[""NOT_YET_ACTIVATED_NO_HISTORICAL_PAPER_SAMPLE""]","{""alternateLine"": null, ""rank"": 179}",CLEAN,[],PAPER,False,5.0,,,"[""NOT_YET_ACTIVATED_NO_HISTORICAL_PAPER_SAMPLE""]"
PAPER:2026-08-22:KXMLBF3-26AUG222010CLECOL-COL,2026-08-22,824316,CLE @ COL,KXMLBF3-26AUG222010CLECOL-COL,,inning_result,,F3,Home,,,Home,PAPER_SPREAD_LEDGER,,,exact_ticker,39.0,,,39.0,37.0,,,,,,,,,47.695,39.0,8.695,,HIGH,PAPER_ONLY_REAL_MONEY_BLOCKED,SUPPORTED,,PENDING,,,,,,,,,,,,F3,,"[""NOT_YET_ACTIVATED_NO_HISTORICAL_PAPER_SAMPLE""]","{""alternateLine"": null, ""rank"": 69}",CLEAN,[],PAPER,False,5.0,,,"[""NOT_YET_ACTIVATED_NO_HISTORICAL_PAPER_SAMPLE""]"
PAPER:2026-08-22:KXMLBF3-26AUG222010CLECOL-TIE,2026-08-22,824316,CLE @ COL,KXMLBF3-26AUG222010CLECOL-TIE,,inning_result,,F3,Tie,,,Tie,PAPER_SPREAD_LEDGER,,,exact_ticker,19.0,,,19.0,18.5,,,,,,,,,24.853,19.0,5.853,,HIGH,PAPER_ONLY_REAL_MONEY_BLOCKED,SUPPORTED,,PENDING,,,,,,,,,,,,F3,,"[""NOT_YET_ACTIVATED_NO_HISTORICAL_PAPER_SAMPLE""]","{""alternateLine"": null, ""rank"": 122}",CLEAN,[],PAPER,False,5.0,,,"[""NOT_YET_ACTIVATED_NO_HISTORICAL_PAPER_SAMPLE""]"
PAPER:2026-08-22:KXMLBF3-26AUG222040MINSD-SD,2026-08-22,823261,MIN @ SD,KXMLBF3-26AUG222040MINSD-SD,,inning_result,,F3,Home,,,Home,PAPER_SPREAD_LEDGER,,,exact_ticker,45.0,,,45.0,42.5,,,,,,,,,54.746,45.0,9.746,,HIGH,PAPER_ONLY_REAL_MONEY_BLOCKED,SUPPORTED,,PENDING,,,,,,,,,,,,F3,,"[""NOT_YET_ACTIVATED_NO_HISTORICAL_PAPER_SAMPLE""]","{""alternateLine"": null, ""rank"": 50}",CLEAN,[],PAPER,False,5.0,,,"[""NOT_YET_ACTIVATED_NO_HISTORICAL_PAPER_SAMPLE""]"
PAPER:2026-08-22:KXMLBF5SPREAD-26AUG221805STLPHI-STL2,2026-08-22,823422,STL @ PHI,KXMLBF5SPREAD-26AUG221805STLPHI-STL2,,winning_margin,,F5,STL,1.5,,STL,PAPER_SPREAD_LEDGER,,,exact_ticker,27.0,,,27.0,26.5,,,,,,,,,29.989,27.0,2.989,,MEDIUM,PAPER_ONLY_REAL_MONEY_BLOCKED,SUPPORTED,,PENDING,,,,,,,,,,,,F5,,"[""NOT_YET_ACTIVATED_NO_HISTORICAL_PAPER_SAMPLE""]","{""alternateLine"": false, ""rank"": 244}",CLEAN,[],PAPER,False,5.0,,,"[""NOT_YET_ACTIVATED_NO_HISTORICAL_PAPER_SAMPLE""]"
PAPER:2026-08-22:KXMLBF5SPREAD-26AUG221910ATHHOU-ATH2,2026-08-22,824151,ATH @ HOU,KXMLBF5SPREAD-26AUG221910ATHHOU-ATH2,,winning_margin,,F5,ATH,1.5,,ATH,PAPER_SPREAD_LEDGER,,,exact_ticker,18.0,,,18.0,17.5,,,,,,,,,27.575,18.0,9.575,,HIGH,PAPER_ONLY_REAL_MONEY_BLOCKED,SUPPORTED,,PENDING,,,,,,,,,,,,F5,,"[""NOT_YET_ACTIVATED_NO_HISTORICAL_PAPER_SAMPLE""]","{""alternateLine"": false, ""rank"": 55}",CLEAN,[],PAPER,False,5.0,,,"[""NOT_YET_ACTIVATED_NO_HISTORICAL_PAPER_SAMPLE""]"
PAPER:2026-08-22:KXMLBF5SPREAD-26AUG221910ATHHOU-ATH3,2026-08-22,824151,ATH @ HOU,KXMLBF5SPREAD-26AUG221910ATHHOU-ATH3,,winning_margin,,F5,ATH,2.5,,ATH,PAPER_SPREAD_LEDGER,,,exact_ticker,10.0,,,10.0,9.5,,,,,,,,,13.725,10.0,3.725,,HIGH,PAPER_ONLY_REAL_MONEY_BLOCKED,SUPPORTED,,PENDING,,,,,,,,,,,,F5,,"[""NOT_YET_ACTIVATED_NO_HISTORICAL_PAPER_SAMPLE""]","{""alternateLine"": true, ""rank"": 171}",CLEAN,[],PAPER,False,5.0,,,"[""NOT_YET_ACTIVATED_NO_HISTORICAL_PAPER_SAMPLE""]"
PAPER:2026-08-22:KXMLBF5SPREAD-26AUG221910NYMCWS-NYM2,2026-08-22,824560,NYM @ CWS,KXMLBF5SPREAD-26AUG221910NYMCWS-NYM2,,winning_margin,,F5,NYM,1.5,,NYM,PAPER_SPREAD_LEDGER,,,exact_ticker,29.0,,,29.0,28.5,,,,,,,,,34.327,29.0,5.327,,HIGH,PAPER_ONLY_REAL_MONEY_BLOCKED,SUPPORTED,,PENDING,,,,,,,,,,,,F5,,"[""NOT_YET_ACTIVATED_NO_HISTORICAL_PAPER_SAMPLE""]","{""alternateLine"": false, ""rank"": 132}",CLEAN,[],PAPER,False,5.0,,,"[""NOT_YET_ACTIVATED_NO_HISTORICAL_PAPER_SAMPLE""]"
PAPER:2026-08-22:KXMLBF5SPREAD-26AUG222010CLECOL-COL2,2026-08-22,824316,CLE @ COL,KXMLBF5SPREAD-26AUG222010CLECOL-COL2,,winning_margin,,F5,COL,1.5,,COL,PAPER_SPREAD_LEDGER,,,exact_ticker,30.0,,,30.0,29.0,,,,,,,,,35.208,30.0,5.208,,HIGH,PAPER_ONLY_REAL_MONEY_BLOCKED,SUPPORTED,,PENDING,,,,,,,,,,,,F5,,"[""NOT_YET_ACTIVATED_NO_HISTORICAL_PAPER_SAMPLE""]","{""alternateLine"": false, ""rank"": 134}",CLEAN,[],PAPER,False,5.0,,,"[""NOT_YET_ACTIVATED_NO_HISTORICAL_PAPER_SAMPLE""]"
PAPER:2026-08-22:KXMLBF5SPREAD-26AUG222040MINSD-SD2,2026-08-22,823261,MIN @ SD,KXMLBF5SPREAD-26AUG222040MINSD-SD2,,winning_margin,,F5,SD,1.5,,SD,PAPER_SPREAD_LEDGER,,,exact_ticker,34.0,,,34.0,33.5,,,,,,,,,43.599,34.0,9.599,,HIGH,PAPER_ONLY_REAL_MONEY_BLOCKED,SUPPORTED,,PENDING,,,,,,,,,,,,F5,,"[""NOT_YET_ACTIVATED_NO_HISTORICAL_PAPER_SAMPLE""]","{""alternateLine"": false, ""rank"": 53}",CLEAN,[],PAPER,False,5.0,,,"[""NOT_YET_ACTIVATED_NO_HISTORICAL_PAPER_SAMPLE""]"
PAPER:2026-08-22:KXMLBF5SPREAD-26AUG222040MINSD-SD3,2026-08-22,823261,MIN @ SD,KXMLBF5SPREAD-26AUG222040MINSD-SD3,,winning_margin,,F5,SD,2.5,,SD,PAPER_SPREAD_LEDGER,,,exact_ticker,24.0,,,24.0,23.0,,,,,,,,,25.88,24.0,1.88,,MEDIUM,PAPER_ONLY_REAL_MONEY_BLOCKED,SUPPORTED,,PENDING,,,,,,,,,,,,F5,,"[""NOT_YET_ACTIVATED_NO_HISTORICAL_PAPER_SAMPLE""]","{""alternateLine"": true, ""rank"": 207}",CLEAN,[],PAPER,False,5.0,,,"[""NOT_YET_ACTIVATED_NO_HISTORICAL_PAPER_SAMPLE""]"
PAPER:2026-08-22:KXMLBF7-26AUG221335TORNYY-TIE,2026-08-22,823509,TOR @ NYY,KXMLBF7-26AUG221335TORNYY-TIE,,inning_result,,F7,Tie,,,Tie,PAPER_SPREAD_LEDGER,,,exact_ticker,13.0,,,13.0,12.5,,,,,,,,,22.398,13.0,9.398,,HIGH,PAPER_ONLY_REAL_MONEY_BLOCKED,SUPPORTED,,PENDING,,,,,,,,,,,,F7,,"[""NOT_YET_ACTIVATED_NO_HISTORICAL_PAPER_SAMPLE""]","{""alternateLine"": null, ""rank"": 58}",CLEAN,[],PAPER,False,5.0,,,"[""NOT_YET_ACTIVATED_NO_HISTORICAL_PAPER_SAMPLE""]"
PAPER:2026-08-22:KXMLBF7-26AUG221410ATLMIL-ATL,2026-08-22,823743,ATL @ MIL,KXMLBF7-26AUG221410ATLMIL-ATL,,inning_result,,F7,Away,,,Away,PAPER_SPREAD_LEDGER,,,exact_ticker,1.0,,,1.0,0.5,,,,,,,,,27.566,1.0,26.566,,HIGH,PAPER_ONLY_REAL_MONEY_BLOCKED,SUPPORTED,,PENDING,,,,,,,,,,,,F7,,"[""NOT_YET_ACTIVATED_NO_HISTORICAL_PAPER_SAMPLE""]","{""alternateLine"": null, ""rank"": 21}",CLEAN,[],PAPER,False,5.0,,,"[""NOT_YET_ACTIVATED_NO_HISTORICAL_PAPER_SAMPLE""]"
PAPER:2026-08-22:KXMLBF7-26AUG221410ATLMIL-TIE,2026-08-22,823743,ATL @ MIL,KXMLBF7-26AUG221410ATLMIL-TIE,,inning_result,,F7,Tie,,,Tie,PAPER_SPREAD_LEDGER,,,exact_ticker,13.0,,,13.0,11.5,,,,,,,,,19.454,13.0,6.454,,HIGH,PAPER_ONLY_REAL_MONEY_BLOCKED,SUPPORTED,,PENDING,,,,,,,,,,,,F7,,"[""NOT_YET_ACTIVATED_NO_HISTORICAL_PAPER_SAMPLE""]","{""alternateLine"": null, ""rank"": 106}",CLEAN,[],PAPER,False,5.0,,,"[""NOT_YET_ACTIVATED_NO_HISTORICAL_PAPER_SAMPLE""]"
PAPER:2026-08-22:KXMLBF7-26AUG221610WSHMIA-TIE,2026-08-22,823831,WSH @ MIA,KXMLBF7-26AUG221610WSHMIA-TIE,,inning_result,,F7,Tie,,,Tie,PAPER_SPREAD_LEDGER,,,exact_ticker,12.0,,,12.0,11.0,,,,,,,,,19.605,12.0,7.605,,HIGH,PAPER_ONLY_REAL_MONEY_BLOCKED,SUPPORTED,,PENDING,,,,,,,,,,,,F7,,"[""NOT_YET_ACTIVATED_NO_HISTORICAL_PAPER_SAMPLE""]","{""alternateLine"": null, ""rank"": 85}",CLEAN,[],PAPER,False,5.0,,,"[""NOT_YET_ACTIVATED_NO_HISTORICAL_PAPER_SAMPLE""]"
PAPER:2026-08-22:KXMLBF7-26AUG221610WSHMIA-WSH,2026-08-22,823831,WSH @ MIA,KXMLBF7-26AUG221610WSHMIA-WSH,,inning_result,,F7,Away,,,Away,PAPER_SPREAD_LEDGER,,,exact_ticker,33.0,,,33.0,31.5,,,,,,,,,37.654,33.0,4.654,,HIGH,PAPER_ONLY_REAL_MONEY_BLOCKED,SUPPORTED,,PENDING,,,,,,,,,,,,F7,,"[""NOT_YET_ACTIVATED_NO_HISTORICAL_PAPER_SAMPLE""]","{""alternateLine"": null, ""rank"": 145}",CLEAN,[],PAPER,False,5.0,,,"[""NOT_YET_ACTIVATED_NO_HISTORICAL_PAPER_SAMPLE""]"
PAPER:2026-08-22:KXMLBF7-26AUG221805STLPHI-STL,2026-08-22,823422,STL @ PHI,KXMLBF7-26AUG221805STLPHI-STL,,inning_result,,F7,Away,,,Away,PAPER_SPREAD_LEDGER,,,exact_ticker,39.0,,,39.0,37.0,,,,,,,,,47.177,39.0,8.177,,HIGH,PAPER_ONLY_REAL_MONEY_BLOCKED,SUPPORTED,,PENDING,,,,,,,,,,,,F7,,"[""NOT_YET_ACTIVATED_NO_HISTORICAL_PAPER_SAMPLE""]","{""alternateLine"": null, ""rank"": 120}",CLEAN,[],PAPER,False,5.0,,,"[""NOT_YET_ACTIVATED_NO_HISTORICAL_PAPER_SAMPLE""]"
PAPER:2026-08-22:KXMLBF7-26AUG221805STLPHI-TIE,2026-08-22,823422,STL @ PHI,KXMLBF7-26AUG221805STLPHI-TIE,,inning_result,,F7,Tie,,,Tie,PAPER_SPREAD_LEDGER,,,exact_ticker,11.0,,,11.0,10.0,,,,,,,,,17.881,11.0,6.881,,HIGH,PAPER_ONLY_REAL_MONEY_BLOCKED,SUPPORTED,,PENDING,,,,,,,,,,,,F7,,"[""NOT_YET_ACTIVATED_NO_HISTORICAL_PAPER_SAMPLE""]","{""alternateLine"": null, ""rank"": 142}",CLEAN,[],PAPER,False,5.0,,,"[""NOT_YET_ACTIVATED_NO_HISTORICAL_PAPER_SAMPLE""]"
PAPER:2026-08-22:KXMLBF7-26AUG221905LAATEX-TIE,2026-08-22,822858,LAA @ TEX,KXMLBF7-26AUG221905LAATEX-TIE,,inning_result,,F7,Tie,,,Tie,PAPER_SPREAD_LEDGER,,,exact_ticker,12.0,,,12.0,10.5,,,,,,,,,17.929,12.0,5.929,,HIGH,PAPER_ONLY_REAL_MONEY_BLOCKED,SUPPORTED,,PENDING,,,,,,,,,,,,F7,,"[""NOT_YET_ACTIVATED_NO_HISTORICAL_PAPER_SAMPLE""]","{""alternateLine"": null, ""rank"": 119}",CLEAN,[],PAPER,False,5.0,,,"[""NOT_YET_ACTIVATED_NO_HISTORICAL_PAPER_SAMPLE""]"
PAPER:2026-08-22:KXMLBF7-26AUG221905TBBAL-TB,2026-08-22,824798,TB @ BAL,KXMLBF7-26AUG221905TBBAL-TB,,inning_result,,F7,Away,,,Away,PAPER_SPREAD_LEDGER,,,exact_ticker,49.0,,,49.0,47.0,,,,,,,,,58.367,49.0,9.367,,HIGH,PAPER_ONLY_REAL_MONEY_BLOCKED,SUPPORTED,,PENDING,,,,,,,,,,,,F7,,"[""NOT_YET_ACTIVATED_NO_HISTORICAL_PAPER_SAMPLE""]","{""alternateLine"": null, ""rank"": 60}",CLEAN,[],PAPER,False,5.0,,,"[""NOT_YET_ACTIVATED_NO_HISTORICAL_PAPER_SAMPLE""]"
PAPER:2026-08-22:KXMLBF7-26AUG221905TBBAL-TIE,2026-08-22,824798,TB @ BAL,KXMLBF7-26AUG221905TBBAL-TIE,,inning_result,,F7,Tie,,,Tie,PAPER_SPREAD_LEDGER,,,exact_ticker,13.0,,,13.0,11.5,,,,,,,,,17.66,13.0,4.66,,HIGH,PAPER_ONLY_REAL_MONEY_BLOCKED,SUPPORTED,,PENDING,,,,,,,,,,,,F7,,"[""NOT_YET_ACTIVATED_NO_HISTORICAL_PAPER_SAMPLE""]","{""alternateLine"": null, ""rank"": 144}",CLEAN,[],PAPER,False,5.0,,,"[""NOT_YET_ACTIVATED_NO_HISTORICAL_PAPER_SAMPLE""]"
PAPER:2026-08-22:KXMLBF7-26AUG221910ATHHOU-ATH,2026-08-22,824151,ATH @ HOU,KXMLBF7-26AUG221910ATHHOU-ATH,,inning_result,,F7,Away,,,Away,PAPER_SPREAD_LEDGER,,,exact_ticker,29.0,,,29.0,27.5,,,,,,,,,46.773,29.0,17.773,,HIGH,PAPER_ONLY_REAL_MONEY_BLOCKED,SUPPORTED,,PENDING,,,,,,,,,,,,F7,,"[""NOT_YET_ACTIVATED_NO_HISTORICAL_PAPER_SAMPLE""]","{""alternateLine"": null, ""rank"": 11}",CLEAN,[],PAPER,False,5.0,,,"[""NOT_YET_ACTIVATED_NO_HISTORICAL_PAPER_SAMPLE""]"
PAPER:2026-08-22:KXMLBF7-26AUG221910ATHHOU-TIE,2026-08-22,824151,ATH @ HOU,KXMLBF7-26AUG221910ATHHOU-TIE,,inning_result,,F7,Tie,,,Tie,PAPER_SPREAD_LEDGER,,,exact_ticker,12.0,,,12.0,10.5,,,,,,,,,20.29,12.0,8.29,,HIGH,PAPER_ONLY_REAL_MONEY_BLOCKED,SUPPORTED,,PENDING,,,,,,,,,,,,F7,,"[""NOT_YET_ACTIVATED_NO_HISTORICAL_PAPER_SAMPLE""]","{""alternateLine"": null, ""rank"": 75}",CLEAN,[],PAPER,False,5.0,,,"[""NOT_YET_ACTIVATED_NO_HISTORICAL_PAPER_SAMPLE""]"
PAPER:2026-08-22:KXMLBF7-26AUG221910NYMCWS-NYM,2026-08-22,824560,NYM @ CWS,KXMLBF7-26AUG221910NYMCWS-NYM,,inning_result,,F7,Away,,,Away,PAPER_SPREAD_LEDGER,,,exact_ticker,45.0,,,45.0,43.5,,,,,,,,,62.103,45.0,17.103,,HIGH,PAPER_ONLY_REAL_MONEY_BLOCKED,SUPPORTED,,PENDING,,,,,,,,,,,,F7,,"[""NOT_YET_ACTIVATED_NO_HISTORICAL_PAPER_SAMPLE""]","{""alternateLine"": null, ""rank"": 12}",CLEAN,[],PAPER,False,5.0,,,"[""NOT_YET_ACTIVATED_NO_HISTORICAL_PAPER_SAMPLE""]"
PAPER:2026-08-22:KXMLBF7-26AUG221910NYMCWS-TIE,2026-08-22,824560,NYM @ CWS,KXMLBF7-26AUG221910NYMCWS-TIE,,inning_result,,F7,Tie,,,Tie,PAPER_SPREAD_LEDGER,,,exact_ticker,12.0,,,12.0,11.0,,,,,,,,,17.333,12.0,5.333,,HIGH,PAPER_ONLY_REAL_MONEY_BLOCKED,SUPPORTED,,PENDING,,,,,,,,,,,,F7,,"[""NOT_YET_ACTIVATED_NO_HISTORICAL_PAPER_SAMPLE""]","{""alternateLine"": null, ""rank"": 131}",CLEAN,[],PAPER,False,5.0,,,"[""NOT_YET_ACTIVATED_NO_HISTORICAL_PAPER_SAMPLE""]"
PAPER:2026-08-22:KXMLBF7-26AUG221915DETKC-DET,2026-08-22,824073,DET @ KC,KXMLBF7-26AUG221915DETKC-DET,,inning_result,,F7,Away,,,Away,PAPER_SPREAD_LEDGER,,,exact_ticker,46.0,,,46.0,43.0,,,,,,,,,57.363,46.0,11.363,,HIGH,PAPER_ONLY_REAL_MONEY_BLOCKED,SUPPORTED,,PENDING,,,,,,,,,,,,F7,,"[""NOT_YET_ACTIVATED_NO_HISTORICAL_PAPER_SAMPLE""]","{""alternateLine"": null, ""rank"": 42}",CLEAN,[],PAPER,False,5.0,,,"[""NOT_YET_ACTIVATED_NO_HISTORICAL_PAPER_SAMPLE""]"
PAPER:2026-08-22:KXMLBF7-26AUG221915DETKC-TIE,2026-08-22,824073,DET @ KC,KXMLBF7-26AUG221915DETKC-TIE,,inning_result,,F7,Tie,,,Tie,PAPER_SPREAD_LEDGER,,,exact_ticker,12.0,,,12.0,10.5,,,,,,,,,17.986,12.0,5.986,,HIGH,PAPER_ONLY_REAL_MONEY_BLOCKED,SUPPORTED,,PENDING,,,,,,,,,,,,F7,,"[""NOT_YET_ACTIVATED_NO_HISTORICAL_PAPER_SAMPLE""]","{""alternateLine"": null, ""rank"": 118}",CLEAN,[],PAPER,False,5.0,,,"[""NOT_YET_ACTIVATED_NO_HISTORICAL_PAPER_SAMPLE""]"
PAPER:2026-08-22:KXMLBF7-26AUG221915PITLAD-PIT,2026-08-22,823910,PIT @ LAD,KXMLBF7-26AUG221915PITLAD-PIT,,inning_result,,F7,Away,,,Away,PAPER_SPREAD_LEDGER,,,exact_ticker,26.0,,,26.0,25.0,,,,,,,,,34.616,26.0,8.616,,HIGH,PAPER_ONLY_REAL_MONEY_BLOCKED,SUPPORTED,,PENDING,,,,,,,,,,,,F7,,"[""NOT_YET_ACTIVATED_NO_HISTORICAL_PAPER_SAMPLE""]","{""alternateLine"": null, ""rank"": 71}",CLEAN,[],PAPER,False,5.0,,,"[""NOT_YET_ACTIVATED_NO_HISTORICAL_PAPER_SAMPLE""]"
PAPER:2026-08-22:KXMLBF7-26AUG221915PITLAD-TIE,2026-08-22,823910,PIT @ LAD,KXMLBF7-26AUG221915PITLAD-TIE,,inning_result,,F7,Tie,,,Tie,PAPER_SPREAD_LEDGER,,,exact_ticker,12.0,,,12.0,10.5,,,,,,,,,20.809,12.0,8.809,,HIGH,PAPER_ONLY_REAL_MONEY_BLOCKED,SUPPORTED,,PENDING,,,,,,,,,,,,F7,,"[""NOT_YET_ACTIVATED_NO_HISTORICAL_PAPER_SAMPLE""]","{""alternateLine"": null, ""rank"": 64}",CLEAN,[],PAPER,False,5.0,,,"[""NOT_YET_ACTIVATED_NO_HISTORICAL_PAPER_SAMPLE""]"
PAPER:2026-08-22:KXMLBF7-26AUG221915SFBOS-TIE,2026-08-22,824718,SF @ BOS,KXMLBF7-26AUG221915SFBOS-TIE,,inning_result,,F7,Tie,,,Tie,PAPER_SPREAD_LEDGER,,,exact_ticker,12.0,,,12.0,10.5,,,,,,,,,20.601,12.0,8.601,,HIGH,PAPER_ONLY_REAL_MONEY_BLOCKED,SUPPORTED,,PENDING,,,,,,,,,,,,F7,,"[""NOT_YET_ACTIVATED_NO_HISTORICAL_PAPER_SAMPLE""]","{""alternateLine"": null, ""rank"": 72}",CLEAN,[],PAPER,False,5.0,,,"[""NOT_YET_ACTIVATED_NO_HISTORICAL_PAPER_SAMPLE""]"
PAPER:2026-08-22:KXMLBF7-26AUG222010CINAZ-TIE,2026-08-22,825044,CIN @ AZ,KXMLBF7-26AUG222010CINAZ-TIE,,inning_result,,F7,Tie,,,Tie,PAPER_SPREAD_LEDGER,,,exact_ticker,12.0,,,12.0,11.0,,,,,,,,,19.925,12.0,7.925,,HIGH,PAPER_ONLY_REAL_MONEY_BLOCKED,SUPPORTED,,PENDING,,,,,,,,,,,,F7,,"[""NOT_YET_ACTIVATED_NO_HISTORICAL_PAPER_SAMPLE""]","{""alternateLine"": null, ""rank"": 78}",CLEAN,[],PAPER,False,5.0,,,"[""NOT_YET_ACTIVATED_NO_HISTORICAL_PAPER_SAMPLE""]"
PAPER:2026-08-22:KXMLBF7-26AUG222010CLECOL-COL,2026-08-22,824316,CLE @ COL,KXMLBF7-26AUG222010CLECOL-COL,,inning_result,,F7,Home,,,Home,PAPER_SPREAD_LEDGER,,,exact_ticker,41.0,,,41.0,39.0,,,,,,,,,60.031,41.0,19.031,,HIGH,PAPER_ONLY_REAL_MONEY_BLOCKED,SUPPORTED,,PENDING,,,,,,,,,,,,F7,,"[""NOT_YET_ACTIVATED_NO_HISTORICAL_PAPER_SAMPLE""]","{""alternateLine"": null, ""rank"": 8}",CLEAN,[],PAPER,False,5.0,,,"[""NOT_YET_ACTIVATED_NO_HISTORICAL_PAPER_SAMPLE""]"
PAPER:2026-08-22:KXMLBF7-26AUG222010CLECOL-TIE,2026-08-22,824316,CLE @ COL,KXMLBF7-26AUG222010CLECOL-TIE,,inning_result,,F7,Tie,,,Tie,PAPER_SPREAD_LEDGER,,,exact_ticker,10.0,,,10.0,8.5,,,,,,,,,16.286,10.0,6.286,,HIGH,PAPER_ONLY_REAL_MONEY_BLOCKED,SUPPORTED,,PENDING,,,,,,,,,,,,F7,,"[""NOT_YET_ACTIVATED_NO_HISTORICAL_PAPER_SAMPLE""]","{""alternateLine"": null, ""rank"": 112}",CLEAN,[],PAPER,False,5.0,,,"[""NOT_YET_ACTIVATED_NO_HISTORICAL_PAPER_SAMPLE""]"
PAPER:2026-08-22:KXMLBF7-26AUG222040MINSD-SD,2026-08-22,823261,MIN @ SD,KXMLBF7-26AUG222040MINSD-SD,,inning_result,,F7,Home,,,Home,PAPER_SPREAD_LEDGER,,,exact_ticker,53.0,,,53.0,50.5,,,,,,,,,61.792,53.0,8.792,,HIGH,PAPER_ONLY_REAL_MONEY_BLOCKED,SUPPORTED,,PENDING,,,,,,,,,,,,F7,,"[""NOT_YET_ACTIVATED_NO_HISTORICAL_PAPER_SAMPLE""]","{""alternateLine"": null, ""rank"": 66}",CLEAN,[],PAPER,False,5.0,,,"[""NOT_YET_ACTIVATED_NO_HISTORICAL_PAPER_SAMPLE""]"
PAPER:2026-08-22:KXMLBF7-26AUG222040MINSD-TIE,2026-08-22,823261,MIN @ SD,KXMLBF7-26AUG222040MINSD-TIE,,inning_result,,F7,Tie,,,Tie,PAPER_SPREAD_LEDGER,,,exact_ticker,12.0,,,12.0,10.5,,,,,,,,,16.831,12.0,4.831,,HIGH,PAPER_ONLY_REAL_MONEY_BLOCKED,SUPPORTED,,PENDING,,,,,,,,,,,,F7,,"[""NOT_YET_ACTIVATED_NO_HISTORICAL_PAPER_SAMPLE""]","{""alternateLine"": null, ""rank"": 140}",CLEAN,[],PAPER,False,5.0,,,"[""NOT_YET_ACTIVATED_NO_HISTORICAL_PAPER_SAMPLE""]"
PAPER:2026-08-22:KXMLBSPREAD-26AUG221335TORNYY-NYY2,2026-08-22,823509,TOR @ NYY,KXMLBSPREAD-26AUG221335TORNYY-NYY2,,winning_margin,,full_game,NYY,1.5,,NYY,PAPER_SPREAD_LEDGER,,,exact_ticker,3.0,,,3.0,2.5,,,,,,,,,21.084,3.0,18.084,,HIGH,PAPER_ONLY_REAL_MONEY_BLOCKED,SUPPORTED,,PENDING,,,,,,,,,,,,full_game,,"[""RULE_81""]","{""alternateLine"": false, ""rank"": 37}",CLEAN,[],PAPER,False,5.0,,,"[""RULE_81""]"
PAPER:2026-08-22:KXMLBSPREAD-26AUG221335TORNYY-NYY3,2026-08-22,823509,TOR @ NYY,KXMLBSPREAD-26AUG221335TORNYY-NYY3,,winning_margin,,full_game,NYY,2.5,,NYY,PAPER_SPREAD_LEDGER,,,exact_ticker,1.0,,,1.0,0.5,,,,,,,,,11.641,1.0,10.641,,HIGH,PAPER_ONLY_REAL_MONEY_BLOCKED,SUPPORTED,,PENDING,,,,,,,,,,,,full_game,,"[""RULE_81""]","{""alternateLine"": true, ""rank"": 84}",CLEAN,[],PAPER,False,5.0,,,"[""RULE_81""]"
PAPER:2026-08-22:KXMLBSPREAD-26AUG221335TORNYY-NYY4,2026-08-22,823509,TOR @ NYY,KXMLBSPREAD-26AUG221335TORNYY-NYY4,,winning_margin,,full_game,NYY,3.5,,NYY,PAPER_SPREAD_LEDGER,,,exact_ticker,1.0,,,1.0,0.5,,,,,,,,,5.739,1.0,4.739,,HIGH,PAPER_ONLY_REAL_MONEY_BLOCKED,SUPPORTED,,PENDING,,,,,,,,,,,,full_game,,"[""RULE_81""]","{""alternateLine"": true, ""rank"": 198}",CLEAN,[],PAPER,False,5.0,,,"[""RULE_81""]"
PAPER:2026-08-22:KXMLBSPREAD-26AUG221410ATLMIL-ATL2,2026-08-22,823743,ATL @ MIL,KXMLBSPREAD-26AUG221410ATLMIL-ATL2,,winning_margin,,full_game,ATL,1.5,,ATL,PAPER_SPREAD_LEDGER,,,exact_ticker,3.0,,,3.0,2.5,,,,,,,,,15.624,3.0,12.624,,HIGH,PAPER_ONLY_REAL_MONEY_BLOCKED,SUPPORTED,,PENDING,,,,,,,,,,,,full_game,,"[""RULE_81""]","{""alternateLine"": false, ""rank"": 71}",CLEAN,[],PAPER,False,5.0,,,"[""RULE_81""]"
PAPER:2026-08-22:KXMLBSPREAD-26AUG221410ATLMIL-ATL3,2026-08-22,823743,ATL @ MIL,KXMLBSPREAD-26AUG221410ATLMIL-ATL3,,winning_margin,,full_game,ATL,2.5,,ATL,PAPER_SPREAD_LEDGER,,,exact_ticker,2.0,,,2.0,1.5,,,,,,,,,8.505,2.0,6.505,,HIGH,PAPER_ONLY_REAL_MONEY_BLOCKED,SUPPORTED,,PENDING,,,,,,,,,,,,full_game,,"[""RULE_81""]","{""alternateLine"": true, ""rank"": 154}",CLEAN,[],PAPER,False,5.0,,,"[""RULE_81""]"
PAPER:2026-08-22:KXMLBSPREAD-26AUG221410ATLMIL-ATL4,2026-08-22,823743,ATL @ MIL,KXMLBSPREAD-26AUG221410ATLMIL-ATL4,,winning_margin,,full_game,ATL,3.5,,ATL,PAPER_SPREAD_LEDGER,,,exact_ticker,2.0,,,2.0,1.0,,,,,,,,,4.18,2.0,2.18,,MEDIUM,PAPER_ONLY_REAL_MONEY_BLOCKED,SUPPORTED,,PENDING,,,,,,,,,,,,full_game,,"[""RULE_81""]","{""alternateLine"": true, ""rank"": 260}",CLEAN,[],PAPER,False,5.0,,,"[""RULE_81""]"
PAPER:2026-08-22:KXMLBSPREAD-26AUG221410ATLMIL-MIL2,2026-08-22,823743,ATL @ MIL,KXMLBSPREAD-26AUG221410ATLMIL-MIL2,,winning_margin,,full_game,MIL,1.5,,MIL,PAPER_SPREAD_LEDGER,,,exact_ticker,42.0,,,42.0,41.5,,,,,,,,,46.788,42.0,4.788,,HIGH,PAPER_ONLY_REAL_MONEY_BLOCKED,SUPPORTED,,PENDING,,,,,,,,,,,,full_game,,"[""RULE_81""]","{""alternateLine"": false, ""rank"": 141}",CLEAN,[],PAPER,False,5.0,,,"[""RULE_81""]"
PAPER:2026-08-22:KXMLBSPREAD-26AUG221410ATLMIL-MIL3,2026-08-22,823743,ATL @ MIL,KXMLBSPREAD-26AUG221410ATLMIL-MIL3,,winning_margin,,full_game,MIL,2.5,,MIL,PAPER_SPREAD_LEDGER,,,exact_ticker,31.0,,,31.0,30.5,,,,,,,,,33.004,31.0,2.004,,MEDIUM,PAPER_ONLY_REAL_MONEY_BLOCKED,SUPPORTED,,PENDING,,,,,,,,,,,,full_game,,"[""RULE_81""]","{""alternateLine"": true, ""rank"": 205}",CLEAN,[],PAPER,False,5.0,,,"[""RULE_81""]"
PAPER:2026-08-22:KXMLBSPREAD-26AUG221410ATLMIL-MIL4,2026-08-22,823743,ATL @ MIL,KXMLBSPREAD-26AUG221410ATLMIL-MIL4,,winning_margin,,full_game,MIL,3.5,,MIL,PAPER_SPREAD_LEDGER,,,exact_ticker,20.0,,,20.0,19.5,,,,,,,,,21.351,20.0,1.351,,PAPER,PAPER_ONLY_REAL_MONEY_BLOCKED,SUPPORTED,,PENDING,,,,,,,,,,,,full_game,,"[""RULE_81""]","{""alternateLine"": true, ""rank"": 281}",CLEAN,[],PAPER,False,5.0,,,"[""RULE_81""]"
PAPER:2026-08-22:KXMLBSPREAD-26AUG221610WSHMIA-MIA2,2026-08-22,823831,WSH @ MIA,KXMLBSPREAD-26AUG221610WSHMIA-MIA2,,winning_margin,,full_game,MIA,1.5,,MIA,PAPER_SPREAD_LEDGER,,,exact_ticker,44.0,,,44.0,43.5,,,,,,,,,47.381,44.0,3.381,,HIGH,PAPER_ONLY_REAL_MONEY_BLOCKED,SUPPORTED,,PENDING,,,,,,,,,,,,full_game,,"[""RULE_81""]","{""alternateLine"": false, ""rank"": 182}",CLEAN,[],PAPER,False,5.0,,,"[""RULE_81""]"
PAPER:2026-08-22:KXMLBSPREAD-26AUG221610WSHMIA-MIA3,2026-08-22,823831,WSH @ MIA,KXMLBSPREAD-26AUG221610WSHMIA-MIA3,,winning_margin,,full_game,MIA,2.5,,MIA,PAPER_SPREAD_LEDGER,,,exact_ticker,33.0,,,33.0,32.5,,,,,,,,,34.055,33.0,1.055,,PAPER,PAPER_ONLY_REAL_MONEY_BLOCKED,SUPPORTED,,PENDING,,,,,,,,,,,,full_game,,"[""RULE_81""]","{""alternateLine"": true, ""rank"": 219}",CLEAN,[],PAPER,False,5.0,,,"[""RULE_81""]"
PAPER:2026-08-22:KXMLBSPREAD-26AUG221610WSHMIA-WSH2,2026-08-22,823831,WSH @ MIA,KXMLBSPREAD-26AUG221610WSHMIA-WSH2,,winning_margin,,full_game,WSH,1.5,,WSH,PAPER_SPREAD_LEDGER,,,exact_ticker,6.0,,,6.0,4.5,,,,,,,,,16.338,6.0,10.338,,HIGH,PAPER_ONLY_REAL_MONEY_BLOCKED,SUPPORTED,,PENDING,,,,,,,,,,,,full_game,,"[""RULE_81""]","{""alternateLine"": false, ""rank"": 58}",CLEAN,[],PAPER,False,5.0,,,"[""RULE_81""]"
PAPER:2026-08-22:KXMLBSPREAD-26AUG221610WSHMIA-WSH3,2026-08-22,823831,WSH @ MIA,KXMLBSPREAD-26AUG221610WSHMIA-WSH3,,winning_margin,,full_game,WSH,2.5,,WSH,PAPER_SPREAD_LEDGER,,,exact_ticker,3.0,,,3.0,2.5,,,,,,,,,9.207,3.0,6.207,,HIGH,PAPER_ONLY_REAL_MONEY_BLOCKED,SUPPORTED,,PENDING,,,,,,,,,,,,full_game,,"[""RULE_81""]","{""alternateLine"": true, ""rank"": 117}",CLEAN,[],PAPER,False,5.0,,,"[""RULE_81""]"
PAPER:2026-08-22:KXMLBSPREAD-26AUG221610WSHMIA-WSH4,2026-08-22,823831,WSH @ MIA,KXMLBSPREAD-26AUG221610WSHMIA-WSH4,,winning_margin,,full_game,WSH,3.5,,WSH,PAPER_SPREAD_LEDGER,,,exact_ticker,2.0,,,2.0,1.0,,,,,,,,,4.719,2.0,2.719,,MEDIUM,PAPER_ONLY_REAL_MONEY_BLOCKED,SUPPORTED,,PENDING,,,,,,,,,,,,full_game,,"[""RULE_81""]","{""alternateLine"": true, ""rank"": 183}",CLEAN,[],PAPER,False,5.0,,,"[""RULE_81""]"
PAPER:2026-08-22:KXMLBSPREAD-26AUG221805STLPHI-STL2,2026-08-22,823422,STL @ PHI,KXMLBSPREAD-26AUG221805STLPHI-STL2,,winning_margin,,full_game,STL,1.5,,STL,PAPER_SPREAD_LEDGER,,,exact_ticker,31.0,,,31.0,30.5,,,,,,,,,35.954,31.0,4.954,,HIGH,PAPER_ONLY_REAL_MONEY_BLOCKED,SUPPORTED,,PENDING,,,,,,,,,,,,full_game,,"[""RULE_81""]","{""alternateLine"": false, ""rank"": 192}",CLEAN,[],PAPER,False,5.0,,,"[""RULE_81""]"
PAPER:2026-08-22:KXMLBSPREAD-26AUG221805STLPHI-STL3,2026-08-22,823422,STL @ PHI,KXMLBSPREAD-26AUG221805STLPHI-STL3,,winning_margin,,full_game,STL,2.5,,STL,PAPER_SPREAD_LEDGER,,,exact_ticker,22.0,,,22.0,21.5,,,,,,,,,24.796,22.0,2.796,,MEDIUM,PAPER_ONLY_REAL_MONEY_BLOCKED,SUPPORTED,,PENDING,,,,,,,,,,,,full_game,,"[""RULE_81""]","{""alternateLine"": true, ""rank"": 248}",CLEAN,[],PAPER,False,5.0,,,"[""RULE_81""]"
PAPER:2026-08-22:KXMLBSPREAD-26AUG221910ATHHOU-ATH2,2026-08-22,824151,ATH @ HOU,KXMLBSPREAD-26AUG221910ATHHOU-ATH2,,winning_margin,,full_game,ATH,1.5,,ATH,PAPER_SPREAD_LEDGER,,,exact_ticker,22.0,,,22.0,21.5,,,,,,,,,29.404,22.0,7.404,,HIGH,PAPER_ONLY_REAL_MONEY_BLOCKED,SUPPORTED,,PENDING,,,,,,,,,,,,full_game,,"[""RULE_81""]","{""alternateLine"": false, ""rank"": 89}",CLEAN,[],PAPER,False,5.0,,,"[""RULE_81""]"
PAPER:2026-08-22:KXMLBSPREAD-26AUG221910ATHHOU-ATH3,2026-08-22,824151,ATH @ HOU,KXMLBSPREAD-26AUG221910ATHHOU-ATH3,,winning_margin,,full_game,ATH,2.5,,ATH,PAPER_SPREAD_LEDGER,,,exact_ticker,15.0,,,15.0,14.5,,,,,,,,,19.162,15.0,4.162,,HIGH,PAPER_ONLY_REAL_MONEY_BLOCKED,SUPPORTED,,PENDING,,,,,,,,,,,,full_game,,"[""RULE_81""]","{""alternateLine"": true, ""rank"": 159}",CLEAN,[],PAPER,False,5.0,,,"[""RULE_81""]"
PAPER:2026-08-22:KXMLBSPREAD-26AUG221910ATHHOU-ATH4,2026-08-22,824151,ATH @ HOU,KXMLBSPREAD-26AUG221910ATHHOU-ATH4,,winning_margin,,full_game,ATH,3.5,,ATH,PAPER_SPREAD_LEDGER,,,exact_ticker,10.0,,,10.0,9.5,,,,,,,,,11.514,10.0,1.514,,MEDIUM,PAPER_ONLY_REAL_MONEY_BLOCKED,SUPPORTED,,PENDING,,,,,,,,,,,,full_game,,"[""RULE_81""]","{""alternateLine"": true, ""rank"": 273}",CLEAN,[],PAPER,False,5.0,,,"[""RULE_81""]"
PAPER:2026-08-22:KXMLBSPREAD-26AUG222010CINAZ-AZ2,2026-08-22,825044,CIN @ AZ,KXMLBSPREAD-26AUG222010CINAZ-AZ2,,winning_margin,,full_game,AZ,1.5,,AZ,PAPER_SPREAD_LEDGER,,,exact_ticker,43.0,,,43.0,42.5,,,,,,,,,50.742,43.0,7.742,,HIGH,PAPER_ONLY_REAL_MONEY_BLOCKED,SUPPORTED,,PENDING,,,,,,,,,,,,full_game,,"[""RULE_81""]","{""alternateLine"": false, ""rank"": 81}",CLEAN,[],PAPER,False,5.0,,,"[""RULE_81""]"
PAPER:2026-08-22:KXMLBSPREAD-26AUG222010CINAZ-AZ3,2026-08-22,825044,CIN @ AZ,KXMLBSPREAD-26AUG222010CINAZ-AZ3,,winning_margin,,full_game,AZ,2.5,,AZ,PAPER_SPREAD_LEDGER,,,exact_ticker,31.0,,,31.0,30.5,,,,,,,,,36.397,31.0,5.397,,HIGH,PAPER_ONLY_REAL_MONEY_BLOCKED,SUPPORTED,,PENDING,,,,,,,,,,,,full_game,,"[""RULE_81""]","{""alternateLine"": true, ""rank"": 130}",CLEAN,[],PAPER,False,5.0,,,"[""RULE_81""]"
PAPER:2026-08-22:KXMLBSPREAD-26AUG222010CLECOL-COL2,2026-08-22,824316,CLE @ COL,KXMLBSPREAD-26AUG222010CLECOL-COL2,,winning_margin,,full_game,COL,1.5,,COL,PAPER_SPREAD_LEDGER,,,exact_ticker,29.0,,,29.0,28.5,,,,,,,,,35.933,29.0,6.933,,HIGH,PAPER_ONLY_REAL_MONEY_BLOCKED,SUPPORTED,,PENDING,,,,,,,,,,,,full_game,,"[""RULE_81""]","{""alternateLine"": false, ""rank"": 94}",CLEAN,[],PAPER,False,5.0,,,"[""RULE_81""]"
PAPER:2026-08-22:KXMLBSPREAD-26AUG222010CLECOL-COL3,2026-08-22,824316,CLE @ COL,KXMLBSPREAD-26AUG222010CLECOL-COL3,,winning_margin,,full_game,COL,2.5,,COL,PAPER_SPREAD_LEDGER,,,exact_ticker,21.0,,,21.0,20.5,,,,,,,,,24.181,21.0,3.181,,HIGH,PAPER_ONLY_REAL_MONEY_BLOCKED,SUPPORTED,,PENDING,,,,,,,,,,,,full_game,,"[""RULE_81""]","{""alternateLine"": true, ""rank"": 188}",CLEAN,[],PAPER,False,5.0,,,"[""RULE_81""]"
PAPER:2026-08-22:KXMLBSPREAD-26AUG222040MINSD-SD2,2026-08-22,823261,MIN @ SD,KXMLBSPREAD-26AUG222040MINSD-SD2,,winning_margin,,full_game,SD,1.5,,SD,PAPER_SPREAD_LEDGER,,,exact_ticker,39.0,,,39.0,38.5,,,,,,,,,48.442,39.0,9.442,,HIGH,PAPER_ONLY_REAL_MONEY_BLOCKED,SUPPORTED,,PENDING,,,,,,,,,,,,full_game,,"[""RULE_81""]","{""alternateLine"": false, ""rank"": 57}",CLEAN,[],PAPER,False,5.0,,,"[""RULE_81""]"
PAPER:2026-08-22:KXMLBSPREAD-26AUG222040MINSD-SD3,2026-08-22,823261,MIN @ SD,KXMLBSPREAD-26AUG222040MINSD-SD3,,winning_margin,,full_game,SD,2.5,,SD,PAPER_SPREAD_LEDGER,,,exact_ticker,30.0,,,30.0,29.5,,,,,,,,,34.478,30.0,4.478,,HIGH,PAPER_ONLY_REAL_MONEY_BLOCKED,SUPPORTED,,PENDING,,,,,,,,,,,,full_game,,"[""RULE_81""]","{""alternateLine"": true, ""rank"": 150}",CLEAN,[],PAPER,False,5.0,,,"[""RULE_81""]"
PAPER:2026-08-22:KXMLBSPREAD-26AUG222040MINSD-SD4,2026-08-22,823261,MIN @ SD,KXMLBSPREAD-26AUG222040MINSD-SD4,,winning_margin,,full_game,SD,3.5,,SD,PAPER_SPREAD_LEDGER,,,exact_ticker,21.0,,,21.0,20.5,,,,,,,,,22.513,21.0,1.513,,MEDIUM,PAPER_ONLY_REAL_MONEY_BLOCKED,SUPPORTED,,PENDING,,,,,,,,,,,,full_game,,"[""RULE_81""]","{""alternateLine"": true, ""rank"": 274}",CLEAN,[],PAPER,False,5.0,,,"[""RULE_81""]"
PAPER:2026-08-23:KXMLBF3-26AUG231335STLPHI-STL,2026-08-23,823421,STL @ PHI,KXMLBF3-26AUG231335STLPHI-STL,,inning_result,,F3,Away,,,Away,PAPER_SPREAD_LEDGER,,,exact_ticker,27.0,,,27.0,26.5,,,,,,,,,29.085,27.0,2.085,,MEDIUM,PAPER_ONLY_REAL_MONEY_BLOCKED,SUPPORTED,,PENDING,,,,,,,,,,,,F3,,"[""NOT_YET_ACTIVATED_NO_HISTORICAL_PAPER_SAMPLE""]","{""alternateLine"": null, ""rank"": 237}",CLEAN,[],PAPER,False,5.0,,,"[""NOT_YET_ACTIVATED_NO_HISTORICAL_PAPER_SAMPLE""]"
PAPER:2026-08-23:KXMLBF3-26AUG231335STLPHI-TIE,2026-08-23,823421,STL @ PHI,KXMLBF3-26AUG231335STLPHI-TIE,,inning_result,,F3,Tie,,,Tie,PAPER_SPREAD_LEDGER,,,exact_ticker,26.0,,,26.0,25.5,,,,,,,,,27.964,26.0,1.964,,MEDIUM,PAPER_ONLY_REAL_MONEY_BLOCKED,SUPPORTED,,PENDING,,,,,,,,,,,,F3,,"[""NOT_YET_ACTIVATED_NO_HISTORICAL_PAPER_SAMPLE""]","{""alternateLine"": null, ""rank"": 240}",CLEAN,[],PAPER,False,5.0,,,"[""NOT_YET_ACTIVATED_NO_HISTORICAL_PAPER_SAMPLE""]"
PAPER:2026-08-23:KXMLBF3-26AUG231335TBBAL-BAL,2026-08-23,824799,TB @ BAL,KXMLBF3-26AUG231335TBBAL-BAL,,inning_result,,F3,Home,,,Home,PAPER_SPREAD_LEDGER,,,exact_ticker,40.0,,,40.0,39.0,,,,,,,,,42.269,40.0,2.269,,MEDIUM,PAPER_ONLY_REAL_MONEY_BLOCKED,SUPPORTED,,PENDING,,,,,,,,,,,,F3,,"[""NOT_YET_ACTIVATED_NO_HISTORICAL_PAPER_SAMPLE""]","{""alternateLine"": null, ""rank"": 235}",CLEAN,[],PAPER,False,5.0,,,"[""NOT_YET_ACTIVATED_NO_HISTORICAL_PAPER_SAMPLE""]"
PAPER:2026-08-23:KXMLBF3-26AUG231335TBBAL-TIE,2026-08-23,824799,TB @ BAL,KXMLBF3-26AUG231335TBBAL-TIE,,inning_result,,F3,Tie,,,Tie,PAPER_SPREAD_LEDGER,,,exact_ticker,23.0,,,23.0,22.5,,,,,,,,,27.347,23.0,4.347,,HIGH,PAPER_ONLY_REAL_MONEY_BLOCKED,SUPPORTED,,PENDING,,,,,,,,,,,,F3,,"[""NOT_YET_ACTIVATED_NO_HISTORICAL_PAPER_SAMPLE""]","{""alternateLine"": null, ""rank"": 177}",CLEAN,[],PAPER,False,5.0,,,"[""NOT_YET_ACTIVATED_NO_HISTORICAL_PAPER_SAMPLE""]"
PAPER:2026-08-23:KXMLBF3-26AUG231335TORNYY-TIE,2026-08-23,823507,TOR @ NYY,KXMLBF3-26AUG231335TORNYY-TIE,,inning_result,,F3,Tie,,,Tie,PAPER_SPREAD_LEDGER,,,exact_ticker,26.0,,,26.0,25.5,,,,,,,,,27.916,26.0,1.916,,MEDIUM,PAPER_ONLY_REAL_MONEY_BLOCKED,SUPPORTED,,PENDING,,,,,,,,,,,,F3,,"[""NOT_YET_ACTIVATED_NO_HISTORICAL_PAPER_SAMPLE""]","{""alternateLine"": null, ""rank"": 241}",CLEAN,[],PAPER,False,5.0,,,"[""NOT_YET_ACTIVATED_NO_HISTORICAL_PAPER_SAMPLE""]"
PAPER:2026-08-23:KXMLBF3-26AUG231335TORNYY-TOR,2026-08-23,823507,TOR @ NYY,KXMLBF3-26AUG231335TORNYY-TOR,,inning_result,,F3,Away,,,Away,PAPER_SPREAD_LEDGER,,,exact_ticker,34.0,,,34.0,33.5,,,,,,,,,35.578,34.0,1.578,,MEDIUM,PAPER_ONLY_REAL_MONEY_BLOCKED,SUPPORTED,,PENDING,,,,,,,,,,,,F3,,"[""NOT_YET_ACTIVATED_NO_HISTORICAL_PAPER_SAMPLE""]","{""alternateLine"": null, ""rank"": 257}",CLEAN,[],PAPER,False,5.0,,,"[""NOT_YET_ACTIVATED_NO_HISTORICAL_PAPER_SAMPLE""]"
PAPER:2026-08-23:KXMLBF3-26AUG231340WSHMIA-MIA,2026-08-23,823827,WSH @ MIA,KXMLBF3-26AUG231340WSHMIA-MIA,,inning_result,,F3,Home,,,Home,PAPER_SPREAD_LEDGER,,,exact_ticker,43.0,,,43.0,42.5,,,,,,,,,49.134,43.0,6.134,,HIGH,PAPER_ONLY_REAL_MONEY_BLOCKED,SUPPORTED,,PENDING,,,,,,,,,,,,F3,,"[""NOT_YET_ACTIVATED_NO_HISTORICAL_PAPER_SAMPLE""]","{""alternateLine"": null, ""rank"": 142}",CLEAN,[],PAPER,False,5.0,,,"[""NOT_YET_ACTIVATED_NO_HISTORICAL_PAPER_SAMPLE""]"
PAPER:2026-08-23:KXMLBF3-26AUG231410DETKC-KC,2026-08-23,824071,DET @ KC,KXMLBF3-26AUG231410DETKC-KC,,inning_result,,F3,Home,,,Home,PAPER_SPREAD_LEDGER,,,exact_ticker,40.0,,,40.0,38.5,,,,,,,,,83.254,40.0,43.254,,HIGH,PAPER_ONLY_REAL_MONEY_BLOCKED,SUPPORTED,,PENDING,,,,,,,,,,,,F3,,"[""NOT_YET_ACTIVATED_NO_HISTORICAL_PAPER_SAMPLE""]","{""alternateLine"": null, ""rank"": 4}",CLEAN,[],PAPER,False,5.0,,,"[""NOT_YET_ACTIVATED_NO_HISTORICAL_PAPER_SAMPLE""]"
PAPER:2026-08-23:KXMLBF3-26AUG231410NYMCWS-CWS,2026-08-23,824558,NYM @ CWS,KXMLBF3-26AUG231410NYMCWS-CWS,,inning_result,,F3,Home,,,Home,PAPER_SPREAD_LEDGER,,,exact_ticker,36.0,,,36.0,35.0,,,,,,,,,68.105,36.0,32.105,,HIGH,PAPER_ONLY_REAL_MONEY_BLOCKED,SUPPORTED,,PENDING,,,,,,,,,,,,F3,,"[""NOT_YET_ACTIVATED_NO_HISTORICAL_PAPER_SAMPLE""]","{""alternateLine"": null, ""rank"": 7}",CLEAN,[],PAPER,False,5.0,,,"[""NOT_YET_ACTIVATED_NO_HISTORICAL_PAPER_SAMPLE""]"
PAPER:2026-08-23:KXMLBF3-26AUG231410NYMCWS-TIE,2026-08-23,824558,NYM @ CWS,KXMLBF3-26AUG231410NYMCWS-TIE,,inning_result,,F3,Tie,,,Tie,PAPER_SPREAD_LEDGER,,,exact_ticker,26.0,,,26.0,25.5,,,,,,,,,31.832,26.0,5.832,,HIGH,PAPER_ONLY_REAL_MONEY_BLOCKED,SUPPORTED,,PENDING,,,,,,,,,,,,F3,,"[""NOT_YET_ACTIVATED_NO_HISTORICAL_PAPER_SAMPLE""]","{""alternateLine"": null, ""rank"": 149}",CLEAN,[],PAPER,False,5.0,,,"[""NOT_YET_ACTIVATED_NO_HISTORICAL_PAPER_SAMPLE""]"
PAPER:2026-08-23:KXMLBF3-26AUG231435LAATEX-LAA,2026-08-23,822856,LAA @ TEX,KXMLBF3-26AUG231435LAATEX-LAA,,inning_result,,F3,Away,,,Away,PAPER_SPREAD_LEDGER,,,exact_ticker,35.0,,,35.0,33.5,,,,,,,,,43.195,35.0,8.195,,HIGH,PAPER_ONLY_REAL_MONEY_BLOCKED,SUPPORTED,,PENDING,,,,,,,,,,,,F3,,"[""NOT_YET_ACTIVATED_NO_HISTORICAL_PAPER_SAMPLE""]","{""alternateLine"": null, ""rank"": 114}",CLEAN,[],PAPER,False,5.0,,,"[""NOT_YET_ACTIVATED_NO_HISTORICAL_PAPER_SAMPLE""]"
PAPER:2026-08-23:KXMLBF3-26AUG231435LAATEX-TIE,2026-08-23,822856,LAA @ TEX,KXMLBF3-26AUG231435LAATEX-TIE,,inning_result,,F3,Tie,,,Tie,PAPER_SPREAD_LEDGER,,,exact_ticker,26.0,,,26.0,25.5,,,,,,,,,27.742,26.0,1.742,,MEDIUM,PAPER_ONLY_REAL_MONEY_BLOCKED,SUPPORTED,,PENDING,,,,,,,,,,,,F3,,"[""NOT_YET_ACTIVATED_NO_HISTORICAL_PAPER_SAMPLE""]","{""alternateLine"": null, ""rank"": 248}",CLEAN,[],PAPER,False,5.0,,,"[""NOT_YET_ACTIVATED_NO_HISTORICAL_PAPER_SAMPLE""]"
PAPER:2026-08-23:KXMLBF3-26AUG231510CLECOL-TIE,2026-08-23,824315,CLE @ COL,KXMLBF3-26AUG231510CLECOL-TIE,,inning_result,,F3,Tie,,,Tie,PAPER_SPREAD_LEDGER,,,exact_ticker,20.0,,,20.0,19.5,,,,,,,,,22.789,20.0,2.789,,MEDIUM,PAPER_ONLY_REAL_MONEY_BLOCKED,SUPPORTED,,PENDING,,,,,,,,,,,,F3,,"[""NOT_YET_ACTIVATED_NO_HISTORICAL_PAPER_SAMPLE""]","{""alternateLine"": null, ""rank"": 220}",CLEAN,[],PAPER,False,5.0,,,"[""NOT_YET_ACTIVATED_NO_HISTORICAL_PAPER_SAMPLE""]"
PAPER:2026-08-23:KXMLBF3-26AUG231515SFBOS-SF,2026-08-23,824720,SF @ BOS,KXMLBF3-26AUG231515SFBOS-SF,,inning_result,,F3,Away,,,Away,PAPER_SPREAD_LEDGER,,,exact_ticker,28.0,,,28.0,27.5,,,,,,,,,60.485,28.0,32.485,,HIGH,PAPER_ONLY_REAL_MONEY_BLOCKED,SUPPORTED,,PENDING,,,,,,,,,,,,F3,,"[""NOT_YET_ACTIVATED_NO_HISTORICAL_PAPER_SAMPLE""]","{""alternateLine"": null, ""rank"": 6}",CLEAN,[],PAPER,False,5.0,,,"[""NOT_YET_ACTIVATED_NO_HISTORICAL_PAPER_SAMPLE""]"
PAPER:2026-08-23:KXMLBF3-26AUG231515SFBOS-TIE,2026-08-23,824720,SF @ BOS,KXMLBF3-26AUG231515SFBOS-TIE,,inning_result,,F3,Tie,,,Tie,PAPER_SPREAD_LEDGER,,,exact_ticker,26.0,,,26.0,25.5,,,,,,,,,39.24,26.0,13.24,,HIGH,PAPER_ONLY_REAL_MONEY_BLOCKED,SUPPORTED,,PENDING,,,,,,,,,,,,F3,,"[""NOT_YET_ACTIVATED_NO_HISTORICAL_PAPER_SAMPLE""]","{""alternateLine"": null, ""rank"": 52}",CLEAN,[],PAPER,False,5.0,,,"[""NOT_YET_ACTIVATED_NO_HISTORICAL_PAPER_SAMPLE""]"
PAPER:2026-08-23:KXMLBF3-26AUG231610CHCSEA-SEA,2026-08-23,823099,CHC @ SEA,KXMLBF3-26AUG231610CHCSEA-SEA,,inning_result,,F3,Home,,,Home,PAPER_SPREAD_LEDGER,,,exact_ticker,34.0,,,34.0,33.5,,,,,,,,,38.76,34.0,4.76,,HIGH,PAPER_ONLY_REAL_MONEY_BLOCKED,SUPPORTED,,PENDING,,,,,,,,,,,,F3,,"[""NOT_YET_ACTIVATED_NO_HISTORICAL_PAPER_SAMPLE""]","{""alternateLine"": null, ""rank"": 166}",CLEAN,[],PAPER,False,5.0,,,"[""NOT_YET_ACTIVATED_NO_HISTORICAL_PAPER_SAMPLE""]"
PAPER:2026-08-23:KXMLBF3-26AUG231610MINSD-SD,2026-08-23,823258,MIN @ SD,KXMLBF3-26AUG231610MINSD-SD,,inning_result,,F3,Home,,,Home,PAPER_SPREAD_LEDGER,,,exact_ticker,41.0,,,41.0,40.5,,,,,,,,,42.454,41.0,1.454,,PAPER,PAPER_ONLY_REAL_MONEY_BLOCKED,SUPPORTED,,PENDING,,,,,,,,,,,,F3,,"[""NOT_YET_ACTIVATED_NO_HISTORICAL_PAPER_SAMPLE""]","{""alternateLine"": null, ""rank"": 259}",CLEAN,[],PAPER,False,5.0,,,"[""NOT_YET_ACTIVATED_NO_HISTORICAL_PAPER_SAMPLE""]"
PAPER:2026-08-23:KXMLBF3-26AUG231610MINSD-TIE,2026-08-23,823258,MIN @ SD,KXMLBF3-26AUG231610MINSD-TIE,,inning_result,,F3,Tie,,,Tie,PAPER_SPREAD_LEDGER,,,exact_ticker,23.0,,,23.0,22.0,,,,,,,,,24.718,23.0,1.718,,MEDIUM,PAPER_ONLY_REAL_MONEY_BLOCKED,SUPPORTED,,PENDING,,,,,,,,,,,,F3,,"[""NOT_YET_ACTIVATED_NO_HISTORICAL_PAPER_SAMPLE""]","{""alternateLine"": null, ""rank"": 250}",CLEAN,[],PAPER,False,5.0,,,"[""NOT_YET_ACTIVATED_NO_HISTORICAL_PAPER_SAMPLE""]"
PAPER:2026-08-23:KXMLBF3-26AUG231610PITLAD-TIE,2026-08-23,823909,PIT @ LAD,KXMLBF3-26AUG231610PITLAD-TIE,,inning_result,,F3,Tie,,,Tie,PAPER_SPREAD_LEDGER,,,exact_ticker,24.0,,,24.0,22.5,,,,,,,,,25.507,24.0,1.507,,MEDIUM,PAPER_ONLY_REAL_MONEY_BLOCKED,SUPPORTED,,PENDING,,,,,,,,,,,,F3,,"[""NOT_YET_ACTIVATED_NO_HISTORICAL_PAPER_SAMPLE""]","{""alternateLine"": null, ""rank"": 258}",CLEAN,[],PAPER,False,5.0,,,"[""NOT_YET_ACTIVATED_NO_HISTORICAL_PAPER_SAMPLE""]"
PAPER:2026-08-23:KXMLBF3-26AUG231615CINAZ-CIN,2026-08-23,825043,CIN @ AZ,KXMLBF3-26AUG231615CINAZ-CIN,,inning_result,,F3,Away,,,Away,PAPER_SPREAD_LEDGER,,,exact_ticker,37.0,,,37.0,36.5,,,,,,,,,41.467,37.0,4.467,,HIGH,PAPER_ONLY_REAL_MONEY_BLOCKED,SUPPORTED,,PENDING,,,,,,,,,,,,F3,,"[""NOT_YET_ACTIVATED_NO_HISTORICAL_PAPER_SAMPLE""]","{""alternateLine"": null, ""rank"": 175}",CLEAN,[],PAPER,False,5.0,,,"[""NOT_YET_ACTIVATED_NO_HISTORICAL_PAPER_SAMPLE""]"
PAPER:2026-08-23:KXMLBF3-26AUG231615CINAZ-TIE,2026-08-23,825043,CIN @ AZ,KXMLBF3-26AUG231615CINAZ-TIE,,inning_result,,F3,Tie,,,Tie,PAPER_SPREAD_LEDGER,,,exact_ticker,22.0,,,22.0,21.5,,,,,,,,,23.119,22.0,1.119,,PAPER,PAPER_ONLY_REAL_MONEY_BLOCKED,SUPPORTED,,PENDING,,,,,,,,,,,,F3,,"[""NOT_YET_ACTIVATED_NO_HISTORICAL_PAPER_SAMPLE""]","{""alternateLine"": null, ""rank"": 267}",CLEAN,[],PAPER,False,5.0,,,"[""NOT_YET_ACTIVATED_NO_HISTORICAL_PAPER_SAMPLE""]"
PAPER:2026-08-23:KXMLBF3-26AUG231910ATLMIL-MIL,2026-08-23,823745,ATL @ MIL,KXMLBF3-26AUG231910ATLMIL-MIL,,inning_result,,F3,Home,,,Home,PAPER_SPREAD_LEDGER,,,exact_ticker,40.0,,,40.0,38.5,,,,,,,,,50.155,40.0,10.155,,HIGH,PAPER_ONLY_REAL_MONEY_BLOCKED,SUPPORTED,,PENDING,,,,,,,,,,,,F3,,"[""NOT_YET_ACTIVATED_NO_HISTORICAL_PAPER_SAMPLE""]","{""alternateLine"": null, ""rank"": 88}",CLEAN,[],PAPER,False,5.0,,,"[""NOT_YET_ACTIVATED_NO_HISTORICAL_PAPER_SAMPLE""]"
PAPER:2026-08-23:KXMLBF5SPREAD-26AUG231335STLPHI-PHI2,2026-08-23,823421,STL @ PHI,KXMLBF5SPREAD-26AUG231335STLPHI-PHI2,,winning_margin,,F5,PHI,1.5,,PHI,PAPER_SPREAD_LEDGER,,,exact_ticker,3.0,,,3.0,2.5,,,,,,,,,28.883,3.0,25.883,,HIGH,PAPER_ONLY_REAL_MONEY_BLOCKED,SUPPORTED,,PENDING,,,,,,,,,,,,F5,,"[""NOT_YET_ACTIVATED_NO_HISTORICAL_PAPER_SAMPLE""]","{""alternateLine"": false, ""rank"": 34}",CLEAN,[],PAPER,False,5.0,,,"[""NOT_YET_ACTIVATED_NO_HISTORICAL_PAPER_SAMPLE""]"
PAPER:2026-08-23:KXMLBF5SPREAD-26AUG231335STLPHI-PHI3,2026-08-23,823421,STL @ PHI,KXMLBF5SPREAD-26AUG231335STLPHI-PHI3,,winning_margin,,F5,PHI,2.5,,PHI,PAPER_SPREAD_LEDGER,,,exact_ticker,2.0,,,2.0,1.5,,,,,,,,,14.33,2.0,12.33,,HIGH,PAPER_ONLY_REAL_MONEY_BLOCKED,SUPPORTED,,PENDING,,,,,,,,,,,,F5,,"[""NOT_YET_ACTIVATED_NO_HISTORICAL_PAPER_SAMPLE""]","{""alternateLine"": true, ""rank"": 106}",CLEAN,[],PAPER,False,5.0,,,"[""NOT_YET_ACTIVATED_NO_HISTORICAL_PAPER_SAMPLE""]"
PAPER:2026-08-23:KXMLBF5SPREAD-26AUG231335TBBAL-BAL2,2026-08-23,824799,TB @ BAL,KXMLBF5SPREAD-26AUG231335TBBAL-BAL2,,winning_margin,,F5,BAL,1.5,,BAL,PAPER_SPREAD_LEDGER,,,exact_ticker,11.0,,,11.0,10.5,,,,,,,,,28.283,11.0,17.283,,HIGH,PAPER_ONLY_REAL_MONEY_BLOCKED,SUPPORTED,,PENDING,,,,,,,,,,,,F5,,"[""NOT_YET_ACTIVATED_NO_HISTORICAL_PAPER_SAMPLE""]","{""alternateLine"": false, ""rank"": 72}",CLEAN,[],PAPER,False,5.0,,,"[""NOT_YET_ACTIVATED_NO_HISTORICAL_PAPER_SAMPLE""]"
PAPER:2026-08-23:KXMLBF5SPREAD-26AUG231335TBBAL-BAL3,2026-08-23,824799,TB @ BAL,KXMLBF5SPREAD-26AUG231335TBBAL-BAL3,,winning_margin,,F5,BAL,2.5,,BAL,PAPER_SPREAD_LEDGER,,,exact_ticker,5.0,,,5.0,4.5,,,,,,,,,14.152,5.0,9.152,,HIGH,PAPER_ONLY_REAL_MONEY_BLOCKED,SUPPORTED,,PENDING,,,,,,,,,,,,F5,,"[""NOT_YET_ACTIVATED_NO_HISTORICAL_PAPER_SAMPLE""]","{""alternateLine"": true, ""rank"": 141}",CLEAN,[],PAPER,False,5.0,,,"[""NOT_YET_ACTIVATED_NO_HISTORICAL_PAPER_SAMPLE""]"
PAPER:2026-08-23:KXMLBF5SPREAD-26AUG231335TBBAL-TB2,2026-08-23,824799,TB @ BAL,KXMLBF5SPREAD-26AUG231335TBBAL-TB2,,winning_margin,,F5,TB,1.5,,TB,PAPER_SPREAD_LEDGER,,,exact_ticker,10.0,,,10.0,9.5,,,,,,,,,16.203,10.0,6.203,,HIGH,PAPER_ONLY_REAL_MONEY_BLOCKED,SUPPORTED,,PENDING,,,,,,,,,,,,F5,,"[""NOT_YET_ACTIVATED_NO_HISTORICAL_PAPER_SAMPLE""]","{""alternateLine"": false, ""rank"": 172}",CLEAN,[],PAPER,False,5.0,,,"[""NOT_YET_ACTIVATED_NO_HISTORICAL_PAPER_SAMPLE""]"
PAPER:2026-08-23:KXMLBF5SPREAD-26AUG231335TBBAL-TB3,2026-08-23,824799,TB @ BAL,KXMLBF5SPREAD-26AUG231335TBBAL-TB3,,winning_margin,,F5,TB,2.5,,TB,PAPER_SPREAD_LEDGER,,,exact_ticker,5.0,,,5.0,4.5,,,,,,,,,6.816,5.0,1.816,,MEDIUM,PAPER_ONLY_REAL_MONEY_BLOCKED,SUPPORTED,,PENDING,,,,,,,,,,,,F5,,"[""NOT_YET_ACTIVATED_NO_HISTORICAL_PAPER_SAMPLE""]","{""alternateLine"": true, ""rank"": 259}",CLEAN,[],PAPER,False,5.0,,,"[""NOT_YET_ACTIVATED_NO_HISTORICAL_PAPER_SAMPLE""]"
PAPER:2026-08-23:KXMLBF5SPREAD-26AUG231335TORNYY-TOR2,2026-08-23,823507,TOR @ NYY,KXMLBF5SPREAD-26AUG231335TORNYY-TOR2,,winning_margin,,F5,TOR,1.5,,TOR,PAPER_SPREAD_LEDGER,,,exact_ticker,13.0,,,13.0,11.5,,,,,,,,,21.14,13.0,8.14,,HIGH,PAPER_ONLY_REAL_MONEY_BLOCKED,SUPPORTED,,PENDING,,,,,,,,,,,,F5,,"[""NOT_YET_ACTIVATED_NO_HISTORICAL_PAPER_SAMPLE""]","{""alternateLine"": true, ""rank"": 156}",CLEAN,[],PAPER,False,5.0,,,"[""NOT_YET_ACTIVATED_NO_HISTORICAL_PAPER_SAMPLE""]"
PAPER:2026-08-23:KXMLBF5SPREAD-26AUG231340WSHMIA-WSH2,2026-08-23,823827,WSH @ MIA,KXMLBF5SPREAD-26AUG231340WSHMIA-WSH2,,winning_margin,,F5,WSH,1.5,,WSH,PAPER_SPREAD_LEDGER,,,exact_ticker,8.0,,,8.0,7.5,,,,,,,,,21.744,8.0,13.744,,HIGH,PAPER_ONLY_REAL_MONEY_BLOCKED,SUPPORTED,,PENDING,,,,,,,,,,,,F5,,"[""NOT_YET_ACTIVATED_NO_HISTORICAL_PAPER_SAMPLE""]","{""alternateLine"": false, ""rank"": 92}",CLEAN,[],PAPER,False,5.0,,,"[""NOT_YET_ACTIVATED_NO_HISTORICAL_PAPER_SAMPLE""]"
PAPER:2026-08-23:KXMLBF5SPREAD-26AUG231340WSHMIA-WSH3,2026-08-23,823827,WSH @ MIA,KXMLBF5SPREAD-26AUG231340WSHMIA-WSH3,,winning_margin,,F5,WSH,2.5,,WSH,PAPER_SPREAD_LEDGER,,,exact_ticker,4.0,,,4.0,3.5,,,,,,,,,10.261,4.0,6.261,,HIGH,PAPER_ONLY_REAL_MONEY_BLOCKED,SUPPORTED,,PENDING,,,,,,,,,,,,F5,,"[""NOT_YET_ACTIVATED_NO_HISTORICAL_PAPER_SAMPLE""]","{""alternateLine"": true, ""rank"": 170}",CLEAN,[],PAPER,False,5.0,,,"[""NOT_YET_ACTIVATED_NO_HISTORICAL_PAPER_SAMPLE""]"
PAPER:2026-08-23:KXMLBF5SPREAD-26AUG231410ATHHOU-ATH2,2026-08-23,824150,ATH @ HOU,KXMLBF5SPREAD-26AUG231410ATHHOU-ATH2,,winning_margin,,F5,ATH,1.5,,ATH,PAPER_SPREAD_LEDGER,,,exact_ticker,23.0,,,23.0,22.5,,,,,,,,,34.698,23.0,11.698,,HIGH,PAPER_ONLY_REAL_MONEY_BLOCKED,SUPPORTED,,PENDING,,,,,,,,,,,,F5,,"[""NOT_YET_ACTIVATED_NO_HISTORICAL_PAPER_SAMPLE""]","{""alternateLine"": false, ""rank"": 70}",CLEAN,[],PAPER,False,5.0,,,"[""NOT_YET_ACTIVATED_NO_HISTORICAL_PAPER_SAMPLE""]"
PAPER:2026-08-23:KXMLBF5SPREAD-26AUG231410ATHHOU-ATH3,2026-08-23,824150,ATH @ HOU,KXMLBF5SPREAD-26AUG231410ATHHOU-ATH3,,winning_margin,,F5,ATH,2.5,,ATH,PAPER_SPREAD_LEDGER,,,exact_ticker,15.0,,,15.0,14.5,,,,,,,,,17.35,15.0,2.35,,MEDIUM,PAPER_ONLY_REAL_MONEY_BLOCKED,SUPPORTED,,PENDING,,,,,,,,,,,,F5,,"[""NOT_YET_ACTIVATED_NO_HISTORICAL_PAPER_SAMPLE""]","{""alternateLine"": true, ""rank"": 231}",CLEAN,[],PAPER,False,5.0,,,"[""NOT_YET_ACTIVATED_NO_HISTORICAL_PAPER_SAMPLE""]"
PAPER:2026-08-23:KXMLBF5SPREAD-26AUG231410DETKC-KC2,2026-08-23,824071,DET @ KC,KXMLBF5SPREAD-26AUG231410DETKC-KC2,,winning_margin,,F5,KC,1.5,,KC,PAPER_SPREAD_LEDGER,,,exact_ticker,29.0,,,29.0,28.5,,,,,,,,,54.058,29.0,25.058,,HIGH,PAPER_ONLY_REAL_MONEY_BLOCKED,SUPPORTED,,PENDING,,,,,,,,,,,,F5,,"[""NOT_YET_ACTIVATED_NO_HISTORICAL_PAPER_SAMPLE""]","{""alternateLine"": false, ""rank"": 15}",CLEAN,[],PAPER,False,5.0,,,"[""NOT_YET_ACTIVATED_NO_HISTORICAL_PAPER_SAMPLE""]"
PAPER:2026-08-23:KXMLBF5SPREAD-26AUG231410DETKC-KC3,2026-08-23,824071,DET @ KC,KXMLBF5SPREAD-26AUG231410DETKC-KC3,,winning_margin,,F5,KC,2.5,,KC,PAPER_SPREAD_LEDGER,,,exact_ticker,19.0,,,19.0,18.5,,,,,,,,,34.543,19.0,15.543,,HIGH,PAPER_ONLY_REAL_MONEY_BLOCKED,SUPPORTED,,PENDING,,,,,,,,,,,,F5,,"[""NOT_YET_ACTIVATED_NO_HISTORICAL_PAPER_SAMPLE""]","{""alternateLine"": true, ""rank"": 38}",CLEAN,[],PAPER,False,5.0,,,"[""NOT_YET_ACTIVATED_NO_HISTORICAL_PAPER_SAMPLE""]"
PAPER:2026-08-23:KXMLBF5SPREAD-26AUG231410NYMCWS-CWS2,2026-08-23,824558,NYM @ CWS,KXMLBF5SPREAD-26AUG231410NYMCWS-CWS2,,winning_margin,,F5,CWS,1.5,,CWS,PAPER_SPREAD_LEDGER,,,exact_ticker,25.0,,,25.0,24.5,,,,,,,,,31.082,25.0,6.082,,HIGH,PAPER_ONLY_REAL_MONEY_BLOCKED,SUPPORTED,,PENDING,,,,,,,,,,,,F5,,"[""NOT_YET_ACTIVATED_NO_HISTORICAL_PAPER_SAMPLE""]","{""alternateLine"": false, ""rank"": 144}",CLEAN,[],PAPER,False,5.0,,,"[""NOT_YET_ACTIVATED_NO_HISTORICAL_PAPER_SAMPLE""]"
PAPER:2026-08-23:KXMLBF5SPREAD-26AUG231435LAATEX-LAA2,2026-08-23,822856,LAA @ TEX,KXMLBF5SPREAD-26AUG231435LAATEX-LAA2,,winning_margin,,F5,LAA,1.5,,LAA,PAPER_SPREAD_LEDGER,,,exact_ticker,23.0,,,23.0,22.5,,,,,,,,,29.276,23.0,6.276,,HIGH,PAPER_ONLY_REAL_MONEY_BLOCKED,SUPPORTED,,PENDING,,,,,,,,,,,,F5,,"[""NOT_YET_ACTIVATED_NO_HISTORICAL_PAPER_SAMPLE""]","{""alternateLine"": false, ""rank"": 141}",CLEAN,[],PAPER,False,5.0,,,"[""NOT_YET_ACTIVATED_NO_HISTORICAL_PAPER_SAMPLE""]"
PAPER:2026-08-23:KXMLBF5SPREAD-26AUG231515SFBOS-SF2,2026-08-23,824720,SF @ BOS,KXMLBF5SPREAD-26AUG231515SFBOS-SF2,,winning_margin,,F5,SF,1.5,,SF,PAPER_SPREAD_LEDGER,,,exact_ticker,19.0,,,19.0,18.5,,,,,,,,,23.146,19.0,4.146,,HIGH,PAPER_ONLY_REAL_MONEY_BLOCKED,SUPPORTED,,PENDING,,,,,,,,,,,,F5,,"[""NOT_YET_ACTIVATED_NO_HISTORICAL_PAPER_SAMPLE""]","{""alternateLine"": false, ""rank"": 183}",CLEAN,[],PAPER,False,5.0,,,"[""NOT_YET_ACTIVATED_NO_HISTORICAL_PAPER_SAMPLE""]"
PAPER:2026-08-23:KXMLBF5SPREAD-26AUG231610PITLAD-PIT2,2026-08-23,823909,PIT @ LAD,KXMLBF5SPREAD-26AUG231610PITLAD-PIT2,,winning_margin,,F5,PIT,1.5,,PIT,PAPER_SPREAD_LEDGER,,,exact_ticker,16.0,,,16.0,15.0,,,,,,,,,19.49,16.0,3.49,,HIGH,PAPER_ONLY_REAL_MONEY_BLOCKED,SUPPORTED,,PENDING,,,,,,,,,,,,F5,,"[""NOT_YET_ACTIVATED_NO_HISTORICAL_PAPER_SAMPLE""]","{""alternateLine"": false, ""rank"": 202}",CLEAN,[],PAPER,False,5.0,,,"[""NOT_YET_ACTIVATED_NO_HISTORICAL_PAPER_SAMPLE""]"
PAPER:2026-08-23:KXMLBF5SPREAD-26AUG231910ATLMIL-MIL2,2026-08-23,823745,ATL @ MIL,KXMLBF5SPREAD-26AUG231910ATLMIL-MIL2,,winning_margin,,F5,MIL,1.5,,MIL,PAPER_SPREAD_LEDGER,,,exact_ticker,30.0,,,30.0,29.5,,,,,,,,,37.71,30.0,7.71,,HIGH,PAPER_ONLY_REAL_MONEY_BLOCKED,SUPPORTED,,PENDING,,,,,,,,,,,,F5,,"[""NOT_YET_ACTIVATED_NO_HISTORICAL_PAPER_SAMPLE""]","{""alternateLine"": false, ""rank"": 120}",CLEAN,[],PAPER,False,5.0,,,"[""NOT_YET_ACTIVATED_NO_HISTORICAL_PAPER_SAMPLE""]"
PAPER:2026-08-23:KXMLBF5SPREAD-26AUG231910ATLMIL-MIL3,2026-08-23,823745,ATL @ MIL,KXMLBF5SPREAD-26AUG231910ATLMIL-MIL3,,winning_margin,,F5,MIL,2.5,,MIL,PAPER_SPREAD_LEDGER,,,exact_ticker,20.0,,,20.0,19.5,,,,,,,,,21.063,20.0,1.063,,PAPER,PAPER_ONLY_REAL_MONEY_BLOCKED,SUPPORTED,,PENDING,,,,,,,,,,,,F5,,"[""NOT_YET_ACTIVATED_NO_HISTORICAL_PAPER_SAMPLE""]","{""alternateLine"": true, ""rank"": 269}",CLEAN,[],PAPER,False,5.0,,,"[""NOT_YET_ACTIVATED_NO_HISTORICAL_PAPER_SAMPLE""]"
PAPER:2026-08-23:KXMLBF7-26AUG231335STLPHI-PHI,2026-08-23,823421,STL @ PHI,KXMLBF7-26AUG231335STLPHI-PHI,,inning_result,,F7,Home,,,Home,PAPER_SPREAD_LEDGER,,,exact_ticker,17.0,,,17.0,16.0,,,,,,,,,46.155,17.0,29.155,,HIGH,PAPER_ONLY_REAL_MONEY_BLOCKED,SUPPORTED,,PENDING,,,,,,,,,,,,F7,,"[""NOT_YET_ACTIVATED_NO_HISTORICAL_PAPER_SAMPLE""]","{""alternateLine"": null, ""rank"": 26}",CLEAN,[],PAPER,False,5.0,,,"[""NOT_YET_ACTIVATED_NO_HISTORICAL_PAPER_SAMPLE""]"
PAPER:2026-08-23:KXMLBF7-26AUG231335STLPHI-STL,2026-08-23,823421,STL @ PHI,KXMLBF7-26AUG231335STLPHI-STL,,inning_result,,F7,Away,,,Away,PAPER_SPREAD_LEDGER,,,exact_ticker,27.0,,,27.0,26.5,,,,,,,,,33.396,27.0,6.396,,HIGH,PAPER_ONLY_REAL_MONEY_BLOCKED,SUPPORTED,,PENDING,,,,,,,,,,,,F7,,"[""NOT_YET_ACTIVATED_NO_HISTORICAL_PAPER_SAMPLE""]","{""alternateLine"": null, ""rank"": 138}",CLEAN,[],PAPER,False,5.0,,,"[""NOT_YET_ACTIVATED_NO_HISTORICAL_PAPER_SAMPLE""]"
PAPER:2026-08-23:KXMLBF7-26AUG231335STLPHI-TIE,2026-08-23,823421,STL @ PHI,KXMLBF7-26AUG231335STLPHI-TIE,,inning_result,,F7,Tie,,,Tie,PAPER_SPREAD_LEDGER,,,exact_ticker,12.0,,,12.0,10.5,,,,,,,,,20.45,12.0,8.45,,HIGH,PAPER_ONLY_REAL_MONEY_BLOCKED,SUPPORTED,,PENDING,,,,,,,,,,,,F7,,"[""NOT_YET_ACTIVATED_NO_HISTORICAL_PAPER_SAMPLE""]","{""alternateLine"": null, ""rank"": 110}",CLEAN,[],PAPER,False,5.0,,,"[""NOT_YET_ACTIVATED_NO_HISTORICAL_PAPER_SAMPLE""]"
PAPER:2026-08-23:KXMLBF7-26AUG231335TBBAL-BAL,2026-08-23,824799,TB @ BAL,KXMLBF7-26AUG231335TBBAL-BAL,,inning_result,,F7,Home,,,Home,PAPER_SPREAD_LEDGER,,,exact_ticker,42.0,,,42.0,34.0,,,,,,,,,47.601,42.0,5.601,,HIGH,PAPER_ONLY_REAL_MONEY_BLOCKED,SUPPORTED,,PENDING,,,,,,,,,,,,F7,,"[""NOT_YET_ACTIVATED_NO_HISTORICAL_PAPER_SAMPLE""]","{""alternateLine"": null, ""rank"": 182}",CLEAN,[],PAPER,False,5.0,,,"[""NOT_YET_ACTIVATED_NO_HISTORICAL_PAPER_SAMPLE""]"
PAPER:2026-08-23:KXMLBF7-26AUG231335TBBAL-TIE,2026-08-23,824799,TB @ BAL,KXMLBF7-26AUG231335TBBAL-TIE,,inning_result,,F7,Tie,,,Tie,PAPER_SPREAD_LEDGER,,,exact_ticker,11.0,,,11.0,10.5,,,,,,,,,19.217,11.0,8.217,,HIGH,PAPER_ONLY_REAL_MONEY_BLOCKED,SUPPORTED,,PENDING,,,,,,,,,,,,F7,,"[""NOT_YET_ACTIVATED_NO_HISTORICAL_PAPER_SAMPLE""]","{""alternateLine"": null, ""rank"": 112}",CLEAN,[],PAPER,False,5.0,,,"[""NOT_YET_ACTIVATED_NO_HISTORICAL_PAPER_SAMPLE""]"
PAPER:2026-08-23:KXMLBF7-26AUG231335TORNYY-TIE,2026-08-23,823507,TOR @ NYY,KXMLBF7-26AUG231335TORNYY-TIE,,inning_result,,F7,Tie,,,Tie,PAPER_SPREAD_LEDGER,,,exact_ticker,12.0,,,12.0,11.5,,,,,,,,,21.244,12.0,9.244,,HIGH,PAPER_ONLY_REAL_MONEY_BLOCKED,SUPPORTED,,PENDING,,,,,,,,,,,,F7,,"[""NOT_YET_ACTIVATED_NO_HISTORICAL_PAPER_SAMPLE""]","{""alternateLine"": null, ""rank"": 102}",CLEAN,[],PAPER,False,5.0,,,"[""NOT_YET_ACTIVATED_NO_HISTORICAL_PAPER_SAMPLE""]"
PAPER:2026-08-23:KXMLBF7-26AUG231335TORNYY-TOR,2026-08-23,823507,TOR @ NYY,KXMLBF7-26AUG231335TORNYY-TOR,,inning_result,,F7,Away,,,Away,PAPER_SPREAD_LEDGER,,,exact_ticker,33.0,,,33.0,25.0,,,,,,,,,39.319,33.0,6.319,,HIGH,PAPER_ONLY_REAL_MONEY_BLOCKED,SUPPORTED,,PENDING,,,,,,,,,,,,F7,,"[""NOT_YET_ACTIVATED_NO_HISTORICAL_PAPER_SAMPLE""]","{""alternateLine"": null, ""rank"": 169}",CLEAN,[],PAPER,False,5.0,,,"[""NOT_YET_ACTIVATED_NO_HISTORICAL_PAPER_SAMPLE""]"
PAPER:2026-08-23:KXMLBF7-26AUG231340WSHMIA-TIE,2026-08-23,823827,WSH @ MIA,KXMLBF7-26AUG231340WSHMIA-TIE,,inning_result,,F7,Tie,,,Tie,PAPER_SPREAD_LEDGER,,,exact_ticker,12.0,,,12.0,11.0,,,,,,,,,19.955,12.0,7.955,,HIGH,PAPER_ONLY_REAL_MONEY_BLOCKED,SUPPORTED,,PENDING,,,,,,,,,,,,F7,,"[""NOT_YET_ACTIVATED_NO_HISTORICAL_PAPER_SAMPLE""]","{""alternateLine"": null, ""rank"": 117}",CLEAN,[],PAPER,False,5.0,,,"[""NOT_YET_ACTIVATED_NO_HISTORICAL_PAPER_SAMPLE""]"
PAPER:2026-08-23:KXMLBF7-26AUG231340WSHMIA-WSH,2026-08-23,823827,WSH @ MIA,KXMLBF7-26AUG231340WSHMIA-WSH,,inning_result,,F7,Away,,,Away,PAPER_SPREAD_LEDGER,,,exact_ticker,37.0,,,37.0,35.5,,,,,,,,,38.901,37.0,1.901,,MEDIUM,PAPER_ONLY_REAL_MONEY_BLOCKED,SUPPORTED,,PENDING,,,,,,,,,,,,F7,,"[""NOT_YET_ACTIVATED_NO_HISTORICAL_PAPER_SAMPLE""]","{""alternateLine"": null, ""rank"": 242}",CLEAN,[],PAPER,False,5.0,,,"[""NOT_YET_ACTIVATED_NO_HISTORICAL_PAPER_SAMPLE""]"
PAPER:2026-08-23:KXMLBF7-26AUG231410DETKC-KC,2026-08-23,824071,DET @ KC,KXMLBF7-26AUG231410DETKC-KC,,inning_result,,F7,Home,,,Home,PAPER_SPREAD_LEDGER,,,exact_ticker,44.0,,,44.0,43.0,,,,,,,,,97.198,44.0,53.198,,HIGH,PAPER_ONLY_REAL_MONEY_BLOCKED,SUPPORTED,,PENDING,,,,,,,,,,,,F7,,"[""NOT_YET_ACTIVATED_NO_HISTORICAL_PAPER_SAMPLE""]","{""alternateLine"": null, ""rank"": 2}",CLEAN,[],PAPER,False,5.0,,,"[""NOT_YET_ACTIVATED_NO_HISTORICAL_PAPER_SAMPLE""]"
PAPER:2026-08-23:KXMLBF7-26AUG231410NYMCWS-CWS,2026-08-23,824558,NYM @ CWS,KXMLBF7-26AUG231410NYMCWS-CWS,,inning_result,,F7,Home,,,Home,PAPER_SPREAD_LEDGER,,,exact_ticker,43.0,,,43.0,42.0,,,,,,,,,89.781,43.0,46.781,,HIGH,PAPER_ONLY_REAL_MONEY_BLOCKED,SUPPORTED,,PENDING,,,,,,,,,,,,F7,,"[""NOT_YET_ACTIVATED_NO_HISTORICAL_PAPER_SAMPLE""]","{""alternateLine"": null, ""rank"": 3}",CLEAN,[],PAPER,False,5.0,,,"[""NOT_YET_ACTIVATED_NO_HISTORICAL_PAPER_SAMPLE""]"
PAPER:2026-08-23:KXMLBF7-26AUG231435LAATEX-LAA,2026-08-23,822856,LAA @ TEX,KXMLBF7-26AUG231435LAATEX-LAA,,inning_result,,F7,Away,,,Away,PAPER_SPREAD_LEDGER,,,exact_ticker,38.0,,,38.0,36.5,,,,,,,,,49.749,38.0,11.749,,HIGH,PAPER_ONLY_REAL_MONEY_BLOCKED,SUPPORTED,,PENDING,,,,,,,,,,,,F7,,"[""NOT_YET_ACTIVATED_NO_HISTORICAL_PAPER_SAMPLE""]","{""alternateLine"": null, ""rank"": 68}",CLEAN,[],PAPER,False,5.0,,,"[""NOT_YET_ACTIVATED_NO_HISTORICAL_PAPER_SAMPLE""]"
PAPER:2026-08-23:KXMLBF7-26AUG231435LAATEX-TIE,2026-08-23,822856,LAA @ TEX,KXMLBF7-26AUG231435LAATEX-TIE,,inning_result,,F7,Tie,,,Tie,PAPER_SPREAD_LEDGER,,,exact_ticker,13.0,,,13.0,11.5,,,,,,,,,20.951,13.0,7.951,,HIGH,PAPER_ONLY_REAL_MONEY_BLOCKED,SUPPORTED,,PENDING,,,,,,,,,,,,F7,,"[""NOT_YET_ACTIVATED_NO_HISTORICAL_PAPER_SAMPLE""]","{""alternateLine"": null, ""rank"": 118}",CLEAN,[],PAPER,False,5.0,,,"[""NOT_YET_ACTIVATED_NO_HISTORICAL_PAPER_SAMPLE""]"
PAPER:2026-08-23:KXMLBF7-26AUG231510CLECOL-COL,2026-08-23,824315,CLE @ COL,KXMLBF7-26AUG231510CLECOL-COL,,inning_result,,F7,Home,,,Home,PAPER_SPREAD_LEDGER,,,exact_ticker,37.0,,,37.0,35.5,,,,,,,,,40.468,37.0,3.468,,HIGH,PAPER_ONLY_REAL_MONEY_BLOCKED,SUPPORTED,,PENDING,,,,,,,,,,,,F7,,"[""NOT_YET_ACTIVATED_NO_HISTORICAL_PAPER_SAMPLE""]","{""alternateLine"": null, ""rank"": 203}",CLEAN,[],PAPER,False,5.0,,,"[""NOT_YET_ACTIVATED_NO_HISTORICAL_PAPER_SAMPLE""]"
PAPER:2026-08-23:KXMLBF7-26AUG231510CLECOL-TIE,2026-08-23,824315,CLE @ COL,KXMLBF7-26AUG231510CLECOL-TIE,,inning_result,,F7,Tie,,,Tie,PAPER_SPREAD_LEDGER,,,exact_ticker,10.0,,,10.0,9.0,,,,,,,,,15.992,10.0,5.992,,HIGH,PAPER_ONLY_REAL_MONEY_BLOCKED,SUPPORTED,,PENDING,,,,,,,,,,,,F7,,"[""NOT_YET_ACTIVATED_NO_HISTORICAL_PAPER_SAMPLE""]","{""alternateLine"": null, ""rank"": 146}",CLEAN,[],PAPER,False,5.0,,,"[""NOT_YET_ACTIVATED_NO_HISTORICAL_PAPER_SAMPLE""]"
PAPER:2026-08-23:KXMLBF7-26AUG231515SFBOS-SF,2026-08-23,824720,SF @ BOS,KXMLBF7-26AUG231515SFBOS-SF,,inning_result,,F7,Away,,,Away,PAPER_SPREAD_LEDGER,,,exact_ticker,31.0,,,31.0,30.0,,,,,,,,,86.279,31.0,55.279,,HIGH,PAPER_ONLY_REAL_MONEY_BLOCKED,SUPPORTED,,PENDING,,,,,,,,,,,,F7,,"[""NOT_YET_ACTIVATED_NO_HISTORICAL_PAPER_SAMPLE""]","{""alternateLine"": null, ""rank"": 1}",CLEAN,[],PAPER,False,5.0,,,"[""NOT_YET_ACTIVATED_NO_HISTORICAL_PAPER_SAMPLE""]"
PAPER:2026-08-23:KXMLBF7-26AUG231515SFBOS-TIE,2026-08-23,824720,SF @ BOS,KXMLBF7-26AUG231515SFBOS-TIE,,inning_result,,F7,Tie,,,Tie,PAPER_SPREAD_LEDGER,,,exact_ticker,12.0,,,12.0,10.5,,,,,,,,,13.507,12.0,1.507,,MEDIUM,PAPER_ONLY_REAL_MONEY_BLOCKED,SUPPORTED,,PENDING,,,,,,,,,,,,F7,,"[""NOT_YET_ACTIVATED_NO_HISTORICAL_PAPER_SAMPLE""]","{""alternateLine"": null, ""rank"": 259}",CLEAN,[],PAPER,False,5.0,,,"[""NOT_YET_ACTIVATED_NO_HISTORICAL_PAPER_SAMPLE""]"
PAPER:2026-08-23:KXMLBF7-26AUG231610CHCSEA-TIE,2026-08-23,823099,CHC @ SEA,KXMLBF7-26AUG231610CHCSEA-TIE,,inning_result,,F7,Tie,,,Tie,PAPER_SPREAD_LEDGER,,,exact_ticker,14.0,,,14.0,12.5,,,,,,,,,18.292,14.0,4.292,,HIGH,PAPER_ONLY_REAL_MONEY_BLOCKED,SUPPORTED,,PENDING,,,,,,,,,,,,F7,,"[""NOT_YET_ACTIVATED_NO_HISTORICAL_PAPER_SAMPLE""]","{""alternateLine"": null, ""rank"": 181}",CLEAN,[],PAPER,False,5.0,,,"[""NOT_YET_ACTIVATED_NO_HISTORICAL_PAPER_SAMPLE""]"
PAPER:2026-08-23:KXMLBF7-26AUG231610MINSD-SD,2026-08-23,823258,MIN @ SD,KXMLBF7-26AUG231610MINSD-SD,,inning_result,,F7,Home,,,Home,PAPER_SPREAD_LEDGER,,,exact_ticker,49.0,,,49.0,48.0,,,,,,,,,51.13,49.0,2.13,,MEDIUM,PAPER_ONLY_REAL_MONEY_BLOCKED,SUPPORTED,,PENDING,,,,,,,,,,,,F7,,"[""NOT_YET_ACTIVATED_NO_HISTORICAL_PAPER_SAMPLE""]","{""alternateLine"": null, ""rank"": 236}",CLEAN,[],PAPER,False,5.0,,,"[""NOT_YET_ACTIVATED_NO_HISTORICAL_PAPER_SAMPLE""]"
PAPER:2026-08-23:KXMLBF7-26AUG231610MINSD-TIE,2026-08-23,823258,MIN @ SD,KXMLBF7-26AUG231610MINSD-TIE,,inning_result,,F7,Tie,,,Tie,PAPER_SPREAD_LEDGER,,,exact_ticker,13.0,,,13.0,11.0,,,,,,,,,18.984,13.0,5.984,,HIGH,PAPER_ONLY_REAL_MONEY_BLOCKED,SUPPORTED,,PENDING,,,,,,,,,,,,F7,,"[""NOT_YET_ACTIVATED_NO_HISTORICAL_PAPER_SAMPLE""]","{""alternateLine"": null, ""rank"": 147}",CLEAN,[],PAPER,False,5.0,,,"[""NOT_YET_ACTIVATED_NO_HISTORICAL_PAPER_SAMPLE""]"
PAPER:2026-08-23:KXMLBF7-26AUG231610PITLAD-PIT,2026-08-23,823909,PIT @ LAD,KXMLBF7-26AUG231610PITLAD-PIT,,inning_result,,F7,Away,,,Away,PAPER_SPREAD_LEDGER,,,exact_ticker,26.0,,,26.0,25.0,,,,,,,,,39.143,26.0,13.143,,HIGH,PAPER_ONLY_REAL_MONEY_BLOCKED,SUPPORTED,,PENDING,,,,,,,,,,,,F7,,"[""NOT_YET_ACTIVATED_NO_HISTORICAL_PAPER_SAMPLE""]","{""alternateLine"": null, ""rank"": 55}",CLEAN,[],PAPER,False,5.0,,,"[""NOT_YET_ACTIVATED_NO_HISTORICAL_PAPER_SAMPLE""]"
PAPER:2026-08-23:KXMLBF7-26AUG231610PITLAD-TIE,2026-08-23,823909,PIT @ LAD,KXMLBF7-26AUG231610PITLAD-TIE,,inning_result,,F7,Tie,,,Tie,PAPER_SPREAD_LEDGER,,,exact_ticker,10.0,,,10.0,9.0,,,,,,,,,23.698,10.0,13.698,,HIGH,PAPER_ONLY_REAL_MONEY_BLOCKED,SUPPORTED,,PENDING,,,,,,,,,,,,F7,,"[""NOT_YET_ACTIVATED_NO_HISTORICAL_PAPER_SAMPLE""]","{""alternateLine"": null, ""rank"": 49}",CLEAN,[],PAPER,False,5.0,,,"[""NOT_YET_ACTIVATED_NO_HISTORICAL_PAPER_SAMPLE""]"
PAPER:2026-08-23:KXMLBF7-26AUG231615CINAZ-TIE,2026-08-23,825043,CIN @ AZ,KXMLBF7-26AUG231615CINAZ-TIE,,inning_result,,F7,Tie,,,Tie,PAPER_SPREAD_LEDGER,,,exact_ticker,12.0,,,12.0,10.5,,,,,,,,,18.056,12.0,6.056,,HIGH,PAPER_ONLY_REAL_MONEY_BLOCKED,SUPPORTED,,PENDING,,,,,,,,,,,,F7,,"[""NOT_YET_ACTIVATED_NO_HISTORICAL_PAPER_SAMPLE""]","{""alternateLine"": null, ""rank"": 145}",CLEAN,[],PAPER,False,5.0,,,"[""NOT_YET_ACTIVATED_NO_HISTORICAL_PAPER_SAMPLE""]"
PAPER:2026-08-23:KXMLBF7-26AUG231910ATLMIL-MIL,2026-08-23,823745,ATL @ MIL,KXMLBF7-26AUG231910ATLMIL-MIL,,inning_result,,F7,Home,,,Home,PAPER_SPREAD_LEDGER,,,exact_ticker,47.0,,,47.0,45.5,,,,,,,,,55.463,47.0,8.463,,HIGH,PAPER_ONLY_REAL_MONEY_BLOCKED,SUPPORTED,,PENDING,,,,,,,,,,,,F7,,"[""NOT_YET_ACTIVATED_NO_HISTORICAL_PAPER_SAMPLE""]","{""alternateLine"": null, ""rank"": 109}",CLEAN,[],PAPER,False,5.0,,,"[""NOT_YET_ACTIVATED_NO_HISTORICAL_PAPER_SAMPLE""]"
PAPER:2026-08-23:KXMLBF7-26AUG231910ATLMIL-TIE,2026-08-23,823745,ATL @ MIL,KXMLBF7-26AUG231910ATLMIL-TIE,,inning_result,,F7,Tie,,,Tie,PAPER_SPREAD_LEDGER,,,exact_ticker,13.0,,,13.0,12.0,,,,,,,,,18.436,13.0,5.436,,HIGH,PAPER_ONLY_REAL_MONEY_BLOCKED,SUPPORTED,,PENDING,,,,,,,,,,,,F7,,"[""NOT_YET_ACTIVATED_NO_HISTORICAL_PAPER_SAMPLE""]","{""alternateLine"": null, ""rank"": 155}",CLEAN,[],PAPER,False,5.0,,,"[""NOT_YET_ACTIVATED_NO_HISTORICAL_PAPER_SAMPLE""]"
PAPER:2026-08-23:KXMLBSPREAD-26AUG231335STLPHI-PHI2,2026-08-23,823421,STL @ PHI,KXMLBSPREAD-26AUG231335STLPHI-PHI2,,winning_margin,,full_game,PHI,1.5,,PHI,PAPER_SPREAD_LEDGER,,,exact_ticker,14.0,,,14.0,13.5,,,,,,,,,38.878,14.0,24.878,,HIGH,PAPER_ONLY_REAL_MONEY_BLOCKED,SUPPORTED,,PENDING,,,,,,,,,,,,full_game,,"[""RULE_81""]","{""alternateLine"": false, ""rank"": 38}",CLEAN,[],PAPER,False,5.0,,,"[""RULE_81""]"
PAPER:2026-08-23:KXMLBSPREAD-26AUG231335STLPHI-PHI3,2026-08-23,823421,STL @ PHI,KXMLBSPREAD-26AUG231335STLPHI-PHI3,,winning_margin,,full_game,PHI,2.5,,PHI,PAPER_SPREAD_LEDGER,,,exact_ticker,8.0,,,8.0,7.5,,,,,,,,,25.904,8.0,17.904,,HIGH,PAPER_ONLY_REAL_MONEY_BLOCKED,SUPPORTED,,PENDING,,,,,,,,,,,,full_game,,"[""RULE_81""]","{""alternateLine"": true, ""rank"": 65}",CLEAN,[],PAPER,False,5.0,,,"[""RULE_81""]"
PAPER:2026-08-23:KXMLBSPREAD-26AUG231335STLPHI-PHI4,2026-08-23,823421,STL @ PHI,KXMLBSPREAD-26AUG231335STLPHI-PHI4,,winning_margin,,full_game,PHI,3.5,,PHI,PAPER_SPREAD_LEDGER,,,exact_ticker,6.0,,,6.0,5.5,,,,,,,,,15.736,6.0,9.736,,HIGH,PAPER_ONLY_REAL_MONEY_BLOCKED,SUPPORTED,,PENDING,,,,,,,,,,,,full_game,,"[""RULE_81""]","{""alternateLine"": true, ""rank"": 134}",CLEAN,[],PAPER,False,5.0,,,"[""RULE_81""]"
PAPER:2026-08-23:KXMLBSPREAD-26AUG231335TBBAL-BAL2,2026-08-23,824799,TB @ BAL,KXMLBSPREAD-26AUG231335TBBAL-BAL2,,winning_margin,,full_game,BAL,1.5,,BAL,PAPER_SPREAD_LEDGER,,,exact_ticker,33.0,,,33.0,32.5,,,,,,,,,35.835,33.0,2.835,,MEDIUM,PAPER_ONLY_REAL_MONEY_BLOCKED,SUPPORTED,,PENDING,,,,,,,,,,,,full_game,,"[""RULE_81""]","{""alternateLine"": false, ""rank"": 218}",CLEAN,[],PAPER,False,5.0,,,"[""RULE_81""]"
PAPER:2026-08-23:KXMLBSPREAD-26AUG231335TBBAL-BAL3,2026-08-23,824799,TB @ BAL,KXMLBSPREAD-26AUG231335TBBAL-BAL3,,winning_margin,,full_game,BAL,2.5,,BAL,PAPER_SPREAD_LEDGER,,,exact_ticker,16.0,,,16.0,15.0,,,,,,,,,23.361,16.0,7.361,,HIGH,PAPER_ONLY_REAL_MONEY_BLOCKED,SUPPORTED,,PENDING,,,,,,,,,,,,full_game,,"[""RULE_81""]","{""alternateLine"": true, ""rank"": 164}",CLEAN,[],PAPER,False,5.0,,,"[""RULE_81""]"
PAPER:2026-08-23:KXMLBSPREAD-26AUG231335TBBAL-BAL4,2026-08-23,824799,TB @ BAL,KXMLBSPREAD-26AUG231335TBBAL-BAL4,,winning_margin,,full_game,BAL,3.5,,BAL,PAPER_SPREAD_LEDGER,,,exact_ticker,10.0,,,10.0,9.0,,,,,,,,,13.863,10.0,3.863,,HIGH,PAPER_ONLY_REAL_MONEY_BLOCKED,SUPPORTED,,PENDING,,,,,,,,,,,,full_game,,"[""RULE_81""]","{""alternateLine"": true, ""rank"": 212}",CLEAN,[],PAPER,False,5.0,,,"[""RULE_81""]"
PAPER:2026-08-23:KXMLBSPREAD-26AUG231340WSHMIA-MIA2,2026-08-23,823827,WSH @ MIA,KXMLBSPREAD-26AUG231340WSHMIA-MIA2,,winning_margin,,full_game,MIA,1.5,,MIA,PAPER_SPREAD_LEDGER,,,exact_ticker,42.0,,,42.0,41.5,,,,,,,,,43.091,42.0,1.091,,PAPER,PAPER_ONLY_REAL_MONEY_BLOCKED,SUPPORTED,,PENDING,,,,,,,,,,,,full_game,,"[""RULE_81""]","{""alternateLine"": false, ""rank"": 268}",CLEAN,[],PAPER,False,5.0,,,"[""RULE_81""]"
PAPER:2026-08-23:KXMLBSPREAD-26AUG231340WSHMIA-MIA3,2026-08-23,823827,WSH @ MIA,KXMLBSPREAD-26AUG231340WSHMIA-MIA3,,winning_margin,,full_game,MIA,2.5,,MIA,PAPER_SPREAD_LEDGER,,,exact_ticker,27.0,,,27.0,26.5,,,,,,,,,30.505,27.0,3.505,,HIGH,PAPER_ONLY_REAL_MONEY_BLOCKED,SUPPORTED,,PENDING,,,,,,,,,,,,full_game,,"[""RULE_81""]","{""alternateLine"": true, ""rank"": 223}",CLEAN,[],PAPER,False,5.0,,,"[""RULE_81""]"
PAPER:2026-08-23:KXMLBSPREAD-26AUG231340WSHMIA-MIA4,2026-08-23,823827,WSH @ MIA,KXMLBSPREAD-26AUG231340WSHMIA-MIA4,,winning_margin,,full_game,MIA,3.5,,MIA,PAPER_SPREAD_LEDGER,,,exact_ticker,17.0,,,17.0,16.5,,,,,,,,,19.974,17.0,2.974,,MEDIUM,PAPER_ONLY_REAL_MONEY_BLOCKED,SUPPORTED,,PENDING,,,,,,,,,,,,full_game,,"[""RULE_81""]","{""alternateLine"": true, ""rank"": 239}",CLEAN,[],PAPER,False,5.0,,,"[""RULE_81""]"
PAPER:2026-08-23:KXMLBSPREAD-26AUG231410ATHHOU-ATH2,2026-08-23,824150,ATH @ HOU,KXMLBSPREAD-26AUG231410ATHHOU-ATH2,,winning_margin,,full_game,ATH,1.5,,ATH,PAPER_SPREAD_LEDGER,,,exact_ticker,28.0,,,28.0,27.5,,,,,,,,,39.566,28.0,11.566,,HIGH,PAPER_ONLY_REAL_MONEY_BLOCKED,SUPPORTED,,PENDING,,,,,,,,,,,,full_game,,"[""RULE_81""]","{""alternateLine"": false, ""rank"": 72}",CLEAN,[],PAPER,False,5.0,,,"[""RULE_81""]"
PAPER:2026-08-23:KXMLBSPREAD-26AUG231410ATHHOU-ATH3,2026-08-23,824150,ATH @ HOU,KXMLBSPREAD-26AUG231410ATHHOU-ATH3,,winning_margin,,full_game,ATH,2.5,,ATH,PAPER_SPREAD_LEDGER,,,exact_ticker,20.0,,,20.0,19.5,,,,,,,,,27.462,20.0,7.462,,HIGH,PAPER_ONLY_REAL_MONEY_BLOCKED,SUPPORTED,,PENDING,,,,,,,,,,,,full_game,,"[""RULE_81""]","{""alternateLine"": true, ""rank"": 123}",CLEAN,[],PAPER,False,5.0,,,"[""RULE_81""]"
PAPER:2026-08-23:KXMLBSPREAD-26AUG231410ATHHOU-ATH4,2026-08-23,824150,ATH @ HOU,KXMLBSPREAD-26AUG231410ATHHOU-ATH4,,winning_margin,,full_game,ATH,3.5,,ATH,PAPER_SPREAD_LEDGER,,,exact_ticker,13.0,,,13.0,12.5,,,,,,,,,17.615,13.0,4.615,,HIGH,PAPER_ONLY_REAL_MONEY_BLOCKED,SUPPORTED,,PENDING,,,,,,,,,,,,full_game,,"[""RULE_81""]","{""alternateLine"": true, ""rank"": 171}",CLEAN,[],PAPER,False,5.0,,,"[""RULE_81""]"
PAPER:2026-08-23:KXMLBSPREAD-26AUG231410DETKC-KC2,2026-08-23,824071,DET @ KC,KXMLBSPREAD-26AUG231410DETKC-KC2,,winning_margin,,full_game,KC,1.5,,KC,PAPER_SPREAD_LEDGER,,,exact_ticker,32.0,,,32.0,31.5,,,,,,,,,37.746,32.0,5.746,,HIGH,PAPER_ONLY_REAL_MONEY_BLOCKED,SUPPORTED,,PENDING,,,,,,,,,,,,full_game,,"[""RULE_81""]","{""alternateLine"": false, ""rank"": 151}",CLEAN,[],PAPER,False,5.0,,,"[""RULE_81""]"
PAPER:2026-08-23:KXMLBSPREAD-26AUG231410DETKC-KC3,2026-08-23,824071,DET @ KC,KXMLBSPREAD-26AUG231410DETKC-KC3,,winning_margin,,full_game,KC,2.5,,KC,PAPER_SPREAD_LEDGER,,,exact_ticker,22.0,,,22.0,21.5,,,,,,,,,25.941,22.0,3.941,,HIGH,PAPER_ONLY_REAL_MONEY_BLOCKED,SUPPORTED,,PENDING,,,,,,,,,,,,full_game,,"[""RULE_81""]","{""alternateLine"": true, ""rank"": 192}",CLEAN,[],PAPER,False,5.0,,,"[""RULE_81""]"
PAPER:2026-08-23:KXMLBSPREAD-26AUG231435LAATEX-LAA2,2026-08-23,822856,LAA @ TEX,KXMLBSPREAD-26AUG231435LAATEX-LAA2,,winning_margin,,full_game,LAA,1.5,,LAA,PAPER_SPREAD_LEDGER,,,exact_ticker,30.0,,,30.0,29.5,,,,,,,,,36.954,30.0,6.954,,HIGH,PAPER_ONLY_REAL_MONEY_BLOCKED,SUPPORTED,,PENDING,,,,,,,,,,,,full_game,,"[""RULE_81""]","{""alternateLine"": false, ""rank"": 131}",CLEAN,[],PAPER,False,5.0,,,"[""RULE_81""]"
PAPER:2026-08-23:KXMLBSPREAD-26AUG231435LAATEX-LAA3,2026-08-23,822856,LAA @ TEX,KXMLBSPREAD-26AUG231435LAATEX-LAA3,,winning_margin,,full_game,LAA,2.5,,LAA,PAPER_SPREAD_LEDGER,,,exact_ticker,20.0,,,20.0,19.5,,,,,,,,,23.991,20.0,3.991,,HIGH,PAPER_ONLY_REAL_MONEY_BLOCKED,SUPPORTED,,PENDING,,,,,,,,,,,,full_game,,"[""RULE_81""]","{""alternateLine"": true, ""rank"": 187}",CLEAN,[],PAPER,False,5.0,,,"[""RULE_81""]"
PAPER:2026-08-23:KXMLBSPREAD-26AUG231515SFBOS-BOS2,2026-08-23,824720,SF @ BOS,KXMLBSPREAD-26AUG231515SFBOS-BOS2,,winning_margin,,full_game,BOS,1.5,,BOS,PAPER_SPREAD_LEDGER,,,exact_ticker,49.0,,,49.0,48.5,,,,,,,,,50.021,49.0,1.021,,PAPER,PAPER_ONLY_REAL_MONEY_BLOCKED,SUPPORTED,,PENDING,,,,,,,,,,,,full_game,,"[""RULE_81""]","{""alternateLine"": false, ""rank"": 270}",CLEAN,[],PAPER,False,5.0,,,"[""RULE_81""]"
PAPER:2026-08-23:KXMLBSPREAD-26AUG231610CHCSEA-SEA2,2026-08-23,823099,CHC @ SEA,KXMLBSPREAD-26AUG231610CHCSEA-SEA2,,winning_margin,,full_game,SEA,1.5,,SEA,PAPER_SPREAD_LEDGER,,,exact_ticker,31.0,,,31.0,30.5,,,,,,,,,33.278,31.0,2.278,,MEDIUM,PAPER_ONLY_REAL_MONEY_BLOCKED,SUPPORTED,,PENDING,,,,,,,,,,,,full_game,,"[""RULE_81""]","{""alternateLine"": false, ""rank"": 233}",CLEAN,[],PAPER,False,5.0,,,"[""RULE_81""]"
PAPER:2026-08-23:KXMLBSPREAD-26AUG231610CHCSEA-SEA3,2026-08-23,823099,CHC @ SEA,KXMLBSPREAD-26AUG231610CHCSEA-SEA3,,winning_margin,,full_game,SEA,2.5,,SEA,PAPER_SPREAD_LEDGER,,,exact_ticker,20.0,,,20.0,19.5,,,,,,,,,21.743,20.0,1.743,,MEDIUM,PAPER_ONLY_REAL_MONEY_BLOCKED,SUPPORTED,,PENDING,,,,,,,,,,,,full_game,,"[""RULE_81""]","{""alternateLine"": true, ""rank"": 247}",CLEAN,[],PAPER,False,5.0,,,"[""RULE_81""]"
PAPER:2026-08-23:KXMLBSPREAD-26AUG231910ATLMIL-MIL2,2026-08-23,823745,ATL @ MIL,KXMLBSPREAD-26AUG231910ATLMIL-MIL2,,winning_margin,,full_game,MIL,1.5,,MIL,PAPER_SPREAD_LEDGER,,,exact_ticker,35.0,,,35.0,34.5,,,,,,,,,50.3,35.0,15.3,,HIGH,PAPER_ONLY_REAL_MONEY_BLOCKED,SUPPORTED,,PENDING,,,,,,,,,,,,full_game,,"[""RULE_81""]","{""alternateLine"": false, ""rank"": 40}",CLEAN,[],PAPER,False,5.0,,,"[""RULE_81""]"
PAPER:2026-08-23:KXMLBSPREAD-26AUG231910ATLMIL-MIL3,2026-08-23,823745,ATL @ MIL,KXMLBSPREAD-26AUG231910ATLMIL-MIL3,,winning_margin,,full_game,MIL,2.5,,MIL,PAPER_SPREAD_LEDGER,,,exact_ticker,26.0,,,26.0,25.5,,,,,,,,,36.047,26.0,10.047,,HIGH,PAPER_ONLY_REAL_MONEY_BLOCKED,SUPPORTED,,PENDING,,,,,,,,,,,,full_game,,"[""RULE_81""]","{""alternateLine"": true, ""rank"": 90}",CLEAN,[],PAPER,False,5.0,,,"[""RULE_81""]"
PAPER:2026-08-23:KXMLBSPREAD-26AUG231910ATLMIL-MIL4,2026-08-23,823745,ATL @ MIL,KXMLBSPREAD-26AUG231910ATLMIL-MIL4,,winning_margin,,full_game,MIL,3.5,,MIL,PAPER_SPREAD_LEDGER,,,exact_ticker,18.0,,,18.0,17.5,,,,,,,,,23.678,18.0,5.678,,HIGH,PAPER_ONLY_REAL_MONEY_BLOCKED,SUPPORTED,,PENDING,,,,,,,,,,,,full_game,,"[""RULE_81""]","{""alternateLine"": true, ""rank"": 153}",CLEAN,[],PAPER,False,5.0,,,"[""RULE_81""]"
